ID,Description,setSize,enrichmentScore,NES,pvalue,p.adjust,qvalue,rank,leading_edge,leading_edge_symbols,leading_edge_entrez,cluster,geneset,annotation
HALLMARK_INTERFERON_ALPHA_RESPONSE,HALLMARK_INTERFERON_ALPHA_RESPONSE,83,-0.660626267769928,-2.79403494866581,1e-10,1.66666666666667e-09,1.15789473684211e-09,2321,"tags=63%, list=21%, signal=50%",SLC25A28/CXCL10/CMTR1/SP110/CASP1/IL15/OAS1/DDX60/TXNIP/HLA-C/NUB1/TMEM140/PNPT1/HERC6/IFIT3/IFIH1/NMI/IL4R/IRF2/B2M/TRIM5/UBA7/HELZ2/GBP2/ADAR/ISG15/RNF31/C1S/TRAFD1/PARP14/CNP/LGALS3BP/CCRL2/RTP4/IFI30/IRF7/PARP12/LAP3/EIF2AK2/PARP9/SAMD9L/PSMB8/UBE2L6/MX1/IFITM1/PSME2/GBP4/IFI35/TAP1/IRF9/PSMB9/EPSTI1,81894/3627/23070/3431/834/3600/4938/55601/10628/3107/51667/55281/87178/55008/3437/64135/9111/3566/3660/567/85363/7318/85441/2634/103/9636/55072/716/10906/54625/1267/3959/9034/64108/10437/3665/64761/51056/5610/83666/219285/5696/9246/4599/8519/5721/115361/3430/6890/10379/5698/94240,B cells,HALLMARK,Monaco_main
HALLMARK_INTERFERON_GAMMA_RESPONSE,HALLMARK_INTERFERON_GAMMA_RESPONSE,167,-0.529881688452417,-2.4901515607893,1e-10,1.66666666666667e-09,1.15789473684211e-09,2268,"tags=49%, list=20%, signal=39%",CXCL10/ICAM1/PTPN1/CMTR1/SOCS1/TNFSF10/NLRC5/ST3GAL5/SP110/MVP/CASP1/PELI1/STAT4/CASP4/BANK1/IL15/MX2/DDX60/TXNIP/ZBP1/PSMB2/PSMA2/IL15RA/SPPL2A/PNPT1/NCOA3/HIF1A/HERC6/ZNFX1/PIM1/IFIT3/IFIH1/OAS2/NMI/IL4R/GZMA/IRF2/B2M/HELZ2/PFKP/ADAR/ISG15/RNF31/C1S/SAMHD1/TRAFD1/KLRK1/PARP14/TAPBP/PML/LGALS3BP/GPR18/RTP4/PDE4B/HLA-G/IFI30/XAF1/IRF7/PARP12/LAP3/EIF2AK2/HLA-B/STAT3/SAMD9L/RNF213/PSMB8/PSMB10/UBE2L6/HLA-A/MX1/APOL6/SOCS3/IL10RA/PSME2/GBP4/IFI35/TAP1/IRF9/PSMB9/EPSTI1/STAT1,3627/3383/5770/23070/8651/8743/84166/8869/3431/9961/834/57162/6775/837/55024/3600/4600/55601/10628/81030/5690/5683/3601/84888/87178/8202/3091/55008/57169/5292/3437/64135/4939/9111/3566/3001/3660/567/85441/5214/103/9636/55072/716/25939/10906/22914/54625/6892/5371/3959/2841/64108/5142/3135/10437/54739/3665/64761/51056/5610/3106/6774/219285/57674/5696/5699/9246/3105/4599/80830/9021/3587/5721/115361/3430/6890/10379/5698/94240/6772,B cells,HALLMARK,Monaco_main
HALLMARK_E2F_TARGETS,HALLMARK_E2F_TARGETS,157,-0.494495576258593,-2.29895731153486,1e-10,1.66666666666667e-09,1.15789473684211e-09,2135,"tags=39%, list=19%, signal=32%",CBX5/DUT/CTPS1/PMS2/EXOSC8/TMPO/POLE4/LMNB1/CNOT9/MCM3/ORC2/RAN/TIMELESS/RFC3/HMGB2/CCP110/RAD51C/TUBB/PRIM2/MCM2/SMC4/DONSON/BRCA2/PDS5B/CCNE1/RFC2/PCNA/RPA1/MMS22L/TIPIN/RANBP1/NME1/RAD51AP1/BRCA1/PPP1R8/TACC3/HELLS/CENPM/HMGA1/STMN1/BARD1/DDX39A/RFC1/CHEK2/KPNA2/NCAPD2/EZH2/MAD2L1/PRKDC/HMMR/LIG1/JPT1/CENPE/DNMT1/MKI67/AURKA/PTTG1/MYBL2/CDC25B/HMGB3/MXD3/TCF19,23468/1854/1503/5395/11340/7112/56655/4001/9125/4172/4999/5901/8914/5983/3148/9738/5889/203068/5558/4171/10051/29980/675/23047/898/5982/5111/6117/253714/54962/5902/4830/10635/672/5511/10460/3070/79019/3159/3925/580/10212/5981/11200/3838/9918/2146/4085/5591/3161/3978/51155/1062/1786/4288/6790/9232/4605/994/3149/83463/6941,B cells,HALLMARK,Monaco_main
HALLMARK_G2M_CHECKPOINT,HALLMARK_G2M_CHECKPOINT,155,-0.451472503430271,-2.08988268901024,4.89459766576546e-09,6.11824708220682e-08,4.25057165711211e-08,2045,"tags=36%, list=18%, signal=30%",TMPO/TFDP1/LMNB1/MCM3/EWSR1/RPS6KA5/KIF20B/CHAF1A/PRC1/SMC2/INCENP/HIF1A/PRIM2/E2F3/SLC12A2/BCL3/E2F4/TENT4A/DTYMK/MCM2/SMC4/CDC7/BRCA2/GINS2/FANCC/PDS5B/DR1/SS18/BUB1/MTF2/NUSAP1/TACC3/CDC6/CENPF/HMGA1/STMN1/BARD1/DDX39A/PML/KPNA2/DMD/EZH2/MAD2L1/HMMR/KNL1/JPT1/POLQ/CENPE/MKI67/HIRA/AURKA/STIL/PTTG1/MYBL2/CDC25B/HMGB3,7112/7027/4001/4172/2130/9252/9585/10036/9055/10592/3619/3091/5558/1871/6558/602/1874/11044/1841/4171/10051/8317/675/51659/2176/23047/1810/6760/699/22823/51203/10460/990/1063/3159/3925/580/10212/5371/3838/1756/2146/4085/3161/57082/51155/10721/1062/4288/7290/6790/6491/9232/4605/994/3149,B cells,HALLMARK,Monaco_main
HALLMARK_TNFA_SIGNALING_VIA_NFKB,HALLMARK_TNFA_SIGNALING_VIA_NFKB,158,0.396519852117766,1.85253231035133,6.03619818601738e-06,6.03619818601738e-05,4.19356926607524e-05,1884,"tags=35%, list=17%, signal=30%",EGR3/IL23A/NR4A1/KLF6/KLF10/CEBPB/NR4A3/GADD45B/PLK2/KLF9/EIF1/NAMPT/DNAJB4/KLF2/CCL4/CCNL1/CSF1/EGR1/NR4A2/PHLDA1/DUSP1/ZC3H12A/MYC/FOS/CDKN1A/SLC16A6/ATF3/MCL1/TNIP1/MARCKS/NFIL3/PNRC1/PPP1R15A/VEGFA/NFKBIA/G0S2/GEM/TNF/NFE2L2/NFKB1/TNIP2/ZFP36/DUSP2/BTG2/TRIP10/PER1/FOSB/IER5/CCL5/PHLDA2/YRDC/CLCF1/NFKBIE/EFNA1/LITAF/MAP2K3,1960/51561/3164/1316/7071/1051/8013/4616/10769/687/10209/10135/11080/10365/6351/57018/1435/1958/4929/22822/1843/80149/4609/2353/1026/9120/467/4170/10318/4082/4783/10957/23645/7422/4792/50486/2669/7124/4780/4790/79155/7538/1844/7832/9322/5187/2354/51278/6352/7262/79693/23529/4794/1942/9516/5606,B cells,HALLMARK,Monaco_main
HALLMARK_UNFOLDED_PROTEIN_RESPONSE,HALLMARK_UNFOLDED_PROTEIN_RESPONSE,105,0.404347690527093,1.76771468000557,0.00017169616361323,0.00143080136344358,0.000994030420918698,3390,"tags=50%, list=30%, signal=35%",EIF4EBP1/CEBPB/CHAC1/RPS14/DNAJA4/CEBPG/PSAT1/BAG3/MTHFD2/SHC1/TSPYL2/RRP9/ATF3/ASNS/EEF2/EIF4A2/ATF4/ERO1A/HSPA9/LSM4/VEGFA/NFYB/HERPUD1/HSPA5/EIF4A1/XPOT/EXOSC1/HSP90B1/EDEM1/SERP1/NFYA/CXXC1/PDIA6/SPCS3/SPCS1/SEC11A/EXOSC5/TUBB2A/DNAJC3/PDIA5/SEC31A/KHSRP/PREB/SRPRB/EXOSC10/CALR/NABP1/CKS1B/NOP56/DDIT4/NPM1/SRPRA,1978/1051/79094/6208/55466/1054/29968/9531/10797/6464/64061/9136/467/440/1938/1974/468/30001/3313/25804/7422/4801/9709/3309/1973/11260/51013/7184/9695/27230/4800/30827/10130/60559/28972/23478/56915/7280/5611/10954/22872/8570/10113/58477/5394/811/64859/1163/10528/54541/4869/6734,B cells,HALLMARK,Monaco_main
HALLMARK_ALLOGRAFT_REJECTION,HALLMARK_ALLOGRAFT_REJECTION,146,-0.343008675327334,-1.58212347639819,0.00197569506915618,0.0141121076368298,0.00980420109506072,1482,"tags=36%, list=13%, signal=32%",UBE2N/MAP4K1/PTPRC/CAPG/IL6/LYN/FGR/PRKCB/GALNT1/ICAM1/CCR1/SOCS1/EIF5A/CSK/STAT4/IL15/EIF4G3/HIF1A/CD3D/MRPL3/AKT1/BCL3/CCND2/GCNT1/CXCL13/IL4R/SPI1/LCK/GZMA/B2M/NME1/CD7/IFNG/BRCA1/GBP2/LTB/FYB1/CD247/ITK/TAPBP/KLRD1/CD3E/HLA-G/CXCR3/IRF7/TAP2/PSMB10/HLA-A/CD3G/TAP1/CD8A/IL12RB1/STAT1,7334/11184/5788/822/3569/4067/2268/5579/2589/3383/1230/8651/1984/1445/6775/3600/8672/3091/915/11222/207/602/894/2650/10563/3566/6688/3932/3001/567/4830/924/3458/672/2634/4050/2533/919/3702/6892/3824/916/3135/2833/3665/6891/5699/3105/917/6890/925/3594/6772,B cells,HALLMARK,Monaco_main
HALLMARK_P53_PATHWAY,HALLMARK_P53_PATHWAY,158,0.321538643544632,1.50222169964913,0.00261527951330212,0.0163454969581383,0.0113558189393382,1857,"tags=28%, list=17%, signal=24%",TRIB3/DDIT3/PERP/ACVR1B/SP1/PLK2/PMM1/CDKN2AIP/SERTAD3/RPS12/HEXIM1/SLC35D1/RPL18/HINT1/VDR/ISCU/TOB1/CTSF/FOS/TSPYL2/CDKN1A/ATF3/RACK1/SLC3A2/FUCA1/BAIAP2/PPP1R15A/F2R/CCNG1/RPL36/MAPKAPK3/CGRRF1/SLC7A11/S100A10/RETSAT/CCND3/BTG2/NOL8/FAM162A/FOXO3/IER5/ABHD4/EPHX1/UPP1/ZFP36L1,57761/1649/64065/91/6667/10769/5372/55602/29946/6206/10614/23169/6141/3094/7421/23479/10140/8722/2353/64061/1026/467/10399/6520/2517/10458/23645/2149/900/25873/7867/10668/23657/6281/54884/896/7832/55035/26355/2309/51278/63874/2052/7378/677,B cells,HALLMARK,Monaco_main
HALLMARK_HYPOXIA,HALLMARK_HYPOXIA,133,0.317551104339146,1.43683644524119,0.0071303200772753,0.0357817669389457,0.0248589117681096,1204,"tags=20%, list=11%, signal=18%",DDIT3/NOCT/MXI1/KLF6/TES/TGFB3/CASP6/B3GALT6/SLC37A4/RRAGD/DUSP1/FOS/CDKN1A/ATF3/NFIL3/PRKCA/PNRC1/BCL2/ERO1A/PPP1R15A/VEGFA/ANKZF1/SLC2A1/CDKN1C/ANXA2/HSPA5/RORA,1649/25819/4601/1316/26136/7043/839/126792/2542/58528/1843/2353/1026/467/4783/5578/10957/596/30001/23645/7422/55139/6513/1028/302/3309/6095,B cells,HALLMARK,Monaco_main
HALLMARK_OXIDATIVE_PHOSPHORYLATION,HALLMARK_OXIDATIVE_PHOSPHORYLATION,198,-0.286825914169014,-1.38216296106312,0.00715635338778914,0.0357817669389457,0.0248589117681096,2541,"tags=32%, list=23%, signal=25%",TOMM70/SDHC/HADHB/VDAC1/IDH3B/OGDH/LDHA/TIMM50/ATP5PF/IMMT/SLC25A20/UQCRC2/IDH3G/ETFB/NDUFB3/RHOT2/ATP5F1E/ECH1/UQCRFS1/COX15/ACADM/SLC25A11/NDUFA9/ATP5MF/MRPS15/NDUFS4/NDUFS8/ECHS1/NDUFS1/ABCB7/DLAT/COX7B/NDUFS6/LDHB/ACADSB/NDUFB1/SUCLG1/COX7A2/HCCS/NDUFS7/ATP6V1D/SDHB/NDUFB2/NDUFC1/HSD17B10/MRPL15/MTRF1/BAX/PRDX3/ATP6V1E1/ATP6V1C1/ATP6V1F/TIMM8B/IDH3A/TCIRG1/MRPL35/NDUFV2/SLC25A12/IDH2/AIFM1/GOT2/CS/SUCLA2,9868/6391/3032/7416/3420/4967/3939/92609/522/10989/788/7385/3421/2109/4709/89941/514/1891/7386/1355/34/8402/4704/9551/64960/4724/4728/1892/4719/22/1737/1349/4726/3945/36/4707/8802/1347/3052/374291/51382/6390/4708/4717/3028/29088/9617/581/10935/529/528/9296/26521/3419/10312/51318/4729/8604/3418/9131/2806/1431/8803,B cells,HALLMARK,Monaco_main
HALLMARK_CHOLESTEROL_HOMEOSTASIS,HALLMARK_CHOLESTEROL_HOMEOSTASIS,61,0.36474923727517,1.4260291223337,0.0152074550325833,0.0691247956026513,0.0480235422081578,1323,"tags=21%, list=12%, signal=19%",TRIB3/ATF5/LSS/SCD/CHKA/HSD17B7/ATF3/NFIL3/PNRC1/HMGCS1/CYP51A1/MVD/MVK,57761/22809/4047/6319/1119/51478/467/4783/10957/3157/1595/4597/4598,B cells,HALLMARK,Monaco_main
HALLMARK_IL6_JAK_STAT3_SIGNALING,HALLMARK_IL6_JAK_STAT3_SIGNALING,58,-0.388188889685692,-1.52816360945097,0.0170085063099723,0.0708687762915512,0.0492351498446566,2618,"tags=38%, list=23%, signal=29%",GRB2/PTPN11/IL6/CXCL10/CCR1/PTPN1/CBL/SOCS1/IL18R1/IL13RA1/HMOX1/IL15RA/MAP3K8/PIM1/CXCL13/IL4R/LTB/STAT3/SOCS3/IRF9/IL12RB1/STAT1,2885/5781/3569/3627/1230/5770/867/8651/8809/3597/3162/3601/1326/5292/10563/3566/4050/6774/9021/10379/3594/6772,B cells,HALLMARK,Monaco_main
HALLMARK_KRAS_SIGNALING_DN,HALLMARK_KRAS_SIGNALING_DN,56,-0.384615425090318,-1.51654563229932,0.0203864976882169,0.0784096064931418,0.0544740424057616,1184,"tags=25%, list=11%, signal=22%",CAMK1D/PTPRJ/MSH5/ASB7/IFNG/TCL1A/MAST3/DCC/BARD1/SPHK2/CDKAL1/DTNB/MX1/SIDT1,57118/5795/4439/140460/3458/8115/23031/1630/580/56848/54901/1838/4599/54847,B cells,HALLMARK,Monaco_main
HALLMARK_DNA_REPAIR,HALLMARK_DNA_REPAIR,135,-0.300138700450969,-1.37367382624609,0.0239816767651773,0.0799389225505911,0.0555365146140949,2416,"tags=29%, list=22%, signal=23%",MPC2/RFC5/POLR2A/DCTN4/RRM2B/HPRT1/DUT/MRPL40/POLE4/RFC3/ERCC5/REV3L/AK3/NELFB/USP11/NT5C3A/ERCC8/ITPA/RAD52/RFC2/TAF9/PCNA/AGO4/ADRM1/NME1/ALYREF/VPS37B/RBX1/POM121/TSG101/PDE4B/POLA1/SNAPC5/LIG1/TAF1C/ERCC2/FEN1/POLB/ZNF707,25874/5985/5430/51164/50484/3251/1854/64976/56655/5983/2073/5980/50808/25920/8237/51251/1161/3704/5893/5982/6880/5111/192670/11047/4830/10189/79720/9978/9883/7251/5142/5422/10302/3978/9013/2068/2237/5423/286075,B cells,HALLMARK,Monaco_main
HALLMARK_MTORC1_SIGNALING,HALLMARK_MTORC1_SIGNALING,184,0.281443872712283,1.34378864283744,0.0228333378201088,0.0799389225505911,0.0555365146140949,2600,"tags=34%, list=23%, signal=27%",TRIB3/DDIT3/CTH/GLA/TES/NAMPT/HSPE1/SCD/NFKBIB/ELOVL6/SLC37A4/PSAT1/IDH1/HSPD1/MTHFD2/PNP/CDKN1A/PHGDH/RRP9/ASNS/SLC1A5/IFRD1/NFIL3/FGL2/ERO1A/HMGCS1/HSPA9/ACSL3/PPP1R15A/CCNG1/SLC2A1/CYP51A1/HSPA5/LTA4H/UFM1/INSIG1/SLC7A11/HSP90B1/ETF1/BTG2/ATP2A2/EDEM1/SERP1/FADS1/GSR/BCAT1/MAP2K3/UNG/ME1/PPIA/SHMT2/GTF2H1/EIF2S2/SQSTM1/SQLE/P4HA1/SEC11A/ALDOA/UBE2D3/CANX/RIT1/UCHL5/PITPNB,57761/1649/1491/2717/26136/10135/3336/6319/4793/79071/2542/29968/3417/3329/10797/4860/1026/26227/9136/440/6510/3475/4783/10875/30001/3157/3313/2181/23645/900/6513/1595/3309/4048/51569/3638/23657/7184/2107/7832/488/9695/27230/3992/2936/586/5606/7374/4199/5478/6472/2965/8894/8878/6713/5033/23478/226/7323/821/6016/51377/23760,B cells,HALLMARK,Monaco_main
HALLMARK_EPITHELIAL_MESENCHYMAL_TRANSITION,HALLMARK_EPITHELIAL_MESENCHYMAL_TRANSITION,64,0.362589449478431,1.44008818191934,0.0349707721600528,0.102855212235449,0.0714573053425227,3325,"tags=50%, list=30%, signal=35%",FERMT2/VIM/PFN2/GADD45B/FUCA1/VEGFA/SNTB1/SPARC/LGALS1/PLOD3/GLIPR1/GEM/MEST/ENO2/EMP3/FLNA/TPM4/CD44/NT5E/P3H1/CADM1/PPIB/COL5A2/COLGALT1/PLOD1/DST/RHOB/JUN/SGCB/GADD45A/MYL9/LRP1,10979/7431/5217/4616/2517/7422/6641/6678/3956/8985/11010/2669/4232/2026/2014/2316/7171/960/4907/64175/23705/5479/1290/79709/5351/667/388/3725/6443/1647/10398/4035,B cells,HALLMARK,Monaco_main
HALLMARK_IL2_STAT5_SIGNALING,HALLMARK_IL2_STAT5_SIGNALING,141,-0.284032035928328,-1.30622030828573,0.0331648904562262,0.102855212235449,0.0714573053425227,2450,"tags=34%, list=22%, signal=27%",MYO1E/BCL2L1/CDC42SE2/ANXA4/ETFBKMT/PHTF2/RNH1/CXCL10/SOCS1/TNFSF10/DENND5A/ADAM19/IL18R1/ABCB1/CD79B/NOP2/ICOS/CD81/PRNP/NCOA3/MAP3K8/PIM1/TRAF1/CTSZ/HOPX/CCND2/HK2/CCNE1/EEF1AKMT1/ALCAM/IL4R/MAPKAPK2/LRIG1/SLC29A2/LTB/GALM/CDC6/SPRED2/ITGAV/BMPR2/SNX14/IKZF2/RHOH/TTC39B/IL10RA/GBP4/BATF/PRKCH,4643/598/56990/307/254013/57157/6050/3627/8651/8743/23258/8728/8809/5243/974/4839/29851/975/5621/8202/1326/5292/7185/1522/84525/894/3099/898/221143/214/3566/9261/26018/3177/4050/130589/990/200734/3685/659/57231/22807/399/158219/3587/115361/10538/5583,B cells,HALLMARK,Monaco_main
HALLMARK_MYC_TARGETS_V1,HALLMARK_MYC_TARGETS_V1,191,0.26476475748464,1.27206317117124,0.0501153375890282,0.139209271080634,0.096713809382335,1471,"tags=21%, list=13%, signal=19%",HSP90AB1/GLO1/RPL34/IMPDH2/HSPE1/RPL6/EIF3B/RPS6/EEF1B2/TCP1/CUL1/HSPD1/RPL18/RPS3/RPL14/RPS5/MYC/RPLP0/RRP9/RPS2/PABPC4/IFRD1/RACK1/TRA2B/CCT4/CNBP/MRPS18B/RPS10/RPL22/HNRNPA1/EIF4A1/XPOT/ABCE1/G3BP1/RSL1D1/SRSF3/NCBP2/FBL/SRSF2/SERBP1/ETF1,3326/2739/6164/3615/3336/6128/8662/6194/1933/6950/8454/3329/6141/6188/9045/6193/4609/6175/9136/6187/8761/3475/10399/6434/10575/7555/28973/6204/6146/3178/1973/11260/6059/10146/26156/6428/22916/2091/6427/26135/2107,B cells,HALLMARK,Monaco_main
HALLMARK_MITOTIC_SPINDLE,HALLMARK_MITOTIC_SPINDLE,162,-0.270905860770392,-1.26334949952718,0.0669546436285097,0.176196430601341,0.122410151786195,2523,"tags=28%, list=22%, signal=22%",APC/ROCK1/ARHGEF12/NIN/MYO1E/WASF1/RHOT2/BCL2L11/NCK2/LMNB1/CLASP1/ARHGEF7/CCDC88A/KIF20B/ACTN4/CD2AP/ARFIP2/PRC1/BCR/INCENP/PPP4R2/CEP250/CEP57/RAPGEF5/SMC4/BRCA2/SSH2/MYO9B/BUB1/MID1/ARHGEF3/FGD6/ARHGAP27/NUSAP1/CKAP5/PALLD/CENPF/GSN/RFC1/DOCK2/ECT2/NET1/CENPE/NEDD9/AURKA/TUBA4A,324/6093/23365/51199/4643/8936/89941/10018/8440/4001/23332/8874/55704/9585/81/23607/23647/9055/613/3619/151987/11190/9702/9771/10051/675/85464/4650/699/4281/50650/55785/201176/51203/9793/23022/1063/2934/5981/1794/1894/10276/1062/4739/6790/7277,B cells,HALLMARK,Monaco_main
HALLMARK_ESTROGEN_RESPONSE_EARLY,HALLMARK_ESTROGEN_RESPONSE_EARLY,120,0.28205908038253,1.26051748165635,0.0776515151515152,0.194128787878788,0.134868421052632,2899,"tags=32%, list=26%, signal=24%",EGR3/KLF10/GLA/TBC1D30/IGF1R/GAB2/ADCY9/ABCA3/TOB1/PAPSS2/MYC/FOS/SH3BP5/SYBU/BCL2/RRP12/SLC2A1/PPIF/CISH/NXT1/KRT18/PMAIP1/SEC14L2/BLVRB/DEPTOR/CD44/RARA/SNX24/FRK/KRT19/RHOBTB3/NCOR2/IL6ST/CANT1/PEX11A/TFF3/AQP3/OPN3/FCMR,1960/7071/2717/23329/3480/9846/115/21/10140/9060/4609/2353/9467/55638/596/23223/6513/10105/1154/29107/3875/5366/23541/645/64798/960/5914/28966/2444/3880/22836/9612/3572/124583/8800/7033/360/23596/9214,B cells,HALLMARK,Monaco_main
HALLMARK_PROTEIN_SECRETION,HALLMARK_PROTEIN_SECRETION,92,0.302904799568987,1.29185555569668,0.0833333333333333,0.198412698412698,0.137844611528822,3930,"tags=49%, list=35%, signal=32%",SSPN/GLA/SOD1/VAMP3/GOLGA4/GALC/ATP1A1/KRT18/ARCN1/VAMP4/ARF1/BNIP3/COPB1/TSPAN8/GNAS/BET1/RAB5A/TMED2/TMED10/CD63/ADAM10/VPS4B/ARFGAP3/SEC31A/SEC22B/DST/YIPF6/RAB14/VAMP7/USO1/ICA1/IGF2R/TPD52/KIF1B/SNAP23/SEC24D/TOM1L1/CLN5/SCAMP1/LMAN1/COPB2/ERGIC3/VPS45/ARFGEF1/NAPG,8082/2717/6647/9341/2803/2581/476/3875/372/8674/375/664/1315/7103/2778/10282/5868/10959/10972/967/102/9525/26286/22872/9554/667/286451/51552/6845/8615/3382/3482/7163/23095/8773/9871/10040/1203/9522/3998/9276/51614/11311/10565/8774,B cells,HALLMARK,Monaco_main
HALLMARK_SPERMATOGENESIS,HALLMARK_SPERMATOGENESIS,56,-0.335511288960456,-1.32292712841824,0.100858369098712,0.229223566133437,0.159250056471651,2314,"tags=30%, list=21%, signal=24%",CLPB/GSTM3/PHKG2/RPL39L/PRKAR2A/AGFG1/SLC12A2/CFTR/NF2/BUB1/MTOR/DCC/PIAS2/EZH2/SLC2A5/AURKA/MAST2,81570/2947/5261/116832/5576/3267/6558/1080/4771/699/2475/1630/9063/2146/6518/6790/23139,B cells,HALLMARK,Monaco_main
HALLMARK_WNT_BETA_CATENIN_SIGNALING,HALLMARK_WNT_BETA_CATENIN_SIGNALING,27,0.376804401434698,1.24930005880849,0.161710037174721,0.336895910780669,0.234054001173939,796,"tags=22%, list=7%, signal=21%",FRAT1/CUL1/MYC/DVL2/SKP2/TCF7,10023/8454/4609/1856/6502/6932,B cells,HALLMARK,Monaco_main
HALLMARK_TGF_BETA_SIGNALING,HALLMARK_TGF_BETA_SIGNALING,46,-0.320886304674739,-1.21559792529618,0.15938864628821,0.336895910780669,0.234054001173939,1312,"tags=35%, list=12%, signal=31%",SKIL/ACVR1/APC/CDK9/RHOA/PPP1CA/ID2/FKBP1A/TGIF1/SLC20A1/RAB31/BCAR3/TRIM33/BMPR2/WWTR1/XIAP,6498/90/324/1025/387/5499/3398/2280/7050/6574/11031/8412/51592/659/25937/331,B cells,HALLMARK,Monaco_main
HALLMARK_KRAS_SIGNALING_UP,HALLMARK_KRAS_SIGNALING_UP,97,-0.272988394037385,-1.1772260318804,0.175324675324675,0.350649350649351,0.243609022556391,2902,"tags=37%, list=26%, signal=28%",WDR33/MAP3K1/KLF4/EPHB2/IL7R/ITGB2/PECAM1/MAP4K1/NIN/CXCL10/BIRC3/CBL/GLRX/AVL9/MMD/JUP/DNMBP/ABCB1/ATG10/CLEC4A/TMEM176A/ID2/TMEM176B/LAT2/TRAF1/CCND2/IKZF1/USP12/ADAM17/TSPAN13/DOCK2/GADD45G/TRIB2/PSMB8/IL10RA/ST6GAL1,55339/4214/9314/2048/3575/3689/5175/11184/51199/3627/330/867/2745/23080/23531/3728/23268/5243/83734/50856/55365/3398/28959/7462/7185/894/10320/219333/6868/27075/1794/10912/28951/5696/3587/6480,B cells,HALLMARK,Monaco_main
HALLMARK_ESTROGEN_RESPONSE_LATE,HALLMARK_ESTROGEN_RESPONSE_LATE,114,0.254415858620073,1.12974339266381,0.211320754716981,0.406386066763425,0.282331372698801,1808,"tags=24%, list=16%, signal=20%",EGR3/PERP/ASS1/GLA/MDK/ABCA3/GALE/TOB1/PAPSS2/FOS/PDCD4/BCL2/HOMER2/PPIF/CISH/ATP2B4/NXT1/MOCS2/LLGL2/MEST/ZFP36/CKB/DUSP2/JAK1/BLVRB/CACNA2D2/MAPK13,1960/64065/445/2717/4192/21/2582/10140/9060/2353/27250/596/9455/10105/1154/493/29107/4338/3993/4232/7538/1152/1844/3716/645/9254/5603,B cells,HALLMARK,Monaco_main
HALLMARK_INFLAMMATORY_RESPONSE,HALLMARK_INFLAMMATORY_RESPONSE,102,-0.257854530798063,-1.1224329345422,0.222943722943723,0.41285874619208,0.286828181565024,1031,"tags=18%, list=9%, signal=16%",NMI/IL4R/PSEN1/ADRM1/LCK/PTPRE/LTA/TAPBP/RNF144B/CCRL2/RTP4/PDE4B/IRF7/RASGRP1/EIF2AK2/IFITM1/IL10RA/PTGER4,9111/3566/5663/11047/3932/5791/4049/6892/255488/9034/64108/5142/3665/10125/5610/8519/3587/5734,B cells,HALLMARK,Monaco_main
HALLMARK_XENOBIOTIC_METABOLISM,HALLMARK_XENOBIOTIC_METABOLISM,124,0.242985974681807,1.09018742255181,0.261450381679389,0.466875681570338,0.324355736669919,2392,"tags=28%, list=21%, signal=22%",TKFC/PMM1/ASL/CASP6/IDH1/SLC35D1/PAPSS2/SLC1A5/NPC1/NFS1/ARG2/DHRS7/DHPS/LONP1/DDT/RETSAT/SSR3/PINK1/SERTAD1/ATP2A2/BLVRB/GSR/BPHL/EPHX1/BCAT1/UPP1/PTGES3/GSTO1/AHCY/PDK4/SHMT2/SPINT2/DDAH2/POR/IGF1,26007/5372/435/839/3417/23169/9060/6510/4864/9054/384/51635/1725/9361/1652/54884/6747/65018/29950/488/645/2936/670/2052/586/7378/10728/9446/191/5166/6472/10653/23564/5447/3479,B cells,HALLMARK,Monaco_main
HALLMARK_COAGULATION,HALLMARK_COAGULATION,54,0.291244852788164,1.11144900613491,0.291044776119403,0.501801338136902,0.348619877021426,1349,"tags=20%, list=12%, signal=18%",SH2B2/ADAM9/MMP11/ISCU/CAPN2/C2/SIRT2/SPARC/LTA4H/DUSP6/ANG,10603/8754/4320/23479/824/717/22933/6678/4048/1848/283,B cells,HALLMARK,Monaco_main
HALLMARK_BILE_ACID_METABOLISM,HALLMARK_BILE_ACID_METABOLISM,63,0.27265515248511,1.07961264890237,0.32,0.533333333333333,0.370526315789474,2782,"tags=37%, list=25%, signal=28%",SOD1/BMP6/IDH1/ABCA3/NPC1/ATXN1/CYP46A1/PHYH/EPHX2/RETSAT/PEX16/GCLM/ACSL1/FADS1/ISOC1/HSD17B11/OPTN/PEX13/ALDH9A1/PEX11A/ACSL5/MLYCD/SLC27A5,6647/654/3417/21/4864/6310/10858/5264/2053/54884/9409/2730/2180/3992/51015/51170/10133/5194/223/8800/51703/23417/10998,B cells,HALLMARK,Monaco_main
HALLMARK_UV_RESPONSE_UP,HALLMARK_UV_RESPONSE_UP,118,0.236665469697002,1.0527953535018,0.33648393194707,0.542716019269468,0.377044813387209,1848,"tags=24%, list=16%, signal=20%",NR4A1/DNAJA1/DNAJB1/NXF1/CYB5R1/GRPEL1/CEBPG/PTPRD/FOS/CHKA/ATF3/ASNS/AGO2/NFKBIA/CDKN1C/PPIF/PLCL1/SLC25A4/GGH/WIZ/CCND3/BTG2/FOSB/EIF2S3/CDC34/ENO2/POLR2H/EPHX1,3164/3301/3337/10482/51706/80273/1054/5789/2353/1119/467/440/27161/4792/1028/10105/5334/291/8836/58525/896/7832/2354/1968/997/2026/5437/2052,B cells,HALLMARK,Monaco_main
HALLMARK_HEME_METABOLISM,HALLMARK_HEME_METABOLISM,146,0.223854260425489,1.02978402621966,0.36346516007533,0.567914312617702,0.394550996134404,2200,"tags=24%, list=20%, signal=20%",MXI1/CAST/NFE2L1/ICAM4/RBM5/ALDH6A1/KLF3/PPOX/SLC30A1/ASNS/SLC2A1/SLC6A9/ARL2BP/ISCA1/VEZF1/NUDT4/SLC7A11/XK/CLIC2/CCND3/BTG2/GCLM/EZH1/FOXO3/BLVRB/YPEL5/HTRA2/NNT/MAP2K3/BPGM/TENT5C/OPTN/CCDC28A/SLC30A10/HTATIP2,4601/831/4779/3386/10181/4329/51274/5498/7779/440/6513/6536/23568/81689/7716/11163/23657/7504/1193/896/7832/2730/2145/2309/645/51646/27429/23530/5606/669/54855/10133/25901/55532/10553,B cells,HALLMARK,Monaco_main
HALLMARK_ANDROGEN_RESPONSE,HALLMARK_ANDROGEN_RESPONSE,85,0.24467817127831,1.03080366130773,0.391634980988593,0.593386334831202,0.412247348409045,2518,"tags=28%, list=22%, signal=22%",HPGD/SCD/GPD1L/HOMER2/HMGCS1/ACSL3/RRP12/GNAI3/SLC38A2/INSIG1/MYL12A/CCND3/MAK/FADS1/GSR/MAP7/CDC14B/SGK1/UBE2J1/KRT19/SPCS3/NDRG1/MERTK/RAB4A,3248/6319/23171/9455/3157/2181/23223/2773/54407/3638/10627/896/4117/3992/2936/9053/8555/6446/51465/3880/60559/10397/10461/5867,B cells,HALLMARK,Monaco_main
HALLMARK_COMPLEMENT,HALLMARK_COMPLEMENT,136,-0.217593870211234,-0.995378468079515,0.449893390191898,0.661607926752791,0.459643401744044,2723,"tags=33%, list=24%, signal=25%",JAK2/KLK1/PLSCR1/SERPINA1/CTSB/USP8/CR1/GRB2/C1QA/RBSN/IL6/LYN/FYN/CTSD/ERAP2/SIRT6/CASP1/CBLB/CASP4/CASP9/C1QC/EHD1/GCA/LIPA/CALM3/USP15/PIM1/GNB2/RHOG/PSEN1/GNG2/LCK/GZMA/GNGT2/IRF2/RNF4/C1S/L3MBTL4/CR2/APOBEC3F/IRF7/RASGRP1/LAP3/XPNPEP1/PSMB9,3717/3816/5359/5265/1508/9101/1378/2885/712/64145/3569/4067/2534/1509/64167/51548/834/868/837/842/714/10938/25801/3988/808/9958/5292/2783/391/5663/54331/3932/3001/2793/3660/6047/716/91133/1380/200316/3665/10125/51056/7511/5698,B cells,HALLMARK,Monaco_main
HALLMARK_FATTY_ACID_METABOLISM,HALLMARK_FATTY_ACID_METABOLISM,128,0.216286883579811,0.978707073012963,0.5,0.714285714285714,0.496240601503759,2253,"tags=23%, list=20%, signal=18%",HSPH1/PTPRG/PCBD1/HPGD/HMGCL/IDH1/HSD17B7/GLUL/TP53INP2/HMGCS1/CPT1A/D2HGDH/HSP90AA1/G0S2/LGALS1/S100A10/RETSAT/ACSL1/BPHL/ENO2/EPHX1/CPT2/ODC1/HSD17B11/ME1/REEP6/CRAT/FABP2/SERINC1,10808/5793/5092/3248/3155/3417/51478/2752/58476/3157/1374/728294/3320/50486/3956/6281/54884/2180/670/2026/2052/1376/4953/51170/4199/92840/1384/2169/57515,B cells,HALLMARK,Monaco_main
HALLMARK_REACTIVE_OXYGEN_SPECIES_PATHWAY,HALLMARK_REACTIVE_OXYGEN_SPECIES_PATHWAY,45,-0.255096343654875,-0.961006626650798,0.515086206896552,0.715397509578544,0.497013006654568,1666,"tags=22%, list=15%, signal=19%",TXNRD1/PRNP/NQO1/OXSR1/IPCEF1/GCLC/LAMTOR5/PFKP/G6PD/ERCC2,7296/5621/1728/9943/26034/2729/10542/5214/2539/2068,B cells,HALLMARK,Monaco_main
HALLMARK_ANGIOGENESIS,HALLMARK_ANGIOGENESIS,10,-0.369431020982625,-0.946542436153221,0.536637931034483,0.724106840978249,0.503063700048047,1329,"tags=40%, list=12%, signal=35%",APP/PTK2/CCND2/ITGAV,351/5747/894/3685,B cells,HALLMARK,Monaco_main
HALLMARK_NOTCH_SIGNALING,HALLMARK_NOTCH_SIGNALING,21,-0.295925242005539,-0.933923643294206,0.550321199143469,0.724106840978249,0.503063700048047,1218,"tags=19%, list=11%, signal=17%",TCF7L2/RBX1/DTX1/NOTCH1,6934/9978/1840/4851,B cells,HALLMARK,Monaco_main
HALLMARK_APOPTOSIS,HALLMARK_APOPTOSIS,121,0.20889753935006,0.933084059834349,0.632887189292543,0.789705349282792,0.548637400554361,2102,"tags=24%, list=19%, signal=20%",EGR3/DDIT3/CTH/DNAJA1/GADD45B/CASP6/SOD1/CDKN1A/ATF3/MCL1/PDCD4/F2R/HSPB1/TNF/RETSAT/KRT18/ETF1/PMAIP1/BMF/BTG2/LGALS3/DPYD/GSR/ENO2/TIMP2/GPX4/PSEN2/CD44/RARA,1960/1649/1491/3301/4616/839/6647/1026/467/4170/27250/2149/3315/7124/54884/3875/2107/5366/90427/7832/3958/1806/2936/2026/7077/2879/5664/960/5914,B cells,HALLMARK,Monaco_main
HALLMARK_ADIPOGENESIS,HALLMARK_ADIPOGENESIS,160,-0.198019990874673,-0.924778165258428,0.64755838641189,0.789705349282792,0.548637400554361,2669,"tags=28%, list=24%, signal=22%",SQOR/NDUFS3/NDUFA5/RREB1/ARAF/SDHC/GHITM/IMMT/GBE1/IDH3G/VEGFB/DHRS7B/ETFB/ECH1/ELMOD3/SCP2/SLC5A6/ACADM/PFKFB3/BCL2L13/DBT/ECHS1/DLAT/COX7B/PEX14/SUCLG1/PPM1B/SDHB/MRPL15/SLC25A1/UCP2/NMT1/SCARB1/PRDX3/IDH3A/DNAJC15/DGAT1/AIFM1/TANK/PFKL/MTCH2/CS/BCL6/UCK1/CHUK,58472/4722/4698/6239/369/6391/27069/10989/2632/3421/7423/25979/2109/1891/84173/6342/8884/34/5209/23786/1629/1892/1737/1349/5195/8802/5495/6390/29088/6576/7351/4836/949/10935/3419/29103/8694/9131/10010/5211/23788/1431/604/83549/1147,B cells,HALLMARK,Monaco_main
HALLMARK_PI3K_AKT_MTOR_SIGNALING,HALLMARK_PI3K_AKT_MTOR_SIGNALING,89,0.216633707389986,0.92379067268619,0.622920517560074,0.789705349282792,0.548637400554361,1447,"tags=16%, list=13%, signal=14%",TRIB3/DDIT3/THEM4/NFKBIB/PLA2G12A/DUSP3/TRAF2/CDKN1A/NCK1/SLC2A1/RIPK1/ECSIT/PAK4/HSP90B1,57761/1649/117145/4793/81579/1845/7186/1026/4690/6513/8737/51295/10298/7184,B cells,HALLMARK,Monaco_main
HALLMARK_GLYCOLYSIS,HALLMARK_GLYCOLYSIS,140,0.201024665639761,0.916300771153192,0.683206106870229,0.794425705663057,0.551916806039598,2832,"tags=31%, list=25%, signal=23%",CTH/MXI1/CASP6/CLN6/SOD1/B3GALT6/SLC37A4/RRAGD/IDH1/GALE/PKP2/ERO1A/GNPDA1/VEGFA/ANKZF1/XYLT2/HSPA5/ANG/B3GAT3/MPI/FAM162A/SLC16A3/ENO2/KIF2A/B4GALT2/PAXIP1/ME1/CD44/NT5E/PPIA/GALK2/ALDH7A1/P4HA1/MERTK/ALDOA/NOL3/ECD/PPP2CB/ALDH9A1/SLC35A3/TFF3/PYGB/LCT,1491/4601/839/54982/6647/126792/2542/58528/3417/2582/5318/30001/10007/7422/55139/64132/3309/283/26229/4351/26355/9123/2026/3796/8704/22976/4199/960/4907/5478/2585/501/5033/10461/226/8996/11319/5516/223/23443/7033/5834/3938,B cells,HALLMARK,Monaco_main
HALLMARK_HEDGEHOG_SIGNALING,HALLMARK_HEDGEHOG_SIGNALING,16,-0.296148404473671,-0.860783632228998,0.678492239467849,0.794425705663057,0.551916806039598,578,"tags=44%, list=5%, signal=42%",NF1/DPYSL2/CDK5R1/CELSR1/MYH9/NRCAM/PML,4763/1808/8851/9620/4627/4897/5371,B cells,HALLMARK,Monaco_main
HALLMARK_MYOGENESIS,HALLMARK_MYOGENESIS,78,0.210101489882338,0.877632522090724,0.711956521739131,0.809041501976285,0.562070938215103,2627,"tags=32%, list=23%, signal=25%",SSPN/GADD45B/SCD/ADCY9/CDKN1A/SIRT2/IFRD1/EIF4A2/SPARC/CKB/MYOM1/NCAM1/ACSL1/FHL1/DAPK2/SYNGR2/SORBS3/SORBS1/PSEN2/CRAT/CHRNB1/IGF1/RIT1/MYO1C/PICK1,8082/4616/6319/115/1026/22933/3475/1974/6678/1152/8736/4684/2180/2273/23604/9144/10174/10580/5664/1384/1140/3479/6016/4641/9463,B cells,HALLMARK,Monaco_main
HALLMARK_UV_RESPONSE_DN,HALLMARK_UV_RESPONSE_DN,94,0.19867965816451,0.848868186739241,0.784090909090909,0.871212121212121,0.605263157894737,1531,"tags=18%, list=14%, signal=16%",IGF1R/PHF3/MTA1/DUSP1/MYC/RASA2/PRKCA/ATXN1/ID1/SLC7A1/ANXA2/ATP2B4/NR1D2/IRS1/INSIG1/NFKB1/MAP2K5,3480/23469/9112/1843/4609/5922/5578/6310/3397/6541/302/493/9975/3667/3638/4790/5607,B cells,HALLMARK,Monaco_main
HALLMARK_APICAL_JUNCTION,HALLMARK_APICAL_JUNCTION,112,0.191566202717824,0.848006142340435,0.807116104868914,0.873143315937375,0.60660483001965,2455,"tags=26%, list=22%, signal=20%",THBS3/MDK/LDLRAP1/ADAM9/ICAM4/CD99/CRB3/SHC1/BAIAP2/MVD/NRTN/CD276/IRS1/INSIG1/CTNNA1/ADAM15/EPB41L2/MAPK13/CLDN14/SORBS3/CD274/TSPAN4/CRAT/VCL/TIAL1/TMEM8B/NECTIN3/NECTIN1/DLG1,7059/4192/26119/8754/3386/4267/92359/6464/10458/4597/4902/80381/3667/3638/1495/8751/2037/5603/23562/10174/29126/7106/1384/7414/7073/51754/25945/5818/1739,B cells,HALLMARK,Monaco_main
HALLMARK_APICAL_SURFACE,HALLMARK_APICAL_SURFACE,23,0.242864847191599,0.761438342471374,0.820754716981132,0.873143315937375,0.60660483001965,2626,"tags=30%, list=23%, signal=23%",MAL/HSPB1/FLOT2/NTNG1/TMEM8B/IL2RG/ADAM10,4118/3315/2319/22854/51754/3561/102,B cells,HALLMARK,Monaco_main
HALLMARK_PEROXISOME,HALLMARK_PEROXISOME,81,-0.189841572991023,-0.798875554187997,0.876086956521739,0.912590579710145,0.634010297482838,2927,"tags=33%, list=26%, signal=25%",MSH2/PEX5/ABCC5/ESR2/CLN8/PEX2/HSD17B4/ECI2/CTPS1/ECH1/MVP/SCP2/PRDX5/ABCB1/SIAH1/SLC25A19/SLC25A17/CTBP1/PEX11B/PEX14/SLC23A2/ACSL4/PEX6/ITGB1BP1/IDH2/ACOT8/SLC35B2,4436/5830/10057/2100/2055/5828/3295/10455/1503/1891/9961/6342/25824/5243/6477/60386/10478/1487/8799/5195/9962/2182/5190/9270/3418/10005/347734,B cells,HALLMARK,Monaco_main
HALLMARK_PANCREAS_BETA_CELLS,HALLMARK_PANCREAS_BETA_CELLS,11,0.256325448807364,0.654130913016088,0.914018691588785,0.93267213427427,0.647961693285283,3602,"tags=55%, list=32%, signal=37%",VDR/SPCS1/SEC11A/SRPRB/SRP9/AKT3,7421/28972/23478/58477/6726/10000,B cells,HALLMARK,Monaco_main
HALLMARK_MYC_TARGETS_V2,HALLMARK_MYC_TARGETS_V2,51,-0.187925763787758,-0.723686758658706,0.938325991189427,0.938325991189427,0.651889635984234,2309,"tags=24%, list=21%, signal=19%",NOC4L/PRMT3/LAS1L/CBX3/NOP2/RABEPK/HK2/SORD/PES1/SLC29A2/FARSA/AIMP2,79050/10196/81887/11335/4839/10244/3099/6652/23481/3177/2193/7965,B cells,HALLMARK,Monaco_main
HALLMARK_IL6_JAK_STAT3_SIGNALING,HALLMARK_IL6_JAK_STAT3_SIGNALING,14,-0.587663887437847,-1.71805269703938,0.0102754625758554,0.281194259475377,0.251594863741127,24,"tags=21%, list=1%, signal=21%",IRF1/STAT1/ITGA4,3659/6772/3676,Basophils,HALLMARK,Monaco_main
HALLMARK_CHOLESTEROL_HOMEOSTASIS,HALLMARK_CHOLESTEROL_HOMEOSTASIS,18,0.545328976450091,1.62993113828106,0.0207416467472042,0.281194259475377,0.251594863741127,168,"tags=33%, list=10%, signal=30%",S100A11/CYP51A1/PNRC1/CD9/ANXA5/LGALS3,6282/1595/10957/928/308/3958,Basophils,HALLMARK,Monaco_main
HALLMARK_EPITHELIAL_MESENCHYMAL_TRANSITION,HALLMARK_EPITHELIAL_MESENCHYMAL_TRANSITION,22,0.487784632406608,1.56148722360313,0.0351492824344222,0.281194259475377,0.251594863741127,272,"tags=50%, list=16%, signal=42%",GADD45B/TIMP1/EMP3/CADM1/PMP22/TIMP3/CD59/SAT1/CAPG/VIM/BASP1,4616/7076/2014/23705/5376/7078/966/6303/822/7431/10409,Basophils,HALLMARK,Monaco_main
HALLMARK_HEME_METABOLISM,HALLMARK_HEME_METABOLISM,23,-0.465331714287524,-1.53866917236444,0.0263910508327068,0.281194259475377,0.251594863741127,218,"tags=35%, list=13%, signal=31%",TOP1/CLCN3/SDCBP/PICALM/ELL2/FBXO34/BNIP3L/NEK7,7150/1182/6386/8301/22936/55030/665/140609,Basophils,HALLMARK,Monaco_main
HALLMARK_MYC_TARGETS_V1,HALLMARK_MYC_TARGETS_V1,66,0.351689480531644,1.41181858028335,0.0331646924092871,0.281194259475377,0.251594863741127,430,"tags=36%, list=26%, signal=28%",PRPS2/PTGES3/ERH/CCT4/RPL14/EIF3D/SNRPD2/RPL34/EIF1AX/RPS3/RPL22/RPL18/RAD23B/EEF1B2/CBX3/RPL6/CNBP/SSB/TRA2B/EIF4G2/PSMA2/SRSF7/EIF2S2/SERBP1,5634/10728/2079/10575/9045/8664/6633/6164/1964/6188/6146/6141/5887/1933/11335/6128/7555/6741/6434/1982/5683/6432/8894/26135,Basophils,HALLMARK,Monaco_main
HALLMARK_IL2_STAT5_SIGNALING,HALLMARK_IL2_STAT5_SIGNALING,38,-0.376252534069835,-1.43588434296299,0.0430070449111969,0.286713632741312,0.25653325034749,264,"tags=29%, list=16%, signal=25%",AHR/HIPK2/HUWE1/KLF6/RHOH/SLC2A3/RABGAP1L/CDC42SE2/BCL2/PHTF2/NCOA3,196/28996/10075/1316/399/6515/9910/56990/596/57157/8202,Basophils,HALLMARK,Monaco_main
HALLMARK_PROTEIN_SECRETION,HALLMARK_PROTEIN_SECRETION,21,-0.449913134814464,-1.44971270821625,0.0641330166270784,0.326185442464512,0.291850132731406,313,"tags=57%, list=19%, signal=47%",M6PR/SOD1/AP3B1/RAB14/TMED10/GOLGA4/MON2/CLCN3/CLTC/SEC31A/ARFGEF1/CLTA,4074/6647/8546/51552/10972/2803/23041/1182/1213/22872/10565/1211,Basophils,HALLMARK,Monaco_main
HALLMARK_INTERFERON_GAMMA_RESPONSE,HALLMARK_INTERFERON_GAMMA_RESPONSE,31,-0.397103882593973,-1.42554592637122,0.0855745721271394,0.326185442464512,0.291850132731406,391,"tags=42%, list=24%, signal=33%",LCP2/MT2A/ST8SIA4/BTG1/RIPK1/B2M/HLA-B/HLA-A/CD69/IRF1/PSMB9/NCOA3/STAT1,3937/4502/7903/694/8737/567/3106/3105/969/3659/5698/8202/6772,Basophils,HALLMARK,Monaco_main
HALLMARK_KRAS_SIGNALING_UP,HALLMARK_KRAS_SIGNALING_UP,19,-0.439930747627611,-1.38926160644979,0.0818181818181818,0.326185442464512,0.291850132731406,219,"tags=37%, list=13%, signal=32%",MAP3K1/PTBP2/LAT2/RABGAP1L/NIN/ST6GAL1/AKAP12,4214/58155/7462/9910/51199/6480/9590,Basophils,HALLMARK,Monaco_main
HALLMARK_OXIDATIVE_PHOSPHORYLATION,HALLMARK_OXIDATIVE_PHOSPHORYLATION,33,0.386250026435343,1.3691384223499,0.0897009966777409,0.326185442464512,0.291850132731406,486,"tags=58%, list=29%, signal=42%",HSPA9/UQCR11/COX17/UQCRB/COX4I1/MAOB/ATP6V1F/UQCRQ/NDUFB8/COX7C/ATP6V0E1/ATP5PF/GPX4/ATP5MC3/HADHA/COX6A1/ATP5MG/ATP5MC2/COX6B1,3313/10975/10063/7381/1327/4129/9296/27089/4714/1350/8992/522/2879/518/3030/1337/10632/517/1340,Basophils,HALLMARK,Monaco_main
HALLMARK_P53_PATHWAY,HALLMARK_P53_PATHWAY,37,0.379267225811002,1.36340672423212,0.0848896434634975,0.326185442464512,0.291850132731406,395,"tags=38%, list=24%, signal=30%",HEXIM1/FOXO3/KIF13B/VAMP8/VWA5A/RPL18/SAT1/RPL36/ZBTB16/TSPYL2/PRMT2/DDIT4/S100A10/TXNIP,10614/2309/23303/8673/4013/6141/6303/25873/7704/64061/3275/54541/6281/10628,Basophils,HALLMARK,Monaco_main
HALLMARK_XENOBIOTIC_METABOLISM,HALLMARK_XENOBIOTIC_METABOLISM,14,-0.419389294983307,-1.22609696589825,0.204347826086957,0.548970679975047,0.491184292609252,360,"tags=57%, list=22%, signal=45%",MT2A/ATP2A2/DDAH2/ELOVL5/PDLIM5/MAN1A1/SLC35D1/ALAS1,4502/488/23564/60481/10611/4121/23169/211,Basophils,HALLMARK,Monaco_main
HALLMARK_MTORC1_SIGNALING,HALLMARK_MTORC1_SIGNALING,46,0.323997372035544,1.22402696222479,0.172240802675585,0.548970679975047,0.491184292609252,164,"tags=20%, list=10%, signal=18%",GBE1/CYP51A1/HSPA9/ACTR2/SYTL2/PRDX1/P4HA1/CD9/ENO1,2632/1595/3313/10097/54843/5052/5033/928/2023,Basophils,HALLMARK,Monaco_main
HALLMARK_UV_RESPONSE_DN,HALLMARK_UV_RESPONSE_DN,37,-0.324364053367929,-1.22045015452404,0.188861985472155,0.548970679975047,0.491184292609252,250,"tags=30%, list=15%, signal=26%",SCAF8/INSIG1/ATRX/RUNX1/ABCC1/PDLIM5/PRDM2/PRKCE/TGFBR2/FYN/NEK7,22828/3638/546/861/4363/10611/7799/5581/7048/2534/140609,Basophils,HALLMARK,Monaco_main
HALLMARK_COAGULATION,HALLMARK_COAGULATION,10,0.475063446250724,1.19737599836356,0.253649635036496,0.548970679975047,0.491184292609252,296,"tags=50%, list=18%, signal=41%",TIMP1/CD9/PLAT/TIMP3/CLU,7076/928/5327/7078/1191,Basophils,HALLMARK,Monaco_main
HALLMARK_E2F_TARGETS,HALLMARK_E2F_TARGETS,21,0.371213855019293,1.17702574493296,0.261617900172117,0.548970679975047,0.491184292609252,56,"tags=14%, list=3%, signal=14%",TUBB/RAD21/STMN1,203068/5885/3925,Basophils,HALLMARK,Monaco_main
HALLMARK_GLYCOLYSIS,HALLMARK_GLYCOLYSIS,21,0.36615220172302,1.16097651573237,0.275387263339071,0.548970679975047,0.491184292609252,164,"tags=19%, list=10%, signal=17%",STMN1/IRS2/P4HA1/ENO1,3925/8660/5033/2023,Basophils,HALLMARK,Monaco_main
HALLMARK_PEROXISOME,HALLMARK_PEROXISOME,17,0.38839588124969,1.14725532946797,0.2875226039783,0.548970679975047,0.491184292609252,337,"tags=35%, list=20%, signal=28%",SCP2/LONP2/PRDX1/CADM1/CNBP/TSPO,6342/83752/5052/23705/7555/706,Basophils,HALLMARK,Monaco_main
HALLMARK_APICAL_JUNCTION,HALLMARK_APICAL_JUNCTION,25,0.344975869285102,1.14121038285682,0.262068965517241,0.548970679975047,0.491184292609252,45,"tags=12%, list=3%, signal=12%",ITGA9/CALB2/PTK2,3680/794/5747,Basophils,HALLMARK,Monaco_main
HALLMARK_MITOTIC_SPINDLE,HALLMARK_MITOTIC_SPINDLE,41,-0.291450799599241,-1.13812251565657,0.26044226044226,0.548970679975047,0.491184292609252,480,"tags=41%, list=29%, signal=30%",SMC3/YWHAE/FLNB/CDC42/MYO9B/ARHGEF3/PCM1/CLASP1/SEPTIN9/TLK1/NEDD9/PDLIM5/ARFGEF1/RASA1/SSH2/ABI1/NIN,9126/7531/2317/998/4650/50650/5108/23332/10801/9874/4739/10611/10565/5921/85464/10006/51199,Basophils,HALLMARK,Monaco_main
HALLMARK_INTERFERON_ALPHA_RESPONSE,HALLMARK_INTERFERON_ALPHA_RESPONSE,13,-0.403900813972199,-1.13757143899871,0.2882096069869,0.548970679975047,0.491184292609252,221,"tags=31%, list=13%, signal=27%",B2M/HLA-C/IRF1/PSMB9,567/3107/3659/5698,Basophils,HALLMARK,Monaco_main
HALLMARK_REACTIVE_OXYGEN_SPECIES_PATHWAY,HALLMARK_REACTIVE_OXYGEN_SPECIES_PATHWAY,10,0.438903136549729,1.10623556802509,0.33029197080292,0.58254491336239,0.521224396166349,356,"tags=40%, list=21%, signal=32%",PRDX1/MBP/MSRA/GPX4,5052/4155/4482/2879,Basophils,HALLMARK,Monaco_main
HALLMARK_ALLOGRAFT_REJECTION,HALLMARK_ALLOGRAFT_REJECTION,31,-0.297582802447867,-1.06827953687232,0.334963325183374,0.58254491336239,0.521224396166349,234,"tags=23%, list=14%, signal=20%",HLA-E/B2M/SRGN/KRT1/HLA-A/ABI1/STAT1,3133/567/5552/3848/3105/10006/6772,Basophils,HALLMARK,Monaco_main
HALLMARK_HYPOXIA,HALLMARK_HYPOXIA,41,0.291081011151053,1.06919241508275,0.351260504201681,0.585434173669468,0.523809523809524,164,"tags=20%, list=10%, signal=18%",TPST2/GBE1/IRS2/FOXO3/PNRC1/P4HA1/PRKCA/ENO1,8459/2632/8660/2309/10957/5033/5578/2023,Basophils,HALLMARK,Monaco_main
HALLMARK_UV_RESPONSE_UP,HALLMARK_UV_RESPONSE_UP,25,-0.308800090333996,-1.04785286056016,0.383886255924171,0.590594239883339,0.528426425158778,157,"tags=20%, list=9%, signal=18%",EIF5/HNRNPU/ALAS1/IRF1/HLA-F,1983/3192/211/3659/3134,Basophils,HALLMARK,Monaco_main
HALLMARK_FATTY_ACID_METABOLISM,HALLMARK_FATTY_ACID_METABOLISM,23,-0.314143036724107,-1.03874761053073,0.378504672897196,0.590594239883339,0.528426425158778,333,"tags=30%, list=20%, signal=25%",GLUL/HSD17B4/XIST/ACSL4/ELOVL5/ADIPOR2/DECR1,2752/3295/7503/2182/60481/79602/1666,Basophils,HALLMARK,Monaco_main
HALLMARK_APOPTOSIS,HALLMARK_APOPTOSIS,36,-0.272368574429242,-1.01285013580936,0.43980343980344,0.651560651560652,0.582975319817425,213,"tags=22%, list=13%, signal=20%",NEDD9/DPYD/CD69/MCL1/BNIP3L/PPP3R1/IRF1/CYLD,4739/1806/969/4170/665/5534/3659/1540,Basophils,HALLMARK,Monaco_main
HALLMARK_COMPLEMENT,HALLMARK_COMPLEMENT,33,0.272985709951642,0.967650999785304,0.503322259136213,0.694237598808569,0.62115995682872,334,"tags=33%, list=20%, signal=27%",CALM3/TIMP1/CALM1/ANXA5/PLAT/LGALS3/DOCK10/CD59/CLU/FCER1G/GNAI3,808/7076/801/308/5327/3958/55619/966/1191/2207/2773,Basophils,HALLMARK,Monaco_main
HALLMARK_ANDROGEN_RESPONSE,HALLMARK_ANDROGEN_RESPONSE,30,-0.270468296746136,-0.956462116621754,0.486146095717884,0.694237598808569,0.62115995682872,243,"tags=27%, list=15%, signal=23%",INSIG1/B2M/ELOVL5/PDLIM5/SLC26A2/XRCC5/ELL2/AKAP12,3638/567/60481/10611/1836/7520/22936/9590,Basophils,HALLMARK,Monaco_main
HALLMARK_ADIPOGENESIS,HALLMARK_ADIPOGENESIS,24,0.287721024166394,0.942102563941735,0.542808219178082,0.723744292237443,0.647560682528238,439,"tags=38%, list=26%, signal=28%",SCP2/GBE1/UQCR11/RTN3/UQCRQ/GPX4/UBC/TALDO1/COX6A1,6342/2632/10975/10313/27089/2879/7316/6888/1337,Basophils,HALLMARK,Monaco_main
HALLMARK_TNFA_SIGNALING_VIA_NFKB,HALLMARK_TNFA_SIGNALING_VIA_NFKB,46,-0.236466405934736,-0.941676261238676,0.586633663366337,0.756946662408176,0.67726806636521,385,"tags=35%, list=23%, signal=27%",SQSTM1/DUSP1/LITAF/FOS/BTG1/ZFP36/CCNL1/NFE2L2/KLF6/PDLIM5/SLC2A3/CD69/MCL1/TANK/REL/IRF1,8878/1843/9516/2353/694/7538/57018/4780/1316/10611/6515/969/4170/10010/5966/3659,Basophils,HALLMARK,Monaco_main
HALLMARK_G2M_CHECKPOINT,HALLMARK_G2M_CHECKPOINT,42,0.235638222583163,0.869213298792614,0.685,0.85625,0.766118421052632,57,"tags=10%, list=3%, signal=9%",HMGN2/RAD21/STMN1/ARID4A,3151/5885/3925/5926,Basophils,HALLMARK,Monaco_main
HALLMARK_UNFOLDED_PROTEIN_RESPONSE,HALLMARK_UNFOLDED_PROTEIN_RESPONSE,24,0.246304107447955,0.806488617953425,0.761986301369863,0.896454472199839,0.802090843547224,380,"tags=29%, list=23%, signal=23%",HSPA9/BANF1/ATF4/SPCS3/TSPYL2/DDIT4/SPCS1,3313/8815/468/60559/64061/54541/28972,Basophils,HALLMARK,Monaco_main
HALLMARK_INFLAMMATORY_RESPONSE,HALLMARK_INFLAMMATORY_RESPONSE,26,-0.230221061651352,-0.802309235328874,0.75626423690205,0.896454472199839,0.802090843547224,391,"tags=31%, list=24%, signal=24%",LCP2/CD48/ATP2A2/AHR/KLF6/CD69/ABI1/IRF1,3937/962/488/196/1316/969/10006/3659,Basophils,HALLMARK,Monaco_main
HALLMARK_ESTROGEN_RESPONSE_LATE,HALLMARK_ESTROGEN_RESPONSE_LATE,28,-0.222676862622221,-0.779654042364408,0.793349168646081,0.902285263987392,0.807307867778193,509,"tags=46%, list=31%, signal=33%",CD44/BATF/PDCD4/FLNB/RABEP1/CHPT1/AFF1/FOS/ZFP36/JAK1/ELOVL5/SLC26A2/BCL2,960/10538/27250/2317/9135/56994/4299/2353/7538/3716/60481/1836/596,Basophils,HALLMARK,Monaco_main
HALLMARK_DNA_REPAIR,HALLMARK_DNA_REPAIR,16,0.254084141732693,0.742229355471865,0.812056737588653,0.902285263987392,0.807307867778193,420,"tags=38%, list=25%, signal=28%",EIF1B/COX17/ARL6IP1/GPX4/DAD1/STX3,10289/10063/23204/2879/1603/6809,Basophils,HALLMARK,Monaco_main
HALLMARK_ESTROGEN_RESPONSE_EARLY,HALLMARK_ESTROGEN_RESPONSE_EARLY,26,0.231480242622406,0.762835464707221,0.849023090586146,0.917862800633671,0.821245663724864,101,"tags=12%, list=6%, signal=11%",CALB2/MLPH/SLC24A3,794/79083/57419,Basophils,HALLMARK,Monaco_main
HALLMARK_TGF_BETA_SIGNALING,HALLMARK_TGF_BETA_SIGNALING,15,-0.191305211092549,-0.572378507307031,0.975446428571429,0.990498812351544,0.886235779472434,321,"tags=20%, list=19%, signal=16%",CTNNB1/HIPK2/SKIL,1499/28996/6498,Basophils,HALLMARK,Monaco_main
HALLMARK_MYOGENESIS,HALLMARK_MYOGENESIS,10,-0.215761936132297,-0.555789764128627,0.964757709251101,0.990498812351544,0.886235779472434,183,"tags=20%, list=11%, signal=18%",LPIN1/IFRD1,23175/3475,Basophils,HALLMARK,Monaco_main
HALLMARK_PI3K_AKT_MTOR_SIGNALING,HALLMARK_PI3K_AKT_MTOR_SIGNALING,28,-0.148334131010663,-0.519359324095015,0.990498812351544,0.990498812351544,0.886235779472434,581,"tags=43%, list=35%, signal=28%",PFN1/ARPC3/HSP90B1/GRB2/PTEN/ACTR3/ITPR2/SQSTM1/RIPK1/CSNK2B/CLTC/MAPKAP1,5216/10094/7184/2885/5728/10096/3709/8878/8737/1460/1213/79109,Basophils,HALLMARK,Monaco_main
HALLMARK_INTERFERON_GAMMA_RESPONSE,HALLMARK_INTERFERON_GAMMA_RESPONSE,143,-0.481060182236891,-2.34975871948643,1e-10,4.9e-09,3.68421052631579e-09,1457,"tags=41%, list=17%, signal=35%",LAP3/EIF4E3/SP110/ITGB7/DDX60/IFI44L/PSMB9/LYSMD2/PSMA3/CASP1/PIM1/STAT3/EIF2AK2/HLA-A/SAMD9L/TAPBP/SOCS3/NMI/LY6E/IFI44/RTP4/EPSTI1/PSMA2/IL15RA/TAP1/NFKB1/BTG1/LGALS3BP/FAS/ISG20/TNFAIP3/SPPL2A/MYD88/PARP14/PARP12/ST3GAL5/PSME1/NFKBIA/PELI1/PSMB8/STAT2/PSMB10/MX1/PTPN2/NAMPT/XAF1/IL7/ISG15/GBP4/CD74/CASP8/SAMHD1/RIPK2/IL2RB/STAT1/PSME2/ADAR/ARID5B/RNF213,51056/317649/3431/3695/55601/10964/5698/256586/5684/834/5292/6774/5610/3105/219285/6892/9021/9111/4061/10561/64108/94240/5683/3601/6890/4790/694/3959/355/3669/7128/84888/4615/54625/64761/8869/5720/4792/57162/5696/6773/5699/4599/5771/10135/54739/3574/9636/115361/972/841/25939/8767/3560/6772/5721/103/84159/57674,CD4+ T cells,HALLMARK,Monaco_main
HALLMARK_ALLOGRAFT_REJECTION,HALLMARK_ALLOGRAFT_REJECTION,125,-0.46383229399142,-2.21401186331918,3.42351639026814e-08,8.38761515615693e-07,6.30647756102025e-07,1966,"tags=46%, list=23%, signal=36%",EIF4G3/CSF1/RPS19/NPM1/AKT1/B2M/CD47/ETS1/ITGB2/TRAT1/WAS/FLNA/LY75/MAP4K1/JAK2/CD8A/BCL3/PRF1/ITGAL/ABI1/UBE2N/SRGN/IL12RB1/IL2RA/FYB1/CCR5/GBP2/HLA-A/HLA-E/TAPBP/TGFB1/PTPRC/EIF5A/CD79A/IL2RG/TAP1/NCF4/FAS/CXCR3/CD3D/LCK/CD7/CD28/PSMB10/CTSS/ZAP70/IL7/CD74/CXCL13/RIPK2/LTB/IL2RB/CDKN2A/HCLS1/STAT1/CSK/IL10,8672/1435/6223/4869/207/567/961/2113/3689/50852/7454/2316/4065/11184/3717/925/602/5551/3683/10006/7334/5552/3594/3559/2533/1234/2634/3105/3133/6892/7040/5788/1984/973/3561/6890/4689/355/2833/915/3932/924/940/5699/1520/7535/3574/972/10563/8767/4050/3560/1029/3059/6772/1445/3586,CD4+ T cells,HALLMARK,Monaco_main
HALLMARK_INTERFERON_ALPHA_RESPONSE,HALLMARK_INTERFERON_ALPHA_RESPONSE,77,-0.512752173816031,-2.26690276784089,3.58013441271158e-07,5.26988838505921e-06,3.96232209402948e-06,1457,"tags=49%, list=17%, signal=41%",LAP3/SP110/NUB1/DDX60/IFI44L/PSMB9/PSMA3/CASP1/SAMD9/EIF2AK2/PARP9/GBP2/SAMD9L/NMI/IFITM1/LY6E/IFI44/RTP4/EPSTI1/TAP1/LGALS3BP/ISG20/ELF1/PARP14/PARP12/PSME1/PSMB8/STAT2/MX1/IL7/ISG15/GBP4/CD74/CASP8/RIPK2/TMEM140/PSME2/ADAR,51056/3431/51667/55601/10964/5698/5684/834/54809/5610/83666/2634/219285/9111/8519/4061/10561/64108/94240/6890/3959/3669/1997/54625/64761/5720/5696/6773/4599/3574/9636/115361/972/841/8767/55281/5721/103,CD4+ T cells,HALLMARK,Monaco_main
HALLMARK_OXIDATIVE_PHOSPHORYLATION,HALLMARK_OXIDATIVE_PHOSPHORYLATION,196,-0.370777537092611,-1.89890335802013,4.30194970208915e-07,5.26988838505921e-06,3.96232209402948e-06,2214,"tags=44%, list=26%, signal=34%",COX8A/NDUFA2/TIMM8B/UQCRFS1/NDUFS7/UQCRQ/OAT/PMPCA/COX5A/IDH3G/NDUFB8/SLC25A6/OPA1/SURF1/MRPL15/ATP5MF/GOT2/FXN/ATP5F1E/SDHA/MDH2/GLUD1/COX5B/MRPL11/NDUFS1/ACAA1/GPI/NDUFC1/ISCU/NDUFC2/ATP6V1E1/LDHA/ATP6V0B/NDUFB3/AIFM1/ATP6V1F/ETFA/MRPS15/ECI1/UQCRB/SDHD/MRPL34/ATP5MG/ATP5PB/COX17/COX7A2/ATP5F1D/SLC25A3/ATP5MC3/UQCRC2/NDUFB1/NDUFS6/NDUFS3/ATP5PF/SLC25A12/PHB2/ATP5F1A/NDUFB5/NDUFA6/NDUFA5/SLC25A5/NDUFA8/NDUFB4/NDUFS8/COX7A2L/MRPS11/UQCR10/COX7B/ECHS1/ATP5F1C/MDH1/NDUFA1/OXA1L/NDUFAB1/COX6C/VDAC3/LDHB/CYCS/NDUFV2/HSD17B10/BAX/TCIRG1/ATP6V0E1/ATP5F1B/NDUFA7/IDH3A/IDH2,1351/4695/26521/7386/374291/27089/4942/23203/9377/3421/4714/293/4976/6834/29088/9551/2806/2395/514/6389/4191/2746/1329/65003/4719/30/2821/4717/23479/4718/529/3939/533/4709/9131/9296/2108/64960/1632/7381/6392/64981/10632/515/10063/1347/513/5250/518/7385/4707/4726/4722/522/8604/11331/498/4711/4700/4698/292/4702/4710/4728/9167/64963/29796/1349/1892/509/4190/4694/5018/4706/1345/7419/3945/54205/4729/3028/581/10312/8992/506/4701/3419/3418,CD4+ T cells,HALLMARK,Monaco_main
HALLMARK_UV_RESPONSE_DN,HALLMARK_UV_RESPONSE_DN,81,0.484753629786756,1.99021156722745,2.7599889085987e-05,0.000270478913042672,0.000203367603791483,1677,"tags=36%, list=19%, signal=29%",AKT3/NRP1/DBP/CAV1/BMPR1A/PDLIM5/PRKCA/CDK13/ACVR2A/SRI/NR1D2/ATP2B1/ANXA2/NEK7/MAPK14/TENT4A/PHF3/MYC/BHLHE40/TOGARAM1/DUSP1/DYRK1A/ICA1/NIPBL/DMAC2L/SMAD3/ATRX/ATP2B4/SMAD7,10000/8829/1628/857/657/10611/5578/8621/92/6717/9975/490/302/140609/1432/11044/23469/4609/8553/23116/1843/1859/3382/25836/27109/4088/546/493/4092,CD4+ T cells,HALLMARK,Monaco_main
HALLMARK_E2F_TARGETS,HALLMARK_E2F_TARGETS,134,-0.35855679696657,-1.73729138744362,0.000153149394230805,0.00125072005288491,0.000940391017206698,1514,"tags=32%, list=18%, signal=27%",SNRPB/SLBP/NBN/TFRC/HMGA1/TACC3/ANP32E/SMC4/NCAPD2/IPO7/SMC3/RANBP1/LMNB1/NASP/CNOT9/GSPT1/RPA1/XRCC6/ILF3/POLE/BRMS1L/EZH2/DNMT1/ATAD2/HNRNPD/BRCA2/SSRP1/NAA38/PTTG1/MCM3/PA2G4/PRPS1/KPNA2/NUDT21/RPA3/SMC6/CKS2/SYNCRIP/JPT1/DCK/LBR/CDKN2A/HELLS,6628/7884/4683/7037/3159/10460/81611/10051/9918/10527/9126/5902/4001/4678/9125/2935/6117/2547/3609/5426/84312/2146/1786/29028/3184/675/6749/84316/9232/4172/5036/5631/3838/11051/6119/79677/1164/10492/51155/1633/3930/1029/3070,CD4+ T cells,HALLMARK,Monaco_main
HALLMARK_IL6_JAK_STAT3_SIGNALING,HALLMARK_IL6_JAK_STAT3_SIGNALING,52,-0.452235447407053,-1.83963698925677,0.00073008296865198,0.00511058078056386,0.00384254194027358,1066,"tags=40%, list=12%, signal=36%",PIM1/STAT3/IL12RB1/IL2RA/TGFB1/SOCS3/IL2RG/IL15RA/FAS/MYD88/HAX1/EBI3/TNFRSF1B/STAT2/PTPN2/IL7/CXCL13/LTB/IL1R1/STAT1/IL1R2,5292/6774/3594/3559/7040/9021/3561/3601/355/4615/10456/10148/7133/6773/5771/3574/10563/4050/3554/6772/7850,CD4+ T cells,HALLMARK,Monaco_main
HALLMARK_INFLAMMATORY_RESPONSE,HALLMARK_INFLAMMATORY_RESPONSE,90,-0.377779072659211,-1.71655591978088,0.000918462666457911,0.0056255838320547,0.00422976227974038,926,"tags=29%, list=11%, signal=26%",EIF2AK2/BTG2/TAPBP/NMI/IFITM1/LY6E/RTP4/LTA/IL15RA/NFKB1/CXCR6/SLAMF1/LCK/RHOG/NFKBIA/TNFRSF9/EBI3/TNFRSF1B/ADRM1/NAMPT/RGS1/RIPK2/IL1R1/IL2RB/C3AR1/IL10,5610/7832/6892/9111/8519/4061/64108/4049/3601/4790/10663/6504/3932/391/4792/3604/10148/7133/11047/10135/5996/8767/3554/3560/719/3586,CD4+ T cells,HALLMARK,Monaco_main
HALLMARK_TNFA_SIGNALING_VIA_NFKB,HALLMARK_TNFA_SIGNALING_VIA_NFKB,132,-0.325658096779892,-1.57197503854032,0.00153692339656349,0.00836769404795679,0.00629149928417804,1007,"tags=28%, list=12%, signal=25%",GADD45A/MAP2K3/BTG2/B4GALT1/GADD45B/BIRC3/BCL6/SOCS3/ZFP36/SLC2A3/AREG/KDM6B/IL15RA/CFLAR/TAP1/TANK/NFKB1/BTG1/TRAF1/ZBTB10/TNFAIP3/EHD1/DUSP5/JUNB/NFKBIA/ZC3H12A/REL/TNFRSF9/STAT5A/NAMPT/ATF3/NR4A3/SAT1/RIPK2/FOSL2/DUSP2/TNIP2,1647/5606/7832/2683/4616/330/604/9021/7538/6515/374/23135/3601/8837/6890/10010/4790/694/7185/65986/7128/10938/1847/3726/4792/80149/5966/3604/6776/10135/467/8013/6303/8767/2355/1844/79155,CD4+ T cells,HALLMARK,Monaco_main
HALLMARK_MYC_TARGETS_V1,HALLMARK_MYC_TARGETS_V1,183,-0.290099954172924,-1.46669889772695,0.00277284451242526,0.0135869381108838,0.0102157429405141,2634,"tags=44%, list=31%, signal=31%",EXOSC7/TARDBP/UBA2/PSMA1/TRA2B/CDK4/USP1/DDX18/MCM6/APEX1/SF3B3/PGK1/EIF4H/MCM7/PTGES3/EEF1B2/EIF4E/SSBP1/LSM2/UBE2L3/NME1/IFRD1/HNRNPA2B1/RRM1/SRM/RPS5/CCT7/SET/COX5A/GNL3/HNRNPA1/PABPC1/NPM1/CCT3/GOT2/RPLP0/RAN/SNRPD1/ODC1/PPIA/TUFM/LSM7/RAD23B/YWHAQ/NHP2/DDX21/LDHA/SRSF3/C1QBP/EIF4A1/HNRNPA3/HSPD1/RANBP1/HDAC2/GSPT1/TFDP1/SLC25A3/XRCC6/AIMP2/HNRNPD/PHB2/HNRNPC/STARD7/PCBP1/PSMA6/PSMA2/PSMD7/PSMA4/PA2G4/SNRPA1/KPNA2/NDUFAB1/VDAC3/PSMB3/XPOT/PSMC4/HPRT1/ETF1/SYNCRIP/HDDC2/RFC4,23016/23435/10054/5682/6434/1019/7398/8886/4175/328/23450/5230/7458/4176/10728/1933/1977/6742/57819/7332/4830/3475/3181/6240/6723/6193/10574/6418/9377/26354/3178/26986/4869/7203/2806/6175/5901/6632/4953/5478/7284/51690/5887/10971/55651/9188/3939/6428/708/1973/220988/3329/5902/3066/2935/7027/5250/2547/7965/3184/11331/3183/56910/5093/5687/5683/5713/5685/5036/6627/3838/4706/7419/5691/11260/5704/3251/2107/10492/51020/5984,CD4+ T cells,HALLMARK,Monaco_main
HALLMARK_DNA_REPAIR,HALLMARK_DNA_REPAIR,122,-0.310713125791242,-1.47827277890723,0.00484768839310193,0.0215942482965449,0.0162362769146954,1099,"tags=21%, list=13%, signal=19%",AAAS/COX17/TAF10/RRM2B/POLH/MPG/GTF2B/POM121/REV3L/ERCC4/MPC2/SSRP1/TAF9/SUPT5H/RBX1/NUDT21/RPA3/POLR2D/HPRT1/ADRM1/POLR2I/GUK1/VPS37B/HCLS1/POLA1/RFC4,8086/10063/6881/50484/5429/4350/2959/9883/5980/2072/25874/6749/6880/6829/9978/11051/6119/5433/3251/11047/5438/2987/79720/3059/5422/5984,CD4+ T cells,HALLMARK,Monaco_main
HALLMARK_UV_RESPONSE_UP,HALLMARK_UV_RESPONSE_UP,90,-0.314357128319475,-1.42837872342625,0.0200172394885653,0.0817370612449751,0.0614564370262971,2047,"tags=34%, list=24%, signal=27%",RPN1/TUBA4A/SIGMAR1/BAK1/YKT6/IL6ST/GRINA/ARRB2/MARK2/IRF1/ACAA1/TMBIM6/TFRC/DDX21/BTG3/ATP6V1F/AP2S1/BID/BTG2/SELENOW/PLCL1/TAP1/BTG1/HLA-F/JUNB/NFKBIA/CLTB/BCL2L11/ATF3/RFC4/NUP58,6184/7277/10280/578/10652/3572/2907/409/2011/3659/30/7009/7037/9188/10950/9296/1175/637/7832/6415/5334/6890/694/3134/3726/4792/1212/10018/467/5984/9818,CD4+ T cells,HALLMARK,Monaco_main
HALLMARK_IL2_STAT5_SIGNALING,HALLMARK_IL2_STAT5_SIGNALING,128,-0.272963490634007,-1.30139016849676,0.0295160175644241,0.111252681588983,0.0836486327736717,1138,"tags=23%, list=13%, signal=20%",CD81/SYT11/PIM1/IL2RA/TNFRSF18/DCPS/PHTF2/GADD45B/PLAGL1/SLC2A3/CTSZ/PTRH2/ICOS/PLIN2/TRAF1/BCL2L1/NFKBIZ/BATF/TNFRSF9/TNFRSF1B/GALM/ITGAV/GBP4/CTLA4/LTB/IL2RB/RHOH/IL1R2/IL10,975/23208/5292/3559/8784/28960/57157/4616/5325/6515/1522/51651/29851/123/7185/598/64332/10538/3604/7133/130589/3685/115361/1493/4050/3560/399/7850/3586,CD4+ T cells,HALLMARK,Monaco_main
HALLMARK_ESTROGEN_RESPONSE_EARLY,HALLMARK_ESTROGEN_RESPONSE_EARLY,91,0.332459966104823,1.39585092898344,0.0361297246844617,0.126454036395616,0.0950782228538465,2262,"tags=36%, list=26%, signal=27%",CD44/ADCY9/EGR3/TMEM164/NADSYN1/MYBBP1A/CCND1/SEC14L2/SLC37A1/AKAP1/ENDOD1/BCL2/NRIP1/DYNLT3/SLC1A1/MYBL1/RARA/TOB1/MYC/SLC19A2/BHLHE40/FOS/RRP12/KRT18/KLF10/INPP5F/RASGRP1/FDFT1/MED13L/NXT1/ABHD2/MED24/DHRS3,960/115/1960/84187/55191/10514/595/23541/54020/8165/23052/596/8204/6990/6505/4603/5914/10140/4609/10560/8553/2353/23223/3875/7071/22876/10125/2222/23389/29107/11057/9862/9249,CD4+ T cells,HALLMARK,Monaco_main
HALLMARK_ANDROGEN_RESPONSE,HALLMARK_ANDROGEN_RESPONSE,75,-0.292890203864584,-1.27901193986488,0.074468085106383,0.228058510638298,0.171472564389698,838,"tags=20%, list=10%, signal=18%",B4GALT1/RAB4A/DBI/ELOVL5/ZBTB10/PA2G4/GSR/LMAN1/ADRM1/ELK4/ITGAV/SAT1/STK39/MAF/ARID5B,2683/5867/1622/60481/65986/5036/2936/3998/11047/2005/3685/6303/27347/4094/84159,CD4+ T cells,HALLMARK,Monaco_main
HALLMARK_G2M_CHECKPOINT,HALLMARK_G2M_CHECKPOINT,131,-0.255177239992282,-1.22340172927702,0.0739644970414201,0.228058510638298,0.171472564389698,1715,"tags=30%, list=20%, signal=24%",SNRPD1/DR1/ODC1/CBX1/SMC2/RAD23B/CENPF/ODF2/HMGA1/TACC3/SFPQ/BCL3/SMC4/LMNB1/NASP/GSPT1/TLE3/TFDP1/ILF3/NSD2/FANCC/POLE/EZH2/HNRNPD/BRCA2/TGFB1/PTTG1/KIF20B/MCM3/NDC80/ATF5/NUSAP1/KPNA2/CKS2/SYNCRIP/JPT1/TOP1/LBR/E2F3,6632/1810/4953/10951/10592/5887/1063/4957/3159/10460/6421/602/10051/4001/4678/2935/7090/7027/3609/7468/2176/5426/2146/3184/675/7040/9232/9585/4172/10403/22809/51203/3838/1164/10492/51155/7150/3930/1871,CD4+ T cells,HALLMARK,Monaco_main
HALLMARK_ADIPOGENESIS,HALLMARK_ADIPOGENESIS,131,-0.253086667417759,-1.21337885222525,0.0828402366863906,0.238774799860773,0.179529924707348,2240,"tags=39%, list=26%, signal=29%",STOM/DGAT1/NDUFB7/DLAT/APLP2/ACADM/ESRRA/AK2/COX8A/UQCRQ/CHUK/RTN3/SQOR/CCNG2/ELMOD3/IDH3G/MRPL15/TKT/MTCH2/COQ5/MDH2/PTCD3/TALDO1/PIM3/DNAJB9/ARAF/AIFM1/CHCHD10/UBC/GADD45A/NDUFS3/BCL6/RIOK3/NDUFA5/BCL2L13/UCP2/UQCR10/TANK/COX7B/ECHS1/SCP2/PLIN2/DNAJC15/DHRS7B/NDUFAB1/SLC66A3/GHITM/STAT5A/G3BP2/ATP1B3/IDH3A,2040/8694/4713/1737/334/34/2101/204/1351/27089/1147/10313/58472/901/84173/3421/29088/7086/23788/84274/4191/55037/6888/415116/4189/369/9131/400916/7316/1647/4722/604/8780/4698/23786/7351/29796/10010/1349/1892/6342/123/29103/25979/4706/130814/27069/6776/9908/483/3419,CD4+ T cells,HALLMARK,Monaco_main
HALLMARK_KRAS_SIGNALING_UP,HALLMARK_KRAS_SIGNALING_UP,78,-0.286161370786702,-1.26398209299728,0.0925925925925926,0.252057613168724,0.189517002382499,889,"tags=21%, list=10%, signal=19%",PRDM1/SATB1/BIRC3/IL2RG/CXCR4/TRIB2/GLRX/TRAF1/TNFAIP3/LAPTM5/TNFRSF1B/PSMB8/CTSS/USP12/C3AR1/GYPC,639/6304/330/3561/7852/28951/2745/7185/7128/7805/7133/5696/1520/219333/719/2995,CD4+ T cells,HALLMARK,Monaco_main
HALLMARK_KRAS_SIGNALING_DN,HALLMARK_KRAS_SIGNALING_DN,37,-0.34644080453774,-1.29886269063596,0.0987654320987654,0.254710851202079,0.191511918197052,2028,"tags=43%, list=24%, signal=33%",COQ8A/TG/SIDT1/KMT2D/NR4A2/CPEB3/PDCD1/IFI44L/SKIL/SLC16A7/ASB7/BTG2/TENT5C/MX1/MFSD6/CCR8,56997/7038/54847/8085/4929/22849/5133/10964/6498/9194/140460/7832/54855/4599/54842/1237,CD4+ T cells,HALLMARK,Monaco_main
HALLMARK_COAGULATION,HALLMARK_COAGULATION,30,0.38831290876837,1.30896735568409,0.111111111111111,0.272222222222222,0.204678362573099,1285,"tags=27%, list=15%, signal=23%",RABIF/ANXA1/A2M/CPQ/CLU/CD9/DUSP6/GNB2,5877/301/2/10404/1191/928/1848/2783,CD4+ T cells,HALLMARK,Monaco_main
HALLMARK_COMPLEMENT,HALLMARK_COMPLEMENT,108,0.283967142173875,1.21889798624591,0.118279569892473,0.275985663082437,0.207508017355216,1182,"tags=24%, list=14%, signal=21%",XPNPEP1/RCE1/RABIF/GNAI3/DYRK2/PDP1/CBLB/CPQ/CTSL/CLU/PIK3R5/L3MBTL4/FDX1/GMFB/PIK3CA/ZEB1/HSPA1A/SIRT6/RAF1/CEBPB/BRPF3/GRB2/USP8/CD46/PHEX/DUSP6,7511/9986/5877/2773/8445/54704/868/10404/1514/1191/23533/91133/2230/2764/5290/6935/3303/51548/5894/1051/27154/2885/9101/4179/5251/1848,CD4+ T cells,HALLMARK,Monaco_main
HALLMARK_HEDGEHOG_SIGNALING,HALLMARK_HEDGEHOG_SIGNALING,13,0.497404726257415,1.32584873305469,0.139925373134328,0.284465709728868,0.213883992277344,43,"tags=15%, list=0%, signal=15%",NRP1/NRP2,8829/8828,CD4+ T cells,HALLMARK,Monaco_main
HALLMARK_WNT_BETA_CATENIN_SIGNALING,HALLMARK_WNT_BETA_CATENIN_SIGNALING,21,0.422121541216792,1.29484451285264,0.140569395017794,0.284465709728868,0.213883992277344,1222,"tags=29%, list=14%, signal=25%",HDAC5/DVL2/MAML1/CUL1/MYC/RBPJ,10014/1856/9794/8454/4609/3516,CD4+ T cells,HALLMARK,Monaco_main
HALLMARK_MYOGENESIS,HALLMARK_MYOGENESIS,50,0.331054158428201,1.24886155029264,0.145135566188198,0.284465709728868,0.213883992277344,2033,"tags=32%, list=24%, signal=25%",IGF1/PRNP/ITGB1/AKT2/ADCY9/HDAC5/CLU/BHLHE40/ACSL1/PDE4DIP/APP/CDKN1A/EIF4A2/TSC2/SH2B1/KLF5,3479/5621/3688/208/115/10014/1191/8553/2180/9659/351/1026/1974/7249/25970/688,CD4+ T cells,HALLMARK,Monaco_main
HALLMARK_PI3K_AKT_MTOR_SIGNALING,HALLMARK_PI3K_AKT_MTOR_SIGNALING,83,-0.264933595059392,-1.18548830634396,0.142091152815013,0.284465709728868,0.213883992277344,1886,"tags=33%, list=22%, signal=26%",CDKN1B/GRK2/CFL1/AKT1/ACTR3/MKNK2/HSP90B1/PIK3R3/CLTC/IRAK4/UBE2D3/UBE2N/MAP2K3/CSNK2B/PTEN/IL2RG/PLCG1/PPP1CA/CXCR4/CALR/MYD88/LCK/ACTR2/STAT2/DAPP1/PFN1/ARPC3,1027/156/1072/207/10096/2872/7184/8503/1213/51135/7323/7334/5606/1460/5728/3561/5335/5499/7852/811/4615/3932/10097/6773/27071/5216/10094,CD4+ T cells,HALLMARK,Monaco_main
HALLMARK_APICAL_JUNCTION,HALLMARK_APICAL_JUNCTION,70,-0.26994707826068,-1.17791896852085,0.154855643044619,0.291843327276398,0.219431073140149,942,"tags=24%, list=11%, signal=22%",LIMA1/FYB1/PIK3CB/ARPC2/B4GALT1/EVL/PTPRC/PTEN/PLCG1/PARD6G/TRAF1/CNN2/GNAI2/TSC1/ACTB/RAC2/PFN1,51474/2533/5291/10109/2683/51466/5788/5728/5335/84552/7185/1265/2771/7248/60/5880/5216,CD4+ T cells,HALLMARK,Monaco_main
HALLMARK_EPITHELIAL_MESENCHYMAL_TRANSITION,HALLMARK_EPITHELIAL_MESENCHYMAL_TRANSITION,53,0.321195032045089,1.22587939396963,0.166139240506329,0.301511954992968,0.226700718039825,1282,"tags=26%, list=15%, signal=23%",CD44/PLOD3/CTHRC1/VIM/ITGB1/DST/IL15/ITGA5/GEM/ANPEP/COLGALT1/RHOB/FUCA1/JUN,960/8985/115908/7431/3688/667/3600/3678/2669/290/79709/388/2517/3725,CD4+ T cells,HALLMARK,Monaco_main
HALLMARK_NOTCH_SIGNALING,HALLMARK_NOTCH_SIGNALING,14,0.464453322314477,1.28212845678294,0.172477064220184,0.301834862385321,0.226943505552873,1584,"tags=43%, list=18%, signal=35%",PRKCA/CCND1/CUL1/MAML2/LFNG/PSENEN,5578/595/8454/84441/3955/55851,CD4+ T cells,HALLMARK,Monaco_main
HALLMARK_MITOTIC_SPINDLE,HALLMARK_MITOTIC_SPINDLE,133,0.254081624122545,1.12830736674304,0.209726443768997,0.354365370506236,0.266440128200178,1330,"tags=21%, list=15%, signal=18%",CYTH2/KIFAP3/PDLIM5/DST/SOS1/ARHGEF3/EPB41L2/ARHGAP5/PKD2/CNTRL/ARHGEF7/TUBGCP5/ARHGEF2/PCGF5/DYNC1H1/RAB3GAP1/WASL/HOOK3/KLC1/KIF5B/WASF2/RASA1/LRPPRC/CDC27/MID1IP1/HDAC6/APC/ARL8A,9266/22920/10611/667/6654/50650/2037/394/5311/11064/8874/114791/9181/84333/1778/22930/8976/84376/3831/3799/10163/5921/10128/996/58526/10013/324/127829,CD4+ T cells,HALLMARK,Monaco_main
HALLMARK_P53_PATHWAY,HALLMARK_P53_PATHWAY,137,-0.223066298839351,-1.08533916249618,0.256716417910448,0.419303482587065,0.315265776381252,1174,"tags=20%, list=14%, signal=18%",MDM2/WRAP73/CD81/CASP1/HEXIM1/HINT1/TSPYL2/GADD45A/POLH/WWP1/BTG2/EPS8L2/POM121/PVT1/TGFB1/CDK5R1/TPRKB/GM2A/TAP1/BTG1/FAS/LDHB/RPS27L/BAX/ATF3/SAT1/DEF6/CDKN2A,4193/49856/975/834/10614/3094/64061/1647/5429/11059/7832/64787/9883/5820/7040/8851/51002/2760/6890/694/355/3945/51065/581/467/6303/50619/1029,CD4+ T cells,HALLMARK,Monaco_main
HALLMARK_HYPOXIA,HALLMARK_HYPOXIA,106,0.254265459386681,1.08877783615832,0.27217125382263,0.43020617539706,0.323463289772226,1769,"tags=29%, list=21%, signal=24%",NEDD4L/CAV1/XPNPEP1/PRKCA/ALDOB/BCL2/B3GALT6/GCNT2/GBE1/ANXA2/P4HA1/TPD52/TES/FOXO3/PGM1/PFKP/PPP1R15A/RBPJ/BHLHE40/JUN/DUSP1/FOS/KDM3A/SLC25A1/MXI1/PAM/KLF6/JMJD6/AMPD3/CDKN1A/S100A4,23327/857/7511/5578/229/596/126792/2651/2632/302/5033/7163/26136/2309/5236/5214/23645/3516/8553/3725/1843/2353/55818/6576/4601/5066/1316/23210/272/1026/6275,CD4+ T cells,HALLMARK,Monaco_main
HALLMARK_XENOBIOTIC_METABOLISM,HALLMARK_XENOBIOTIC_METABOLISM,91,-0.228249645648903,-1.03462838964986,0.366946778711485,0.545637093829865,0.410253454007417,1153,"tags=21%, list=13%, signal=18%",ARG2/SAR1B/COMT/MTHFD1/NPC1/ELOVL5/SLC6A6/ARPP19/ABCD2/GSS/DHRS1/ESR1/FAS/SLC46A3/GSR/HPRT1/PSMB10/IL1R1/ALDH9A1,384/51128/1312/4522/4864/60481/6533/10776/225/2937/115817/2099/355/283537/2936/3251/5699/3554/223,CD4+ T cells,HALLMARK,Monaco_main
HALLMARK_MTORC1_SIGNALING,HALLMARK_MTORC1_SIGNALING,152,-0.207925133359069,-1.03390021040512,0.367469879518072,0.545637093829865,0.410253454007417,2449,"tags=36%, list=28%, signal=26%",PGK1/DDIT4/EBP/PSMG1/SQSTM1/SKAP2/ADD3/TXNRD1/PSMC2/XBP1/IFRD1/DHFR/INSIG1/RPN1/GSK3B/TUBA4A/IDI1/NFIL3/ACTR3/ITGB2/YKT6/TPI1/HSP90B1/PIK3R3/PPIA/GPI/TFRC/SERP1/LDHA/ENO1/UBE2D3/PSMA3/HSPD1/PSMD13/RPA1/MAP2K3/BTG2/ELOVL5/SLC6A6/SLC2A3/CXCR4/GLRX/PPA1/CALR/PSMA4/GSR/CTSC/ACTR2/PSMC4/CORO1A/HPRT1/ETF1/NAMPT/ARPC5L/DAPP1,5230/54541/10682/8624/8878/8935/120/7296/5701/7494/3475/1719/3638/6184/2932/7277/3422/4783/10096/3689/10652/7167/7184/8503/5478/2821/7037/27230/3939/2023/7323/5684/3329/5719/6117/5606/7832/60481/6533/6515/7852/2745/5464/811/5685/2936/1075/10097/5704/11151/3251/2107/10135/81873/27071,CD4+ T cells,HALLMARK,Monaco_main
HALLMARK_APOPTOSIS,HALLMARK_APOPTOSIS,110,-0.219378141686045,-1.0285158887534,0.398876404494382,0.562658227848101,0.423051299133911,1646,"tags=26%, list=19%, signal=22%",CASP9/CYLD/MADD/IRF1/DFFA/BTG3/PRF1/BID/CASP1/NEDD9/GADD45A/SLC20A1/PEA15/BTG2/SATB1/GADD45B/BIRC3/CFLAR/TAP1/FAS/ISG20/BCL2L1/GSR/BAX/ETF1/BCL2L11/CASP8/ATF3/SAT1,842/1540/8567/3659/1676/10950/5551/637/834/4739/1647/6574/8682/7832/6304/4616/330/8837/6890/355/3669/598/2936/581/2107/10018/841/467/6303,CD4+ T cells,HALLMARK,Monaco_main
HALLMARK_UNFOLDED_PROTEIN_RESPONSE,HALLMARK_UNFOLDED_PROTEIN_RESPONSE,90,0.244325651393113,1.0191599923862,0.401898734177215,0.562658227848101,0.423051299133911,1898,"tags=27%, list=22%, signal=21%",NFYA/ALDH18A1/CEBPG/FKBP14/CNOT6/DKC1/NFYB/EXOSC5/BAG3/PARN/SEC31A/SLC30A5/CNOT2/CEBPB/KIF5B/SHC1/SDAD1/SSR1/SEC11A/EXOSC10/ATF4/DDX10/EIF4A2/HYOU1,4800/5832/1054/55033/57472/1736/4801/56915/9531/5073/22872/64924/4848/1051/3799/6464/55153/6745/23478/5394/468/1662/1974/10525,CD4+ T cells,HALLMARK,Monaco_main
HALLMARK_GLYCOLYSIS,HALLMARK_GLYCOLYSIS,97,-0.220152698044478,-1.00728793138318,0.464788732394366,0.587086247086247,0.441418230891915,1795,"tags=26%, list=21%, signal=21%",GOT2/ZNF292/TPI1/MDH2/PGLS/TALDO1/PPIA/LDHA/ENO1/GNPDA1/NASP/B4GALT1/ARPP19/CXCR4/GLRX/ISG20/MDH1/PRPS1/B4GALT4/HAX1/PSMC4/AGL/UGP2/ALDH9A1/HOMER1,2806/23036/7167/4191/25796/6888/5478/3939/2023/10007/4678/2683/10776/7852/2745/3669/4190/5631/8702/10456/5704/178/7360/223/9456,CD4+ T cells,HALLMARK,Monaco_main
HALLMARK_APICAL_SURFACE,HALLMARK_APICAL_SURFACE,16,-0.332494383343269,-1.00723884363819,0.433551198257081,0.587086247086247,0.441418230891915,838,"tags=25%, list=10%, signal=23%",B4GALT1/IL2RG/CRYBG1/IL2RB,2683/3561/202/3560,CD4+ T cells,HALLMARK,Monaco_main
HALLMARK_CHOLESTEROL_HOMEOSTASIS,HALLMARK_CHOLESTEROL_HOMEOSTASIS,46,0.272944104540444,0.997594508404333,0.450166112956811,0.587086247086247,0.441418230891915,2194,"tags=35%, list=26%, signal=26%",ANTXR2/S100A11/STARD4/CLU/CD9/SQLE/CPEB2/LSS/SC5D/FADS2/FDFT1/CYP51A1/ATXN2/GUSB/CTNNB1/PNRC1,118429/6282/134429/1191/928/6713/132864/4047/6309/9415/2222/1595/6311/2990/1499/10957,CD4+ T cells,HALLMARK,Monaco_main
HALLMARK_PANCREAS_BETA_CELLS,HALLMARK_PANCREAS_BETA_CELLS,11,0.390195946696509,0.994852340517461,0.467272727272727,0.587086247086247,0.441418230891915,2409,"tags=45%, list=28%, signal=33%",AKT3/PAK3/SEC11A/SRPRB/SRP14,10000/5063/23478/58477/6727,CD4+ T cells,HALLMARK,Monaco_main
HALLMARK_BILE_ACID_METABOLISM,HALLMARK_BILE_ACID_METABOLISM,48,-0.243886463241682,-0.972912356313374,0.527704485488127,0.630671214363859,0.474188882980345,881,"tags=29%, list=10%, signal=26%",IDI1/OPTN/PEX16/PRDX5/LONP2/NEDD4/NPC1/HSD17B4/ABCD2/PNPLA8/SCP2/LCK/ALDH9A1/IDH2,3422/10133/9409/25824/83752/4734/4864/3295/225/50640/6342/3932/223/3418,CD4+ T cells,HALLMARK,Monaco_main
HALLMARK_PROTEIN_SECRETION,HALLMARK_PROTEIN_SECRETION,86,0.234344810523532,0.971198364278801,0.519623233908948,0.630671214363859,0.474188882980345,2259,"tags=30%, list=26%, signal=23%",AP2B1/DST/VAMP3/SEC22B/NAPG/COG2/SEC31A/ATP1A1/TPD52/ARFGEF2/CLCN3/RAB22A/ICA1/M6PR/PAM/DNM1L/STX12/CLN5/KRT18/ARFGEF1/GOLGA4/GALC/KIF1B/GNAS/GOSR2/BNIP3,163/667/9341/9554/8774/22796/22872/476/7163/10564/1182/57403/3382/4074/5066/10059/23673/1203/3875/10565/2803/2581/23095/2778/9570/664,CD4+ T cells,HALLMARK,Monaco_main
HALLMARK_TGF_BETA_SIGNALING,HALLMARK_TGF_BETA_SIGNALING,38,0.268858558188728,0.946700873730191,0.575342465753425,0.640722291407223,0.481746083764829,2206,"tags=42%, list=26%, signal=31%",BMPR1A/SMURF2/ID3/CDK9/SKI/PPM1A/TGFBR1/PPP1R15A/APC/SMAD3/SMAD7/KLF10/TGIF1/XIAP/CTNNB1/ARID4B,657/64750/3399/1025/6497/5494/7046/23645/324/4088/4092/7071/7050/331/1499/51742,CD4+ T cells,HALLMARK,Monaco_main
HALLMARK_ESTROGEN_RESPONSE_LATE,HALLMARK_ESTROGEN_RESPONSE_LATE,72,0.232891636422476,0.939711934821416,0.562893081761006,0.640722291407223,0.481746083764829,1302,"tags=21%, list=15%, signal=18%",CD44/CAV1/EGR3/CCND1/ALDH3A2/CD9/BCL2/NRIP1/DYNLT3/PERP/SNX10/MAPK13/TOB1/SGK1/FOS,960/857/1960/595/224/928/596/8204/6990/64065/29887/5603/10140/6446/2353,CD4+ T cells,HALLMARK,Monaco_main
HALLMARK_PEROXISOME,HALLMARK_PEROXISOME,70,0.233863268479485,0.935740986387373,0.573268921095008,0.640722291407223,0.481746083764829,3022,"tags=44%, list=35%, signal=29%",HRAS/ESR2/BCL10/DHCR24/HSD17B11/PEX11B/ERCC1/PEX13/CTPS1/ACSL1/IDH1/SIAH1/GNPAT/RDH11/EPHX2/FADS1/ACOX1/DHRS3/CNBP/ACSL4/SLC23A2/MSH2/CDK7/ABCB1/ISOC1/ECI2/ABCC5/FDPS/TSPO/PEX6/ITGB1BP1,3265/2100/8915/1718/51170/8799/2067/5194/1503/2180/3417/6477/8443/51109/2053/3992/51/9249/7555/2182/9962/4436/1022/5243/51015/10455/10057/2224/706/5190/9270,CD4+ T cells,HALLMARK,Monaco_main
HALLMARK_REACTIVE_OXYGEN_SPECIES_PATHWAY,HALLMARK_REACTIVE_OXYGEN_SPECIES_PATHWAY,39,-0.239253499926373,-0.910491023824383,0.631067961165049,0.687162891046386,0.516663827854426,1058,"tags=18%, list=12%, signal=16%",PRDX2/NDUFA6/NDUFB4/GLRX/LSP1/GSR/JUNB,7001/4700/4710/2745/4046/2936/3726,CD4+ T cells,HALLMARK,Monaco_main
HALLMARK_MYC_TARGETS_V2,HALLMARK_MYC_TARGETS_V2,43,0.237528926937384,0.862258396599609,0.684297520661157,0.728925619834711,0.548064375815572,2769,"tags=44%, list=32%, signal=30%",EXOSC5/MYBBP1A/RCL1/PPAN/MPHOSPH10/SUPV3L1/MYC/GRWD1/RRP12/UTP20/UNG/RABEPK/TBRG4/PES1/CBX3/MCM5/PUS1/HSPE1/MRTO4,56915/10514/10171/56342/10199/6832/4609/83743/23223/27340/7374/10244/9238/23481/11335/4174/80324/3336/51154,CD4+ T cells,HALLMARK,Monaco_main
HALLMARK_HEME_METABOLISM,HALLMARK_HEME_METABOLISM,116,0.185241062821239,0.805086684805,0.898484848484848,0.936718246292714,0.704299433302793,1932,"tags=27%, list=22%, signal=21%",ADD1/MKRN1/DCAF10/BPGM/ENDOD1/DCAF11/RCL1/KHNYN/NEK7/ACSL6/CCND3/FOXO3/TNRC6B/CAST/CLCN3/CDC27/HAGH/NNT/TRAK2/BACH1/GDE1/MXI1/VEZF1/MOSPD1/GMPS/DCUN1D1/MGST3/ALAD/SLC25A37/MPP1/ANK1,118/23608/79269/669/23052/80344/10171/23351/140609/23305/896/2309/23112/831/1182/996/3029/23530/66008/571/51573/4601/7716/56180/8833/54165/4259/210/51312/4354/286,CD4+ T cells,HALLMARK,Monaco_main
HALLMARK_SPERMATOGENESIS,HALLMARK_SPERMATOGENESIS,43,0.184611237582484,0.670160858993418,0.947107438016529,0.966838842975207,0.726946498477599,1138,"tags=14%, list=13%, signal=12%",MLF1/CSNK2A2/IP6K1/COIL/ARL4A/STRBP,4291/1459/9807/8161/10124/55342,CD4+ T cells,HALLMARK,Monaco_main
HALLMARK_FATTY_ACID_METABOLISM,HALLMARK_FATTY_ACID_METABOLISM,96,0.172082176797461,0.725897985930114,0.970404984423676,0.970404984423676,0.729627807837351,1304,"tags=15%, list=15%, signal=13%",S100A10/DLST/METAP1/DHCR24/HSD17B11/ALDH3A2/PCBD1/AUH/D2HGDH/HIBCH/HSPH1/RAP1GDS1/ETFDH/ACSL1,6281/1743/23173/1718/51170/224/5092/549/728294/26275/10808/5910/2110/2180,CD4+ T cells,HALLMARK,Monaco_main
HALLMARK_INTERFERON_ALPHA_RESPONSE,HALLMARK_INTERFERON_ALPHA_RESPONSE,45,-0.693491115933221,-2.72069785407186,1e-10,2.3e-09,1.89473684210526e-09,795,"tags=62%, list=17%, signal=52%",HLA-C/PARP14/PNPT1/DDX60/CD74/B2M/UBE2L6/TRIM14/BST2/IRF9/PLSCR1/LY6E/PSMB9/PSMB8/PARP9/GBP2/PSME1/SAMD9L/IRF2/TAP1/SAMD9/ISG20/ISG15/PSME2/NUB1/LAP3/EPSTI1/GBP4,3107/54625/87178/55601/972/567/9246/9830/684/10379/5359/4061/5698/5696/83666/2634/5720/219285/3660/6890/54809/3669/9636/5721/51667/51056/94240/115361,CD8+ T cells,HALLMARK,Monaco_main
HALLMARK_INTERFERON_GAMMA_RESPONSE,HALLMARK_INTERFERON_GAMMA_RESPONSE,104,-0.543795244827073,-2.54486129899863,1e-10,2.3e-09,1.89473684210526e-09,722,"tags=44%, list=15%, signal=38%",CASP3/PARP14/PNPT1/DDX60/SOCS3/CD74/STAT3/B2M/UBE2L6/HLA-A/TRIM14/BST2/IRF4/RAPGEF6/MVP/GZMA/ITGB7/NAMPT/TAPBP/HLA-DRB1/IRF9/PLSCR1/LY6E/PSMB9/CASP4/PSMB8/PSMB10/PSME1/SAMD9L/BTG1/IRF2/PTPN6/TAP1/TNFAIP3/CD38/PIM1/ISG20/ISG15/XAF1/APOL6/RNF213/PSME2/LAP3/EPSTI1/STAT1/GBP4,836/54625/87178/55601/9021/972/6774/567/9246/3105/9830/684/3662/51735/9961/3001/3695/10135/6892/3123/10379/5359/4061/5698/837/5696/5699/5720/219285/694/3660/5777/6890/7128/952/5292/3669/9636/54739/80830/57674/5721/51056/94240/6772/115361,CD8+ T cells,HALLMARK,Monaco_main
HALLMARK_OXIDATIVE_PHOSPHORYLATION,HALLMARK_OXIDATIVE_PHOSPHORYLATION,128,-0.406483684623311,-1.97556217917292,4.72457859446846e-06,7.24435384485164e-05,5.96788875090753e-05,798,"tags=36%, list=17%, signal=31%",ATP6V1F/TOMM70/NDUFS4/NDUFS7/SLC25A5/NDUFS6/CYCS/NNT/MPC1/SLC25A6/ATP6V0C/SDHB/SUPV3L1/ATP6V0E1/COX4I1/UQCR11/IMMT/GLUD1/NDUFA9/NDUFA7/COX5A/CPT1A/COX6A1/ATP6V0B/ATP5MG/COX5B/AFG3L2/BAX/NDUFS2/NDUFA2/NDUFA1/SDHD/NDUFB6/MDH2/NDUFV1/SLC25A3/FDX1/MDH1/IDH2/COX6C/UQCRC2/NDUFA6/ATP5F1D/ATP5F1B/NDUFB1/PHB2,9296/9868/4724/374291/292/4726/54205/23530/51660/293/527/6390/6832/8992/1327/10975/10989/2746/4704/4701/9377/1374/1337/533/10632/1329/10939/581/4720/4695/4694/6392/4712/4191/4723/5250/2230/4190/3418/1345/7385/4700/513/506/4707/11331,CD8+ T cells,HALLMARK,Monaco_main
HALLMARK_UV_RESPONSE_DN,HALLMARK_UV_RESPONSE_DN,60,0.513773196747353,2.00664960685605,2.28870491932066e-05,0.000263201065721875,0.00021682467656722,834,"tags=35%, list=18%, signal=29%",AKT3/MAPK14/SMAD3/ADD3/PEX14/DYRK1A/GCNT1/YTHDC1/BCKDHB/NR3C1/NR1D2/PIK3CD/WDR37/BMPR1A/TOGARAM1/MGMT/ARHGEF9/ATXN1/NIPBL/FYN/PRDM2,10000/1432/4088/120/5195/1859/2650/91746/594/2908/9975/5293/22884/657/23116/4255/23229/6310/25836/2534/7799,CD8+ T cells,HALLMARK,Monaco_main
HALLMARK_COMPLEMENT,HALLMARK_COMPLEMENT,74,-0.450946917745731,-1.98737272529935,5.10610283765357e-05,0.000427998537808943,0.000352584607805994,604,"tags=30%, list=13%, signal=26%",PIK3R5/GNAI2/APOBEC3G/DGKH/DOCK9/GZMA/PRCP/PIK3CG/PFN1/DUSP5/GATA3/PLSCR1/PSMB9/STX4/CASP4/FDX1/IRF2/TNFAIP3/PIM1/CTSS/LAP3/GZMB,23533/2771/60489/160851/23348/3001/5547/5294/5216/1847/2625/5359/5698/6810/837/2230/3660/7128/5292/1520/51056/3002,CD8+ T cells,HALLMARK,Monaco_main
HALLMARK_ALLOGRAFT_REJECTION,HALLMARK_ALLOGRAFT_REJECTION,104,-0.395479259454771,-1.85076988354897,5.58258962359491e-05,0.000427998537808943,0.000352584607805994,628,"tags=30%, list=13%, signal=26%",CD74/B2M/FYB1/GPR65/EIF3A/HLA-A/CD8B/ITGB2/CD28/IRF4/CRTAM/FASLG/CD3D/GZMA/PTPRC/RPS9/SRGN/TAPBP/HLA-DRA/CD3G/GBP2/PSMB10/PTPN6/TAP1/CSK/ETS1/TAP2/CTSS/CXCL13/GZMB/STAT1,972/567/2533/8477/8661/3105/926/3689/940/3662/56253/356/915/3001/5788/6203/5552/6892/3122/917/2634/5699/5777/6890/1445/2113/6891/1520/10563/3002/6772,CD8+ T cells,HALLMARK,Monaco_main
HALLMARK_UV_RESPONSE_UP,HALLMARK_UV_RESPONSE_UP,54,-0.401793853403168,-1.64806253901407,0.00235295941318716,0.0154623047152299,0.0127378253946974,1128,"tags=41%, list=24%, signal=31%",RPN1/HLA-F/IRF1/BSG/TUBA4A/BTG2/PDAP1/JUNB/GLS/PLCL1/ATP6V1F/CASP3/AGO2/TMBIM6/PPP1R2/AP2S1/BTG1/TAP1/ARRB2/BTG3/ATF3/BCL2L11,6184/3134/3659/682/7277/7832/11333/3726/2744/5334/9296/836/27161/7009/5504/1175/694/6890/409/10950/467/10018,CD8+ T cells,HALLMARK,Monaco_main
HALLMARK_TGF_BETA_SIGNALING,HALLMARK_TGF_BETA_SIGNALING,30,0.469253414332968,1.5625148084059,0.0200232178689626,0.115133502746535,0.0948468214845597,642,"tags=27%, list=14%, signal=23%",TGFBR1/XIAP/SKI/NCOR2/SMAD3/SMURF2/BMPR1A/BMPR2,7046/331/6497/9612/4088/64750/657/659,CD8+ T cells,HALLMARK,Monaco_main
HALLMARK_APICAL_JUNCTION,HALLMARK_APICAL_JUNCTION,45,-0.384585518603018,-1.50880230637461,0.0239756488212615,0.122542205086448,0.100950100300048,773,"tags=38%, list=16%, signal=32%",CD99/B4GALT1/GNAI2/FYB1/ACTG1/RSU1/ZYX/YWHAH/PTPRC/MYH9/GTF2F1/ACTB/PFN1/CAP1/STX4/CNN2/MYL12B,4267/2683/2771/2533/71/6251/7791/7533/5788/4627/2962/60/5216/10487/6810/1265/103910,CD8+ T cells,HALLMARK,Monaco_main
HALLMARK_COAGULATION,HALLMARK_COAGULATION,18,0.489037625016252,1.46390069702869,0.0461811722912966,0.212433392539964,0.175002337103861,1139,"tags=44%, list=24%, signal=34%",ANXA1/CAPN2/APOA1/SIRT2/FYN/CPQ/RAC1/PREP,301/824/335/22933/2534/10404/5879/5550,CD8+ T cells,HALLMARK,Monaco_main
HALLMARK_WNT_BETA_CATENIN_SIGNALING,HALLMARK_WNT_BETA_CATENIN_SIGNALING,11,0.570174929581896,1.50083009073391,0.0556552962298025,0.232740329688265,0.191731164045253,347,"tags=27%, list=7%, signal=25%",NCOR2/NUMB/ADAM17,9612/8650/6868,CD8+ T cells,HALLMARK,Monaco_main
HALLMARK_UNFOLDED_PROTEIN_RESPONSE,HALLMARK_UNFOLDED_PROTEIN_RESPONSE,63,-0.315565644011186,-1.3487670074147,0.0767309265507991,0.288401253918495,0.237584557003795,730,"tags=29%, list=15%, signal=24%",EIF2S1/SLC7A5/LSM4/SPCS3/NFYB/SRPRA/DNAJC3/BANF1/HERPUD1/SEC11A/DDIT4/PDIA6/HSP90B1/EIF4E/YWHAZ/LSM1/CALR/ATF3,1965/8140/25804/60559/4801/6734/5611/8815/9709/23478/54541/10130/7184/1977/7534/27257/811/467,CD8+ T cells,HALLMARK,Monaco_main
HALLMARK_MYC_TARGETS_V1,HALLMARK_MYC_TARGETS_V1,156,-0.239247998857553,-1.19376012896206,0.0815047021943574,0.288401253918495,0.237584557003795,963,"tags=26%, list=20%, signal=21%",USP1/RACK1/EIF4G2/SET/EIF2S1/SRSF2/SNRPG/RPL18/RPS10/NCBP2/PABPC1/TOMM70/RANBP1/EIF2S2/SNRPD1/PSMD8/PSMA4/PABPC4/CBX3/APEX1/TRIM28/COX5A/SERBP1/PSMB3/XRCC6/ERH/PSMA1/LSM2/EIF4E/STARD7/CANX/CCT2/SLC25A3/HNRNPA3/HNRNPA1/ILF2/SNRPA1/PWP1/SYNCRIP/PHB2,7398/10399/1982/6418/1965/6427/6637/6141/6204/22916/26986/9868/5902/8894/6632/5714/5685/8761/11335/328/10155/9377/26135/5691/2547/2079/5682/57819/1977/56910/821/10576/5250/220988/3178/3608/6627/11137/10492/11331,CD8+ T cells,HALLMARK,Monaco_main
HALLMARK_SPERMATOGENESIS,HALLMARK_SPERMATOGENESIS,26,0.409022472001803,1.3289803334916,0.11336717428088,0.372492144065748,0.306858516850502,848,"tags=31%, list=18%, signal=25%",STRBP/STAM2/PRKAR2A/ARL4A/SIRT1/CAMK4/ZC3H14/DBF4,55342/10254/5576/10124/23411/814/79882/10926,CD8+ T cells,HALLMARK,Monaco_main
HALLMARK_MITOTIC_SPINDLE,HALLMARK_MITOTIC_SPINDLE,95,-0.25769271750674,-1.19318094316466,0.133704735376045,0.410027855153203,0.337780384107902,1353,"tags=39%, list=29%, signal=28%",PREX1/MYO9B/NF1/LATS1/KIF20B/SUN2/RANBP9/DYNC1H1/SMC1A/CDC42/RASA1/KIFAP3/CEP57/TUBA4A/SEPTIN9/KIF1B/CEP250/SPTBN1/RASA2/TBCD/RAB3GAP1/KATNA1/DYNLL2/SMC4/CDK5RAP2/TIAM1/EZR/RAPGEF6/PCGF5/UXT/ARF6/MYH9/RFC1/ABL1/PCNT/PPP4R2/BCL2L11,57580/4650/4763/9113/9585/25777/10048/1778/8243/998/5921/22920/9702/7277/10801/23095/11190/6711/5922/6904/22930/11104/140735/10051/55755/7074/7430/51735/84333/8409/382/4627/5981/25/5116/151987/10018,CD8+ T cells,HALLMARK,Monaco_main
HALLMARK_HYPOXIA,HALLMARK_HYPOXIA,68,-0.275732421676396,-1.19444341733296,0.155080213903743,0.445855614973262,0.367295243456234,475,"tags=19%, list=10%, signal=17%",CITED2/ZFP36/CXCR4/MYH9/DDIT4/MAP3K1/BTG1/TNFAIP3/PIM1/ISG20/ETS1/ATF3/EXT1,10370/7538/7852/4627/54541/4214/694/7128/5292/3669/2113/467/2131,CD8+ T cells,HALLMARK,Monaco_main
HALLMARK_TNFA_SIGNALING_VIA_NFKB,HALLMARK_TNFA_SIGNALING_VIA_NFKB,87,-0.251205594831841,-1.14500073436288,0.177777777777778,0.481045751633987,0.396284829721362,332,"tags=13%, list=7%, signal=12%",NAMPT/KDM6B/DUSP5/TNIP1/BCL2A1/BTG1/TAP1/TNFAIP3/BTG3/ATF3/DUSP4,10135/23135/1847/10318/597/694/6890/7128/10950/467/1846,CD8+ T cells,HALLMARK,Monaco_main
HALLMARK_IL6_JAK_STAT3_SIGNALING,HALLMARK_IL6_JAK_STAT3_SIGNALING,34,-0.329478128007187,-1.20456304533312,0.193467336683417,0.494416527079844,0.407299656175615,682,"tags=26%, list=14%, signal=23%",PTPN11/SOCS3/STAT3/PIK3R5/IRF9/CD38/PIM1/CXCL13/STAT1,5781/9021/6774/23533/10379/952/5292/10563/6772,CD8+ T cells,HALLMARK,Monaco_main
HALLMARK_ESTROGEN_RESPONSE_EARLY,HALLMARK_ESTROGEN_RESPONSE_EARLY,41,0.324716707272012,1.16719358193825,0.237232289950577,0.526599326599327,0.433811802232855,1107,"tags=32%, list=23%, signal=24%",MYBL1/DHRS3/DYNLT3/NCOR2/ADD3/AREG/ITPK1/RETREG1/NRIP1/PLAAT3/GLA/BCL2/CHPT1,4603/9249/6990/9612/120/374/3705/54463/8204/11145/2717/596/56994,CD8+ T cells,HALLMARK,Monaco_main
HALLMARK_KRAS_SIGNALING_UP,HALLMARK_KRAS_SIGNALING_UP,49,-0.289641059027741,-1.16093210942068,0.230769230769231,0.526599326599327,0.433811802232855,381,"tags=16%, list=8%, signal=15%",CXCR4/MAP3K1/PSMB8/LAPTM5/TNFAIP3/ETS1/CTSS/TRIB2,7852/4214/5696/7805/7128/2113/1520/28951,CD8+ T cells,HALLMARK,Monaco_main
HALLMARK_ESTROGEN_RESPONSE_LATE,HALLMARK_ESTROGEN_RESPONSE_LATE,42,-0.294125888721946,-1.14151772259559,0.251851851851852,0.526599326599327,0.433811802232855,727,"tags=29%, list=15%, signal=24%",RABEP1/JAK1/FABP5/TIAM1/FKBP5/CISH/ZFP36/IDH2/PTPN6/COX6C/ISG20/BTG3,9135/3716/2171/7074/2289/1154/7538/3418/5777/1345/3669/10950,CD8+ T cells,HALLMARK,Monaco_main
HALLMARK_APOPTOSIS,HALLMARK_APOPTOSIS,76,-0.252075066694651,-1.11070956178082,0.247282608695652,0.526599326599327,0.433811802232855,667,"tags=20%, list=14%, signal=17%",DPYD/GADD45A/SLC20A1/DNAJC3/FASLG/DNM1L/BAX/SOD1/CASP4/TAP1/CD38/ISG20/BTG3/ATF3/BCL2L11,1806/1647/6574/5611/356/10059/581/6647/837/6890/952/3669/10950/467/10018,CD8+ T cells,HALLMARK,Monaco_main
HALLMARK_PI3K_AKT_MTOR_SIGNALING,HALLMARK_PI3K_AKT_MTOR_SIGNALING,58,-0.25687846417335,-1.06956004541331,0.317204301075269,0.634408602150538,0.522624935410054,1082,"tags=36%, list=23%, signal=28%",CDKN1B/GRK2/ACACA/PIN1/CFL1/UBE2N/CSNK2B/TBK1/PTPN11/VAV3/SLA/TIAM1/ARF1/ARPC3/MAPKAP1/FASLG/CXCR4/PFN1/HSP90B1/EIF4E/CALR,1027/156/31/5300/1072/7334/1460/29110/5781/10451/6503/7074/375/10094/79109/356/7852/5216/7184/1977/811,CD8+ T cells,HALLMARK,Monaco_main
HALLMARK_REACTIVE_OXYGEN_SPECIES_PATHWAY,HALLMARK_REACTIVE_OXYGEN_SPECIES_PATHWAY,27,0.31873071737156,1.04609718770436,0.39327731092437,0.643784589186888,0.530348860657391,605,"tags=22%, list=13%, signal=19%",CDKN2D/SELENOS/SCAF4/MSRA/GSR/MBP,1032/55829/57466/4482/2936/4155,CD8+ T cells,HALLMARK,Monaco_main
HALLMARK_KRAS_SIGNALING_DN,HALLMARK_KRAS_SIGNALING_DN,17,-0.339994668205973,-1.04412832146622,0.393181818181818,0.643784589186888,0.530348860657391,983,"tags=35%, list=21%, signal=28%",BTG2/CDKAL1/TENT5C/PTPRJ/BARD1/PDCD1,7832/54901/54855/5795/580/5133,CD8+ T cells,HALLMARK,Monaco_main
HALLMARK_HEME_METABOLISM,HALLMARK_HEME_METABOLISM,69,0.259490921429311,1.04367137206697,0.387096774193548,0.643784589186888,0.530348860657391,1588,"tags=43%, list=34%, signal=29%",MARK3/MGST3/EZH1/CDC27/XPO7/NR3C1/BTRC/KAT2B/GMPS/TRAK2/CAST/ELL2/CDR2/TCEA1/FBXO9/DAAM1/EIF2AK1/KDM7A/ARHGEF12/OPTN/EPB41/GLRX5/VEZF1/SYNJ1/DCUN1D1/NCOA4/SLC25A38/MKRN1/RBM5/TSPAN5,4140/4259/2145/996/23039/2908/8945/8850/8833/66008/831/22936/1039/6917/26268/23002/27102/80853/23365/10133/2035/51218/7716/8867/54165/8031/54977/23608/10181/10098,CD8+ T cells,HALLMARK,Monaco_main
HALLMARK_MTORC1_SIGNALING,HALLMARK_MTORC1_SIGNALING,105,-0.221122098624235,-1.03800190321731,0.376436781609195,0.643784589186888,0.530348860657391,1139,"tags=30%, list=24%, signal=24%",NIBAN1/CTSC/RPN1/SLC2A3/ELOVL5/TXNRD1/LTA4H/TUBA4A/ACACA/BTG2/RDH11/PDAP1/PNO1/SLC7A5/GLRX/ATP2A2/PPA1/TBK1/EIF2S2/CORO1A/PSMA4/SLA/ITGB2/USO1/IMMT/CXCR4/NAMPT/SEC11A/DDIT4/HSP90B1/CANX/CALR,116496/1075/6184/6515/60481/7296/4048/7277/31/7832/51109/11333/56902/8140/2745/488/5464/29110/8894/11151/5685/6503/3689/8615/10989/7852/10135/23478/54541/7184/821/811,CD8+ T cells,HALLMARK,Monaco_main
HALLMARK_IL2_STAT5_SIGNALING,HALLMARK_IL2_STAT5_SIGNALING,82,0.245316695571749,1.02333499719572,0.405864197530864,0.643784589186888,0.530348860657391,532,"tags=16%, list=11%, signal=14%",DHRS3/NDRG1/IFNGR1/SNX14/POU2F1/AHNAK/GABARAPL1/IL10RA/MAPKAPK2/P4HA1/ARL4A/CAPG/RORA,9249/10397/3459/57231/5451/79026/23710/3587/9261/5033/10124/822/6095,CD8+ T cells,HALLMARK,Monaco_main
HALLMARK_GLYCOLYSIS,HALLMARK_GLYCOLYSIS,55,-0.249366894256093,-1.01916080151829,0.394021739130435,0.643784589186888,0.530348860657391,519,"tags=18%, list=11%, signal=16%",FUT8/CITED2/CXCR4/DDIT4/SOD1/MDH2/PKM/MDH1/ISG20/EXT1,2530/10370/7852/54541/6647/4191/5315/4190/3669/2131,CD8+ T cells,HALLMARK,Monaco_main
HALLMARK_BILE_ACID_METABOLISM,HALLMARK_BILE_ACID_METABOLISM,23,0.313466763552445,0.996974251040467,0.453151618398637,0.694832481544577,0.572402044293015,334,"tags=13%, list=7%, signal=12%",NR3C2/APOA1/PEX1,4306/335/5189,CD8+ T cells,HALLMARK,Monaco_main
HALLMARK_E2F_TARGETS,HALLMARK_E2F_TARGETS,82,-0.218446017609831,-0.978876559768784,0.516949152542373,0.767085839256424,0.63192426117234,1247,"tags=40%, list=26%, signal=30%",RAD50/HNRNPD/CTCF/GSPT1/PRIM2/MSH2/SMC1A/MLH1/SLBP/ING3/CDKN1B/RPA2/ILF3/USP1/EZH2/EIF2S1/SRSF2/RANBP1/SNRPB/UBE2S/SMC4/RAD21/ANP32E/TUBB/LBR/BARD1/XRCC6/ATAD2/CKS2/RFC1/PHF5A/HMGA1/SYNCRIP,10111/3184/10664/2935/5558/4436/8243/4292/7884/54556/1027/6118/3609/7398/2146/1965/6427/5902/6628/27338/10051/5885/81611/203068/3930/580/2547/29028/1164/5981/84844/3159/10492,CD8+ T cells,HALLMARK,Monaco_main
HALLMARK_G2M_CHECKPOINT,HALLMARK_G2M_CHECKPOINT,90,-0.204812726682944,-0.939394686103358,0.597183098591549,0.779292068900246,0.641979736393795,1357,"tags=39%, list=29%, signal=28%",KPNB1/BUB3/EWSR1/HNRNPD/CTCF/GSPT1/KIF20B/PRIM2/SMC1A/CDKN1B/RPA2/NCL/ILF3/EZH2/SRSF2/SLC7A5/NSD2/KATNA1/ARID4A/UBE2S/CUL3/SNRPD1/SMC4/RAD21/E2F3/SLC12A2/LBR/TOP1/DR1/BARD1/CKS2/ABL1/MTF2/HMGA1/SYNCRIP,3837/9184/2130/3184/10664/2935/9585/5558/8243/1027/6118/4691/3609/2146/6427/8140/7468/11104/5926/27338/8452/6632/10051/5885/1871/6558/3930/7150/1810/580/1164/25/22823/3159/10492,CD8+ T cells,HALLMARK,Monaco_main
HALLMARK_INFLAMMATORY_RESPONSE,HALLMARK_INFLAMMATORY_RESPONSE,56,-0.227734506504482,-0.936052566849111,0.5858310626703,0.779292068900246,0.641979736393795,1087,"tags=29%, list=23%, signal=22%",IRF1/EIF2AK2/TNFRSF1B/BTG2/NMI/KIF1B/SLAMF1/ATP2A2/CCR7/PIK3R5/BST2/NAMPT/TAPBP/LY6E/RGS1/CXCR6,3659/5610/7133/7832/9111/23095/6504/488/1236/23533/684/10135/6892/4061/5996/10663,CD8+ T cells,HALLMARK,Monaco_main
HALLMARK_FATTY_ACID_METABOLISM,HALLMARK_FATTY_ACID_METABOLISM,55,-0.224673364427723,-0.918238512987272,0.605978260869565,0.779292068900246,0.641979736393795,432,"tags=16%, list=9%, signal=15%",SMS/YWHAH/APEX1/CPT1A/SDHD/MDH2/HIBCH/PSME1/MDH1,6611/7533/328/1374/6392/4191/26275/5720/4190,CD8+ T cells,HALLMARK,Monaco_main
HALLMARK_EPITHELIAL_MESENCHYMAL_TRANSITION,HALLMARK_EPITHELIAL_MESENCHYMAL_TRANSITION,23,0.284224035017902,0.90396838640363,0.609880749574106,0.779292068900246,0.641979736393795,745,"tags=30%, list=16%, signal=26%",LGALS1/AREG/CAPG/EMP3/ITGB1/FLNA/VIM,3956/374/822/2014/3688/2316/7431,CD8+ T cells,HALLMARK,Monaco_main
HALLMARK_MYC_TARGETS_V2,HALLMARK_MYC_TARGETS_V2,15,0.313128100586517,0.891337397161891,0.60431654676259,0.779292068900246,0.641979736393795,631,"tags=20%, list=13%, signal=17%",HSPE1/PRMT3/MPHOSPH10,3336/10196/10199,CD8+ T cells,HALLMARK,Monaco_main
HALLMARK_XENOBIOTIC_METABOLISM,HALLMARK_XENOBIOTIC_METABOLISM,38,0.246492131190307,0.872373705873162,0.665,0.826756756756757,0.681081081081081,1282,"tags=32%, list=27%, signal=23%",GABARAPL1/GCH1/GSR/ARPP19/PTGES3/GART/ECH1/CYFIP2/PTS/SSR3/SAR1B/DHRS7,23710/2643/2936/10776/10728/2618/1891/26999/5805/6747/51128/51635,CD8+ T cells,HALLMARK,Monaco_main
HALLMARK_P53_PATHWAY,HALLMARK_P53_PATHWAY,77,0.209426308166934,0.862147459047328,0.726844583987441,0.855861456483126,0.705057492754978,883,"tags=19%, list=19%, signal=16%",NDRG1/SESN1/PPM1D/S100A4/ZFP36L1/ERCC5/KIF13B/IER5/S100A10/POM121/MXD1/CYFIP2/PTPRE/CCND2/TSPYL2,10397/27244/8493/6275/677/2073/23303/51278/6281/9883/4084/26999/5791/894/64061,CD8+ T cells,HALLMARK,Monaco_main
HALLMARK_PROTEIN_SECRETION,HALLMARK_PROTEIN_SECRETION,71,0.209710313899255,0.847466788242769,0.738437001594896,0.855861456483126,0.705057492754978,914,"tags=23%, list=19%, signal=18%",SCAMP1/ATP6V1H/STAM/RAB2A/GBF1/ARFGAP3/VPS45/AP2B1/RPS6KA3/ARFIP1/TPD52/CLTC/SEC22B/AP3S1/GOLGA4/COPE,9522/51606/8027/5862/8729/26286/11311/163/6197/27236/7163/1213/9554/1176/2803/11316,CD8+ T cells,HALLMARK,Monaco_main
HALLMARK_APICAL_SURFACE,HALLMARK_APICAL_SURFACE,13,0.289678276305259,0.793631515714453,0.744227353463588,0.855861456483126,0.705057492754978,712,"tags=23%, list=15%, signal=20%",EFNA5/CRYBG1/AKAP7,1946/202/9465,CD8+ T cells,HALLMARK,Monaco_main
HALLMARK_ADIPOGENESIS,HALLMARK_ADIPOGENESIS,74,-0.184068087164264,-0.811208329922653,0.842666666666667,0.881666666666667,0.726315789473684,653,"tags=18%, list=14%, signal=15%",SLC66A3/GADD45A/SDHB/UQCR11/IMMT/COX6A1/ATP1B3/UCP2/SOD1/MDH2/HIBCH/DNAJC15/PPP1R15B,130814/1647/6390/10975/10989/1337/483/7351/6647/4191/26275/29103/84919,CD8+ T cells,HALLMARK,Monaco_main
HALLMARK_CHOLESTEROL_HOMEOSTASIS,HALLMARK_CHOLESTEROL_HOMEOSTASIS,30,-0.22355075768039,-0.791615818501541,0.799019607843137,0.881666666666667,0.726315789473684,568,"tags=17%, list=12%, signal=15%",ACTG1/FABP5/TP53INP1/PLSCR1/ATF3,71/2171/94241/5359/467,CD8+ T cells,HALLMARK,Monaco_main
HALLMARK_PEROXISOME,HALLMARK_PEROXISOME,38,0.212629368363737,0.752528160478,0.843333333333333,0.881666666666667,0.726315789473684,837,"tags=21%, list=18%, signal=17%",DHRS3/PEX14/PEX2/ECH1/CNBP/ATXN1/BCL10/SOD2,9249/5195/5828/1891/7555/6310/8915/6648,CD8+ T cells,HALLMARK,Monaco_main
HALLMARK_MYOGENESIS,HALLMARK_MYOGENESIS,22,0.237862262406215,0.742320778806479,0.833040421792619,0.881666666666667,0.726315789473684,1411,"tags=41%, list=30%, signal=29%",RIT1/ITGB1/SIRT2/PDE4DIP/RB1/EIF4A2/IFRD1/DAPK2/PRNP,6016/3688/22933/9659/5925/1974/3475/23604/5621,CD8+ T cells,HALLMARK,Monaco_main
HALLMARK_ANDROGEN_RESPONSE,HALLMARK_ANDROGEN_RESPONSE,53,0.197481940757153,0.750414713509559,0.890127388535032,0.909907997169144,0.749580958766343,1555,"tags=40%, list=33%, signal=27%",NDRG1/GSR/HERC3/RPS6KA3/TPD52/ELL2/ZBTB10/TMEM50A/PTK2B/TNFAIP8/MYL12A/PA2G4/PIAS1/APPBP2/ANKH/PDLIM5/SLC38A2/LMAN1/NCOA4/STK39/DNAJB9,10397/2936/8916/6197/7163/22936/65986/23585/2185/25816/10627/5036/8554/10513/56172/10611/54407/3998/8031/27347/4189,CD8+ T cells,HALLMARK,Monaco_main
HALLMARK_DNA_REPAIR,HALLMARK_DNA_REPAIR,72,-0.161286074072072,-0.703532875256834,0.967302452316076,0.967302452316076,0.79686243211393,909,"tags=22%, list=19%, signal=18%",GTF2B/POLR2E/NCBP2/POLR2A/NME3/NELFCD/RNMT/MPG/VPS37B/VPS28/ARL6IP1/GTF2F1/POLD4/POLA1/GUK1/POLR2G,2959/5434/22916/5430/4832/51497/8731/4350/79720/51160/23204/2962/57804/5422/2987/5436,CD8+ T cells,HALLMARK,Monaco_main
HALLMARK_INTERFERON_GAMMA_RESPONSE,HALLMARK_INTERFERON_GAMMA_RESPONSE,165,-0.653207822723676,-3.20681800144881,1e-10,2.5e-09,1.84210526315789e-09,1165,"tags=53%, list=13%, signal=47%",IFI30/PDE4B/TRIM21/PSMA3/SLC25A28/STAT4/PNP/GCH1/DDX60/CDKN1A/AUTS2/IFIH1/CD38/RIPK2/BANK1/IRF4/ISOC1/SRI/KLRK1/EIF4E3/CASP1/CASP4/STAT2/IDO1/EPSTI1/CD40/GZMA/P2RY14/PTPN6/IL4R/TRIM25/TNFAIP2/UBE2L6/PARP14/HIF1A/RNF213/FCGR1A/SOCS1/SAMHD1/PSMB10/IFITM2/ZNFX1/IFITM3/EIF2AK2/CD69/IFI35/PSMA2/IRF7/IFNAR2/ST3GAL5/B2M/IRF9/NMI/SOCS3/CCL5/HLA-A/PARP12/PTPN1/MVP/CXCL10/JAK2/SAMD9L/TAPBP/PSME1/LYSMD2/VAMP5/HLA-B/LAP3/MYD88/PSME2/ISG20/APOL6/SP110/GBP4/PFKP/MX1/CXCL9/OAS2/IRF1/MX2/TAP1/PSMB8/ISG15/PSMB9/NLRC5/TNFSF10/STAT1,10437/5142/6737/5684/81894/6775/4860/2643/55601/1026/26053/64135/952/8767/55024/3662/51015/6717/22914/317649/834/837/6773/3620/94240/958/3001/9934/5777/3566/7706/7127/9246/54625/3091/57674/2209/8651/25939/5699/10581/57169/10410/5610/969/3430/5683/3665/3455/8869/567/10379/9111/9021/6352/3105/64761/5770/9961/3627/3717/219285/6892/5720/256586/10791/3106/51056/4615/5721/3669/80830/3431/115361/5214/4599/4283/4939/3659/4600/6890/5696/9636/5698/84166/8743/6772,Dendritic cells,HALLMARK,Monaco_main
HALLMARK_INTERFERON_ALPHA_RESPONSE,HALLMARK_INTERFERON_ALPHA_RESPONSE,76,-0.715499925939006,-3.09528997392775,1e-10,2.5e-09,1.84210526315789e-09,1213,"tags=63%, list=13%, signal=55%",IL15/IFI30/NCOA7/TRIM21/PSMA3/SLC25A28/DDX60/IFIH1/RIPK2/CASP1/STAT2/EPSTI1/OAS1/HLA-C/IL4R/TRIM25/UBE2L6/NUB1/PARP14/CD47/IFITM2/IFITM3/EIF2AK2/IFI35/IRF7/TMEM140/SELL/B2M/IRF9/NMI/PARP12/TRIM5/CXCL10/SAMD9L/PSME1/LAP3/PSME2/ISG20/SP110/GBP4/MX1/IRF1/PARP9/TAP1/PSMB8/ISG15/PSMB9/GBP2,3600/10437/135112/6737/5684/81894/55601/64135/8767/834/6773/94240/4938/3107/3566/7706/9246/51667/54625/961/10581/10410/5610/3430/3665/55281/6402/567/10379/9111/64761/85363/3627/219285/5720/51056/5721/3669/3431/115361/4599/3659/83666/6890/5696/9636/5698/2634,Dendritic cells,HALLMARK,Monaco_main
HALLMARK_ALLOGRAFT_REJECTION,HALLMARK_ALLOGRAFT_REJECTION,139,-0.481515377788007,-2.30038224909461,4.62939332690465e-10,7.71565554484109e-09,5.68521987514606e-09,889,"tags=54%, list=10%, signal=49%",NLRP3/MAP3K7/BCL3/WAS/BCAT1/AKT1/HDAC9/ABCE1/RPS9/IRF8/GLMN/CD3G/BCL10/GPR65/MRPL3/RPS19/RPL39/CD3E/TIMP1/IL15/HLA-DOB/STAT4/CCR5/CD1D/RIPK2/EREG/IRF4/UBE2N/SPI1/ITGAL/CAPG/LY75/CD40/CCR2/IL16/GZMA/EIF5A/CFP/CD8A/ABI1/PRKCB/PTPN6/IL4R/CD2/ELF4/PTPRC/FGR/CSK/CD79A/HIF1A/CD3D/LTB/SOCS1/CD247/CD47/PSMB10/MAP4K1/IRF7/EIF4G3/IFNAR2/B2M/CCL5/IL2RG/HLA-A/FLNA/ETS1/JAK2/TAPBP/CD96/GZMB/CXCL9/TAP2/TAP1/GBP2/STAT1,114548/6885/602/7454/586/207/9734/6059/6203/3394/11146/917/8915/8477/11222/6223/6170/916/7076/3600/3112/6775/1234/912/8767/2069/3662/7334/6688/3683/822/4065/958/729230/3603/3001/1984/5199/925/10006/5579/5777/3566/914/2000/5788/2268/1445/973/3091/915/4050/8651/919/961/5699/11184/3665/8672/3455/567/6352/3561/3105/2316/2113/3717/6892/10225/3002/4283/6891/6890/2634/6772,Dendritic cells,HALLMARK,Monaco_main
HALLMARK_MYC_TARGETS_V1,HALLMARK_MYC_TARGETS_V1,184,-0.399440082352682,-1.98910117429509,9.47507529749686e-08,1.18438441218711e-06,8.72704303716816e-07,2552,"tags=46%, list=28%, signal=34%",RUVBL2/UBA2/XRCC6/HDAC2/CCT7/FBL/BUB3/LSM2/EIF3J/RPLP0/YWHAE/DEK/NME1/NHP2/MCM6/RPL34/EIF2S2/RPS6/SRSF1/PSMB2/TFDP1/HNRNPA3/RPL6/HNRNPR/VDAC1/TXNL4A/ABCE1/NCBP1/SSBP1/PRDX4/RPS5/PABPC1/LDHA/SRPK1/TARDBP/HDGF/SSB/PSMA1/PSMD3/ODC1/MRPL23/PSMC6/RACK1/CBX3/PHB2/RPL22/RPS2/COX5A/EIF4G2/NOP16/SNRPD1/SNRPA/MRPL9/SRSF2/HNRNPD/PPIA/RPL14/C1QBP/EIF4E/RPS3/PRPF31/CUL1/AIMP2/LSM7/CTPS1/SNRPB2/RPL18/EXOSC7/VDAC3/SNRPG/PSMD7/RANBP1/PSMB3/PPM1G/APEX1/SNRPD2/VBP1/PSMA6/NDUFAB1/GNL3/PSMA2/UBE2L3/SET/NOLC1/PSMA4,10856/10054/2547/3066/10574/2091/9184/57819/8669/6175/7531/7913/4830/55651/4175/6164/8894/6194/6426/5690/7027/220988/6128/10236/7416/10907/6059/4686/6742/10549/6193/26986/3939/6732/23435/3068/6741/5682/5709/4953/6150/5706/10399/11335/11331/6146/6187/9377/1982/51491/6632/6626/65005/6427/3184/5478/9045/708/1977/6188/26121/8454/7965/51690/1503/6629/6141/23016/7419/6637/5713/5902/5691/5496/328/6633/7411/5687/4706/26354/5683/7332/6418/9221/5685,Dendritic cells,HALLMARK,Monaco_main
HALLMARK_HEME_METABOLISM,HALLMARK_HEME_METABOLISM,124,0.410742908803245,1.79285242592163,9.80760683048345e-05,0.000980760683048345,0.000722665766456675,1379,"tags=31%, list=15%, signal=26%",SDCBP/ABCG2/FECH/MFHAS1/ARHGEF12/BLVRB/CTNS/MPP1/LPIN2/BTG2/CTSB/SLC30A1/SLC11A2/ERMAP/NFE2L1/ADIPOR1/TFDP2/GAPVD1/RANBP10/EZH1/ACP5/ATP6V0A1/RBM38/DCUN1D1/CCND3/SEC14L1/RBM5/TOP1/CDR2/FOXO3/NCOA4/SYNJ1/GCLM/PRDX2/NARF/KHNYN/BNIP3L/HEBP1,6386/9429/2235/9258/23365/645/1497/4354/9663/7832/1508/7779/4891/114625/4779/51094/7029/26130/57610/2145/54/535/55544/54165/896/6397/10181/7150/1039/2309/8031/8867/2730/7001/26502/23351/665/50865,Dendritic cells,HALLMARK,Monaco_main
HALLMARK_UV_RESPONSE_UP,HALLMARK_UV_RESPONSE_UP,103,0.41039129708426,1.72611975994962,0.000428328335712067,0.00325646478916178,0.00239950037096131,2225,"tags=43%, list=24%, signal=33%",ABCB1/HMOX1/CYB5R1/HTR7/EIF5/MMP14/ARRB2/EPHX1/CREG1/BTG2/AMD1/FKBP4/DNAJB1/ATP6V1C1/STK25/PLCL1/TCHH/CHKA/PARP2/ATF3/SULT1A1/NR4A1/CCND3/MGAT1/FOS/FOSB/IL6ST/CDKN1C/TMBIM6/NAT1/PRKACA/CEBPG/RXRB/MARK2/SQSTM1/EPCAM/JUNB/CASP3/CDC5L/STIP1/PRPF3/KLHDC3/BSG/TGFBRAP1,5243/3162/51706/3363/1983/4323/409/2052/8804/7832/262/2288/3337/528/10494/5334/7062/1119/10038/467/6817/3164/896/4245/2353/2354/3572/1028/7009/9/5566/1054/6257/2011/8878/4072/3726/836/988/10963/9129/116138/682/9392,Dendritic cells,HALLMARK,Monaco_main
HALLMARK_OXIDATIVE_PHOSPHORYLATION,HALLMARK_OXIDATIVE_PHOSPHORYLATION,197,-0.310148006171474,-1.55090106956349,0.000455905070482649,0.00325646478916178,0.00239950037096131,2324,"tags=38%, list=26%, signal=29%",NDUFB1/COX6B1/COX7B/SURF1/CPT1A/ATP6V1H/ATP5F1B/NDUFB2/NDUFB6/ATP6V1G1/NDUFA8/ETFA/COX17/PDHB/COX7A2L/SLC25A6/VDAC1/CYB5R3/NDUFB3/MRPS30/MRPS15/NDUFS8/NDUFA1/ATP5PF/ATP5ME/DLAT/PHYH/NDUFS4/LDHA/UQCRQ/ATP5F1E/IDH3G/NDUFB4/PDHX/TOMM22/HSD17B10/NDUFB7/COX4I1/NDUFC1/COX8A/PHB2/SDHB/ETFB/ATP5MC2/ATP5PO/BAX/COX5A/ATP5MC1/GRPEL1/MRPL11/ATP5F1C/NDUFA7/TCIRG1/CYCS/NDUFC2/COX7A2/VDAC3/ACAA1/DECR1/TIMM10/ATP5MF/NDUFV2/OGDH/TIMM17A/ATP5MG/COX6A1/NDUFAB1/MRPS12/NDUFS6/OXA1L/LDHB/NDUFA9/TIMM8B/IDH3A,4707/1340/1349/6834/1374/51606/506/4708/4712/9550/4702/2108/10063/5162/9167/293/7416/1727/4709/10884/64960/4728/4694/522/521/1737/5264/4724/3939/27089/514/3421/4710/8050/56993/3028/4713/1327/4717/1351/11331/6390/2109/517/539/581/9377/516/80273/65003/509/4701/10312/54205/4718/1347/7419/30/1666/26519/9551/4729/4967/10440/10632/1337/4706/6183/4726/5018/3945/4704/26521/3419,Dendritic cells,HALLMARK,Monaco_main
HALLMARK_SPERMATOGENESIS,HALLMARK_SPERMATOGENESIS,45,0.460390687343162,1.65778548886733,0.00564675400229468,0.0352922125143418,0.0260047881684623,980,"tags=27%, list=11%, signal=24%",IFT88/MLF1/PIAS2/SHE/SIRT1/COIL/TLE4/PARP2/IP6K1/AGFG1/SPATA6/ARL4A,8100/4291/9063/126669/23411/8161/7091/10038/9807/3267/54558/10124,Dendritic cells,HALLMARK,Monaco_main
HALLMARK_IL6_JAK_STAT3_SIGNALING,HALLMARK_IL6_JAK_STAT3_SIGNALING,68,-0.35840044419021,-1.52660645073103,0.0119361433961957,0.0652363580247326,0.0480688953866451,540,"tags=22%, list=6%, signal=21%",STAT2/IL4R/LTB/SOCS1/IL3RA/IRF9/SOCS3/IL2RG/PTPN1/CXCL10/CD44/MYD88/CXCL9/IRF1/STAT1,6773/3566/4050/8651/3563/10379/9021/3561/5770/3627/960/4615/4283/3659/6772,Dendritic cells,HALLMARK,Monaco_main
HALLMARK_COAGULATION,HALLMARK_COAGULATION,55,0.394759341279755,1.48960848196245,0.0130472716049465,0.0652363580247326,0.0480688953866451,1556,"tags=35%, list=17%, signal=29%",ADAM9/APOC1/A2M/LGMN/MMP14/PDGFB/MAFF/C1QA/CTSB/CPQ/DUSP6/PROS1/P2RY1/RABIF/APOC2/MSRB2/C2/CFD/F8,8754/341/2/5641/4323/5155/23764/712/1508/10404/1848/5627/5028/5877/344/22921/717/1675/2157,Dendritic cells,HALLMARK,Monaco_main
HALLMARK_XENOBIOTIC_METABOLISM,HALLMARK_XENOBIOTIC_METABOLISM,109,0.322131680299611,1.36517221267134,0.0280105193526552,0.127320542512069,0.0938151365878402,1575,"tags=27%, list=17%, signal=22%",HMOX1/APOE/PAPSS2/BLVRB/LPIN2/EPHX1/MT2A/NINJ1/IDH1/IGFBP4/IGF1/PDK4/TNFRSF1A/NPC1/SERTAD1/PMM1/PTGR1/PROS1/UGDH/ALDH9A1/ABCC3/FAH/TMBIM6/IL1R1/CD36/GCLC/ADH5/ACP2/TMEM97,3162/348/9060/645/9663/2052/4502/4814/3417/3487/3479/5166/7132/4864/29950/5372/22949/5627/7358/223/8714/2184/7009/3554/948/2729/128/53/27346,Dendritic cells,HALLMARK,Monaco_main
HALLMARK_ANGIOGENESIS,HALLMARK_ANGIOGENESIS,14,-0.516261959150965,-1.50490396940762,0.0449044065364684,0.149681355121561,0.110291524826414,1216,"tags=43%, list=13%, signal=37%",TIMP1/VCAN/S100A4/PTK2/APP/THBD,7076/1462/6275/5747/351/7056,Dendritic cells,HALLMARK,Monaco_main
HALLMARK_APICAL_SURFACE,HALLMARK_APICAL_SURFACE,20,-0.459609918658554,-1.49819418141364,0.0411957989542563,0.149681355121561,0.110291524826414,672,"tags=30%, list=7%, signal=28%",AKAP7/TMEM8B/SULF2/IL2RG/APP/CRYBG1,9465/51754/55959/3561/351/202,Dendritic cells,HALLMARK,Monaco_main
HALLMARK_HYPOXIA,HALLMARK_HYPOXIA,122,0.315876433415765,1.37489412202847,0.0388217761062267,0.149681355121561,0.110291524826414,1578,"tags=32%, list=17%, signal=27%",HMOX1/MT1E/CCNG2/PDGFB/MAFF/DUSP1/P4HA1/MT2A/KLHL24/DDIT3/PDK3/PNRC1/ERRFI1/TIPARP/ATP7A/ATF3/KLF6/GPC4/PLIN2/GAA/HEXA/CITED2/FOS/KDM3A/ZFP36/FOXO3/JUN/GYS1/CDKN1C/JMJD6/RRAGD/PRKCA/BNIP3L/AMPD3/HSPA5/VHL/PGM2/SAP30/IDS,3162/4493/901/5155/23764/1843/5033/4502/54800/1649/5165/10957/54206/25976/538/467/1316/2239/123/2548/3073/10370/2353/55818/7538/2309/3725/2997/1028/23210/58528/5578/665/272/3309/7428/55276/8819/3423,Dendritic cells,HALLMARK,Monaco_main
HALLMARK_COMPLEMENT,HALLMARK_COMPLEMENT,133,0.300799603531856,1.32685623433649,0.043956043956044,0.149681355121561,0.110291524826414,909,"tags=23%, list=10%, signal=21%",DOCK4/PLA2G4A/CPM/LGALS3/GNAI3/ADAM9/APOC1/LGMN/HSPA1A/MMP14/PDGFB/MAFF/LIPA/C1QA/C1QC/CTSB/ME1/STX4/PLA2G7/CXCL1/CTSC/CTSD/CD59/CPQ/DUSP6/GMFB/FCER1G/SIRT6/TIMP2/CTSL,9732/5321/1368/3958/2773/8754/341/5641/3303/4323/5155/23764/3988/712/714/1508/4199/6810/7941/2919/1075/1509/966/10404/1848/2764/2207/51548/7077/1514,Dendritic cells,HALLMARK,Monaco_main
HALLMARK_ESTROGEN_RESPONSE_LATE,HALLMARK_ESTROGEN_RESPONSE_LATE,94,0.320314568681842,1.32316388834426,0.0551948051948052,0.172483766233766,0.127093301435407,1227,"tags=24%, list=13%, signal=21%",CXCL12/NAB2/PAPSS2/BLVRB/UNC13B/FARP1/SLC2A8/IGFBP4/FKBP4/ST14/EGR3/SGK1/PDCD4/UGDH/SLC29A1/GLA/FOS/ZFP36/IL6ST/ITPK1/TOP2A/PLAAT3/EMP2,6387/4665/9060/645/10497/10160/29988/3487/2288/6768/1960/6446/27250/7358/2030/2717/2353/7538/3572/3705/7153/11145/2013,Dendritic cells,HALLMARK,Monaco_main
HALLMARK_WNT_BETA_CATENIN_SIGNALING,HALLMARK_WNT_BETA_CATENIN_SIGNALING,25,0.434527319294339,1.4025104189886,0.0608695652173913,0.179028132992327,0.131915466415399,1153,"tags=20%, list=13%, signal=18%",ADAM17/FZD1/KAT2A/GNAI1/WNT5B,6868/8321/2648/2770/81029,Dendritic cells,HALLMARK,Monaco_main
HALLMARK_APOPTOSIS,HALLMARK_APOPTOSIS,111,-0.266981030192813,-1.23143686548189,0.0826666666666667,0.22962962962963,0.169200779727095,1745,"tags=32%, list=19%, signal=27%",CASP8/SPTAN1/SMAD7/RNASEL/BIRC3/DAP/BCL10/DPYD/BAX/TIMP1/EBP/GNA15/BID/ANXA1/GCH1/CDKN1A/RARA/CDKN1B/SATB1/CD38/EREG/PAK1/TSPO/CASP1/CASP4/GSN/CD2/IFITM3/CD69/PTK2/CD44/APP/ISG20/IRF1/TAP1/TNFSF10,841/6709/4092/6041/330/1611/8915/1806/581/7076/10682/2769/637/301/2643/1026/5914/1027/6304/952/2069/5058/706/834/837/2934/914/10410/969/5747/960/351/3669/3659/6890/8743,Dendritic cells,HALLMARK,Monaco_main
HALLMARK_KRAS_SIGNALING_UP,HALLMARK_KRAS_SIGNALING_UP,109,0.298336788806894,1.26433107640317,0.10031847133758,0.250796178343949,0.18479718404291,1860,"tags=31%, list=20%, signal=25%",ABCB1/ADAM17/DCBLD2/SPRY2/MMD/ENG/ETV5/ANKH/EPHB2/C3AR1/AVL9/FBXO4/NRP1/ADAMDEC1/DUSP6/MAFB/FCER1G/CMKLR1/FUCA1/SDCCAG8/GPNMB/IL1RL2/PLVAP/PDCD1LG2/CBL/IL1B/CAB39L/LAT2/ZNF639/CTSS/STRN/TMEM176A/PPP1R15A/BTBD3,5243/6868/131566/10253/23531/2022/2119/56172/2048/719/23080/26272/8829/27299/1848/9935/2207/1240/2517/10806/10457/8808/83483/80380/867/3553/81617/7462/51193/1520/6801/55365/23645/22903,Dendritic cells,HALLMARK,Monaco_main
HALLMARK_P53_PATHWAY,HALLMARK_P53_PATHWAY,144,0.276728534271889,1.23568120990616,0.0961832061068702,0.250796178343949,0.18479718404291,1479,"tags=24%, list=16%, signal=21%",SESN1/HMOX1/BAIAP2/WWP1/ZBTB16/EPHX1/RALGDS/GM2A/BTG2/NINJ1/DDIT3/EI24/CD81/ST14/SLC3A2/TCHH/CTSD/ABCC5/ALOX15B/ATF3/PMM1/PLK3/CCND3/TNFSF9/FUCA1/RCHY1/FOS/FOXO3/JUN/TXNIP/TCN2/PRKAB1/CCP110/RB1/RAP2B,27244/3162/10458/11059/7704/2052/5900/2760/7832/4814/1649/9538/975/6768/6520/7062/1509/10057/247/467/5372/1263/896/8744/2517/25898/2353/2309/3725/10628/6948/5564/9738/5925/5912,Dendritic cells,HALLMARK,Monaco_main
HALLMARK_PROTEIN_SECRETION,HALLMARK_PROTEIN_SECRETION,90,0.3050737292965,1.24852996297943,0.111842105263158,0.254186602870813,0.18729539158902,2407,"tags=37%, list=26%, signal=27%",YIPF6/SGMS1/CTSC/ABCA1/AP2M1/GNAS/CD63/ATP7A/KIF1B/ARFIP1/GLA/SNX2/DST/IGF2R/ICA1/ATP1A1/SOD1/CLTC/SEC22B/ZW10/CLN5/SCAMP1/ARCN1/TMX1/GALC/AP3B1/COPB2/VAMP4/LAMP2/DNM1L/M6PR/NAPG/ADAM10,286451/259230/1075/19/1173/2778/967/538/23095/27236/2717/6643/667/3482/3382/476/6647/1213/9554/9183/1203/9522/372/81542/2581/8546/9276/8674/3920/10059/4074/8774/102,Dendritic cells,HALLMARK,Monaco_main
HALLMARK_TNFA_SIGNALING_VIA_NFKB,HALLMARK_TNFA_SIGNALING_VIA_NFKB,159,0.26658880415277,1.20791210833488,0.111280487804878,0.254186602870813,0.18729539158902,1077,"tags=23%, list=12%, signal=20%",IL18/CD83/MARCKS/EGR2/MAFF/EGR1/DUSP1/KLF2/CCL4/BTG2/NINJ1/GADD45B/IER2/CXCL1/TNF/PNRC1/ABCA1/REL/PHLDA1/PER1/TIPARP/EGR3/SGK1/CCNL1/ATF3/NR4A1/KLF6/HES1/TNFSF9/RELA/FOS/FOSB/DNAJB4/ZFP36/IL6ST/JUN,3606/9308/4082/1959/23764/1958/1843/10365/6351/7832/4814/4616/9592/2919/7124/10957/19/5966/22822/5187/25976/1960/6446/57018/467/3164/1316/3280/8744/5970/2353/2354/11080/7538/3572/3725,Dendritic cells,HALLMARK,Monaco_main
HALLMARK_CHOLESTEROL_HOMEOSTASIS,HALLMARK_CHOLESTEROL_HOMEOSTASIS,51,0.33852259900625,1.26385546826688,0.129139072847682,0.280737114886265,0.206858926758301,867,"tags=24%, list=10%, signal=21%",LGALS3/CXCL16/LGMN/SCD/PDK3/GUSB/PNRC1/CHKA/ERRFI1/ATXN2/ATF3/GNAI1,3958/58191/5641/6319/5165/2990/10957/1119/54206/6311/467/2770,Dendritic cells,HALLMARK,Monaco_main
HALLMARK_GLYCOLYSIS,HALLMARK_GLYCOLYSIS,120,0.281349138306324,1.21691873253441,0.135646687697161,0.282597266035752,0.208229564447396,1722,"tags=28%, list=19%, signal=23%",GNPDA1/ALDH7A1/MERTK/P4HA1/ME1/IDH1/PYGL/FKBP4/DSC2/PDK3/AK3/GUSB/SRD5A3/PSMC4/GPC4/CITED2/ALDH9A1/CLN6/GYS1/AKR1A1/RRAGD/PPP2CB/QSOX1/IL13RA1/HSPA5/SOD1/GCLC/SLC16A3/PAXIP1/PGM2/LHPP/SAP30/TGFBI/PRPS1,10007/501/10461/5033/4199/3417/5836/2288/1824/5165/50808/2990/79644/5704/2239/10370/223/54982/2997/10327/58528/5516/5768/3597/3309/6647/2729/9123/22976/55276/64077/8819/7045/5631,Dendritic cells,HALLMARK,Monaco_main
HALLMARK_INFLAMMATORY_RESPONSE,HALLMARK_INFLAMMATORY_RESPONSE,122,-0.251034145329838,-1.17417228576719,0.146005509641873,0.292011019283747,0.215166014209076,1216,"tags=30%, list=13%, signal=27%",MEFV/IL15RA/GPR183/CCRL2/RNF144B/LY6E/TIMP1/IL15/GNA15/PDE4B/CYBB/PTGER4/GCH1/CDKN1A/CD48/RIPK2/EREG/GABBR1/SRI/MXD1/CD55/CD40/ABI1/IL4R/HIF1A/EIF2AK2/CD69/IRF7/SELL/NMI/CCL5/CXCL10/EMP3/TAPBP/CXCL9/IRF1/TNFSF10,4210/3601/1880/9034/255488/4061/7076/3600/2769/5142/1536/5734/2643/1026/962/8767/2069/2550/6717/4084/1604/958/10006/3566/3091/5610/969/3665/6402/9111/6352/3627/2014/6892/4283/3659/8743,Dendritic cells,HALLMARK,Monaco_main
HALLMARK_EPITHELIAL_MESENCHYMAL_TRANSITION,HALLMARK_EPITHELIAL_MESENCHYMAL_TRANSITION,63,0.311538334158912,1.20016833596845,0.183333333333333,0.333723653395785,0.245901639344262,1083,"tags=29%, list=12%, signal=25%",CXCL12/ITGB5/ITGAV/MMP14/DAB2/IGFBP4/GADD45B/CXCL1/CD59/CXCL8/COLGALT1/PMP22/CADM1/FUCA1/CALU/DST/JUN/TPM1,6387/3693/3685/4323/1601/3487/4616/2919/966/3576/79709/5376/23705/2517/813/667/3725/7168,Dendritic cells,HALLMARK,Monaco_main
HALLMARK_ESTROGEN_RESPONSE_EARLY,HALLMARK_ESTROGEN_RESPONSE_EARLY,97,0.281399901190379,1.1670518211085,0.186885245901639,0.333723653395785,0.245901639344262,1432,"tags=23%, list=16%, signal=19%",CXCL12/FCMR/PAPSS2/OLFML3/BLVRB/FARP1/TBC1D30/IGFBP4/FKBP4/TIPARP/EGR3/ELF1/CLDN7/HES1/GLA/FOS/IL6ST/GAB2/ITPK1/PLAAT3/SNX24/KDM4B,6387/9214/9060/56944/645/10160/23329/3487/2288/25976/1960/1997/1366/3280/2717/2353/3572/9846/3705/11145/28966/23030,Dendritic cells,HALLMARK,Monaco_main
HALLMARK_PI3K_AKT_MTOR_SIGNALING,HALLMARK_PI3K_AKT_MTOR_SIGNALING,80,-0.265931409220532,-1.16282715125043,0.184491978609626,0.333723653395785,0.245901639344262,1188,"tags=24%, list=13%, signal=21%",YWHAB/PPP1CA/ARHGDIA/CDKN1A/CDKN1B/MAP2K6/CAMK4/EIF4E/UBE2N/VAV3/STAT2/PRKCB/THEM4/CFL1/CXCR4/IL2RG/IRAK4/PFN1/MYD88,7529/5499/396/1026/1027/5608/814/1977/7334/10451/6773/5579/117145/1072/7852/3561/51135/5216/4615,Dendritic cells,HALLMARK,Monaco_main
HALLMARK_MYC_TARGETS_V2,HALLMARK_MYC_TARGETS_V2,48,-0.29538872893391,-1.16451908964142,0.203517587939698,0.339195979899498,0.249933879925946,1880,"tags=33%, list=21%, signal=27%",NDUFAF4/SORD/NIP7/EXOSC5/RABEPK/GRWD1/WDR74/CBX3/NOP16/TBRG4/TFB2M/DCTPP1/AIMP2/WDR43/GNL3/NOLC1,29078/6652/51388/56915/10244/83743/54663/11335/51491/9238/64216/79077/7965/23160/26354/9221,Dendritic cells,HALLMARK,Monaco_main
HALLMARK_APICAL_JUNCTION,HALLMARK_APICAL_JUNCTION,90,-0.255824154698053,-1.14540329734836,0.197969543147208,0.339195979899498,0.249933879925946,1974,"tags=33%, list=22%, signal=26%",INSIG1/MAP3K20/VCL/ADAM15/FSCN1/SRC/ZYX/ICAM2/VASP/TRAF1/MSN/MVD/RHOF/ACTN4/ARPC2/PBX2/VCAN/MYL12B/CAP1/PTPRC/TMEM8B/NEGR1/RAC2/ACTG1/CNN2/PTK2/ACTB/CD99/PFN1/MYH9,3638/51776/7414/8751/6624/6714/7791/3384/7408/7185/4478/4597/54509/81/10109/5089/1462/103910/10487/5788/51754/257194/5880/71/1265/5747/60/4267/5216/4627,Dendritic cells,HALLMARK,Monaco_main
HALLMARK_MTORC1_SIGNALING,HALLMARK_MTORC1_SIGNALING,163,-0.223765326254891,-1.09206473517728,0.229166666666667,0.369623655913978,0.272354272778721,1239,"tags=20%, list=14%, signal=18%",BHLHE40/ATP5MC1/EBP/IFI30/HMGCS1/PSMA3/PNP/PPIA/CDKN1A/PSME3/STARD4/UCHL5/PGM1/SHMT2/SLC2A3/USO1/EGLN3/ENO1/ARPC5L/DDIT4/ELOVL5/CFP/PNO1/SLC1A5/GAPDH/TES/EDEM1/PPA1/CXCR4/SLC7A5/PSMA4/CORO1A/SRD5A1,8553/516/10682/10437/3157/5684/4860/5478/1026/10197/134429/51377/5236/6472/6515/8615/112399/2023/81873/54541/60481/5199/56902/6510/2597/26136/9695/5464/7852/8140/5685/11151/6715,Dendritic cells,HALLMARK,Monaco_main
HALLMARK_HEDGEHOG_SIGNALING,HALLMARK_HEDGEHOG_SIGNALING,15,0.420159607184026,1.17653031577286,0.251798561151079,0.372484520123839,0.274462277985987,1485,"tags=33%, list=16%, signal=28%",OPHN1/LDB1/NRP1/UNC5C/NRP2,4983/8861/8829/8633/8828,Dendritic cells,HALLMARK,Monaco_main
HALLMARK_UV_RESPONSE_DN,HALLMARK_UV_RESPONSE_DN,91,0.273939665638209,1.1232021338362,0.253289473684211,0.372484520123839,0.274462277985987,1360,"tags=22%, list=15%, signal=19%",NR1D2/MT1E/LPAR1/DAB2/DUSP1/ATRN/INPP4B/DBP/NRP1/MIOS/SFMBT1/PMP22/CITED2/PIK3R3/ICA1/PTPRM/PRKCA/ATP2C1/KCNMA1/SIPA1L1,9975/4493/1902/1601/1843/8455/8821/1628/8829/54468/51460/5376/10370/8503/3382/5797/5578/27032/3778/26037,Dendritic cells,HALLMARK,Monaco_main
HALLMARK_PEROXISOME,HALLMARK_PEROXISOME,72,-0.255299365029752,-1.10073653776115,0.246153846153846,0.372484520123839,0.274462277985987,1685,"tags=31%, list=19%, signal=25%",ITGB1BP1/PABPC1/PEX2/CTBP1/BCL10/PEX14/ACOX1/ACSL5/FDPS/IDE/SLC25A17/STS/TSPO/ISOC1/CTPS1/ELOVL5/ACAA1/FIS1/SLC25A19/GNPAT/ACSL1/MVP,9270/26986/5828/1487/8915/5195/51/51703/2224/3416/10478/412/706/51015/1503/60481/30/51024/60386/8443/2180/9961,Dendritic cells,HALLMARK,Monaco_main
HALLMARK_KRAS_SIGNALING_DN,HALLMARK_KRAS_SIGNALING_DN,44,0.306663018342917,1.09643734416847,0.308873720136519,0.441248171623598,0.325130231722651,2111,"tags=39%, list=23%, signal=30%",PRKN/RYR1/ZBTB16/BTG2/DTNB/SELENOP/SGK1/TFCP2L1/NR6A1/C5/CPEB3/SKIL/PDK2/NR4A2/COQ8A/VPS50/KMT2D,5071/6261/7704/7832/1838/6414/6446/29842/2649/727/22849/6498/5164/4929/56997/55610/8085,Dendritic cells,HALLMARK,Monaco_main
HALLMARK_NOTCH_SIGNALING,HALLMARK_NOTCH_SIGNALING,23,0.34303297118862,1.08802102490257,0.349397590361446,0.485274431057564,0.357570633410836,1577,"tags=30%, list=17%, signal=25%",TCF7L2/FZD1/ST3GAL6/KAT2A/HES1/PRKCA/SAP30,6934/8321/10402/2648/3280/5578/8819,Dendritic cells,HALLMARK,Monaco_main
HALLMARK_IL2_STAT5_SIGNALING,HALLMARK_IL2_STAT5_SIGNALING,133,0.237836366752841,1.04911928829895,0.362637362637363,0.49005049005049,0.361089834774045,1421,"tags=25%, list=16%, signal=21%",ABCB1/WLS/CD83/ITGAV/SHE/PHTF2/MAFF/CYFIP1/AMACR/P4HA1/GADD45B/CD81/AHR/PHLDA1/PRNP/NRP1/SWAP70/SPRED2/KLF6/CCND3/PLIN2/SMPDL3A/LRRC8C/ARL4A/SERPINB6/FAH/IGF2R/CDKN1C/RRAGD/PLAGL1/CD86/TLR7/ALCAM,5243/79971/9308/3685/126669/57157/23764/23191/23600/5033/4616/975/196/22822/5621/8829/23075/200734/1316/896/123/10924/84230/10124/5269/2184/3482/1028/58528/5325/942/51284/214,Dendritic cells,HALLMARK,Monaco_main
HALLMARK_BILE_ACID_METABOLISM,HALLMARK_BILE_ACID_METABOLISM,54,0.279443675475244,1.04586131940711,0.376884422110553,0.495900555408622,0.365400409248458,1541,"tags=26%, list=17%, signal=22%",AMACR/IDH1/ALDH1A1/NPC1/ABCA1/PECR/TFCP2L1/SLC29A1/ALDH9A1/RBP1/GCLM/SLC23A2/SOD1/HSD17B11,23600/3417/216/4864/19/55825/29842/2030/223/5947/2730/9962/6647/51170,Dendritic cells,HALLMARK,Monaco_main
HALLMARK_MITOTIC_SPINDLE,HALLMARK_MITOTIC_SPINDLE,153,0.225234510626607,1.01172390826878,0.425269645608629,0.545217494370037,0.401739206377922,1199,"tags=17%, list=13%, signal=15%",DOCK4/ARHGEF12/OPHN1/MARCKS/ITSN1/CKAP5/TUBGCP5/NUSAP1/FARP1/PCM1/CENPE/ECT2/ABR/ABL1/PRC1/TSC1/CLIP2/BIN1/KIF1B/HOOK3/EPB41L2/DST/WASF2/TOP2A/WASL/RABGAP1,9732/23365/4983/4082/6453/9793/114791/51203/10160/5108/1062/1894/29/25/9055/7248/7461/274/23095/84376/2037/667/10163/7153/8976/23637,Dendritic cells,HALLMARK,Monaco_main
HALLMARK_REACTIVE_OXYGEN_SPECIES_PATHWAY,HALLMARK_REACTIVE_OXYGEN_SPECIES_PATHWAY,41,0.285456432486019,1.02343805926221,0.444073455759599,0.555091819699499,0.409015025041736,1968,"tags=39%, list=22%, signal=31%",STK25/PTPA/FTL/PRDX1/PRNP/HHEX/SCAF4/GCLM/PRDX2/SOD1/GCLC/MBP/NDUFS2/CAT/JUNB/ABCC1,10494/5524/2512/5052/5621/3087/57466/2730/7001/6647/2729/4155/4720/847/3726/4363,Dendritic cells,HALLMARK,Monaco_main
HALLMARK_ANDROGEN_RESPONSE,HALLMARK_ANDROGEN_RESPONSE,79,0.246061578140708,0.999415432912417,0.461172741679873,0.562405782536431,0.414404260816317,1135,"tags=19%, list=12%, signal=17%",GNAI3/ABCC4/ITGAV/MAF/ANKH/HERC3/MERTK/SCD/INPP4B/APPBP2/SELENOP/SGK1/CCND3/SMS/NCOA4,2773/10257/3685/4094/56172/8916/10461/6319/8821/10513/6414/6446/896/6611/8031,Dendritic cells,HALLMARK,Monaco_main
HALLMARK_ADIPOGENESIS,HALLMARK_ADIPOGENESIS,148,0.221145299963615,0.990500277536777,0.476263399693721,0.566980237730621,0.417774912012036,2134,"tags=26%, list=23%, signal=21%",DRAM2/RTN3/APOE/CCNG2/ITSN1/CD151/CD302/ME1/IDH1/ENPP2/ABCA1/COQ9/PDCD4/SULT1A1/PLIN2/ARL4A/FAH/ADIPOR2/VEGFB/CHCHD10/SLC66A3/NKIRAS1/CD36/SOD1/GADD45A/ELMOD3/IMMT/APLP2/CAT/SLC27A1/BCL2L13/GBE1/CS/SDHC/UBC/STOM/MGST3/GPHN/CDKN2C,128338/10313/348/901/6453/977/9936/4199/3417/5168/19/57017/27250/6817/123/10124/2184/79602/7423/400916/130814/28512/948/6647/1647/84173/10989/334/847/376497/23786/2632/1431/6391/7316/2040/4259/10243/1031,Dendritic cells,HALLMARK,Monaco_main
HALLMARK_UNFOLDED_PROTEIN_RESPONSE,HALLMARK_UNFOLDED_PROTEIN_RESPONSE,95,-0.218561080562639,-0.982814169501851,0.502577319587629,0.584392232078638,0.43060480258426,908,"tags=20%, list=10%, signal=18%",PREB/YWHAZ/RPS14/LSM4/EIF4E/ARFGAP1/EIF4EBP1/SLC30A5/DDIT4/KIF5B/WIPI1/SPCS3/EIF2AK3/SPCS1/LSM1/EDEM1/NOP14/NOLC1/SLC7A5,10113/7534/6208/25804/1977/55738/1978/64924/54541/3799/55062/60559/9451/28972/27257/9695/8602/9221/8140,Dendritic cells,HALLMARK,Monaco_main
HALLMARK_TGF_BETA_SIGNALING,HALLMARK_TGF_BETA_SIGNALING,43,0.26823224566065,0.962507334591193,0.521812080536913,0.592968273337401,0.43692399088019,1970,"tags=33%, list=22%, signal=26%",ENG/ID3/SMURF2/TGFBR1/SKI/CDKN1C/IFNGR2/SKIL/CDK9/PPP1R15A/KLF10/TGFB1/JUNB/UBE2D3,2022/3399/64750/7046/6497/1028/3460/6498/1025/23645/7071/7040/3726/7323,Dendritic cells,HALLMARK,Monaco_main
HALLMARK_MYOGENESIS,HALLMARK_MYOGENESIS,66,0.240967867795871,0.93125391554473,0.584175084175084,0.649083426861205,0.478271998739835,1899,"tags=30%, list=21%, signal=24%",RYR1/ITGB5/EIF4A2/GADD45B/IGF1/PICK1/MEF2D/SCD/PRNP/BIN1/GAA/MRAS/RB1/CD36/CFD/ITGB1/ATP6AP1/RIT1/MYOM1/TGFB1,6261/3693/1974/4616/3479/9463/4209/6319/5621/274/2548/22808/5925/948/1675/3688/537/6016/8736/7040,Dendritic cells,HALLMARK,Monaco_main
HALLMARK_G2M_CHECKPOINT,HALLMARK_G2M_CHECKPOINT,145,0.205398852044127,0.916623090195324,0.639570552147239,0.695185382768738,0.512241860987491,1904,"tags=25%, list=21%, signal=20%",MARCKS/NUSAP1/MT2A/AMD1/TNPO2/RPS6KA5/CENPE/ARID4A/ORC6/CBX1/CKS2/ABL1/PRC1/HSPA8/RPA2/SMC2/TOP1/ODF2/TOP2A/WRN/TMPO/MTF2/CDK4/FOXN3/RBM14/CHMP1A/TRA2B/SAP30/RASAL2/UPF1/RAD21/CUL5/PRIM2/DTYMK/TGFB1/KPNA2,4082/51203/4502/262/30000/9252/1062/5926/23594/10951/1164/25/9055/3312/6118/10592/7150/4957/7153/7486/7112/22823/1019/1112/10432/5119/6434/8819/9462/5976/5885/8065/5558/1841/7040/3838,Dendritic cells,HALLMARK,Monaco_main
HALLMARK_FATTY_ACID_METABOLISM,HALLMARK_FATTY_ACID_METABOLISM,110,0.211382655149077,0.894134958837214,0.669354838709677,0.712079615648593,0.52469024310949,1549,"tags=18%, list=17%, signal=15%",HSDL2/YWHAH/EPHX1/ME1/IDH1/SUCLG2/ALDH1A1/D2HGDH/HSP90AA1/GLUL/UGDH/PCBD1/AUH/ALDH9A1/SMS/ADIPOR2/HSPH1/CD36/HSD17B11/HMGCL,84263/7533/2052/4199/3417/8801/216/728294/3320/2752/7358/5092/549/223/6611/79602/10808/948/51170/3155,Dendritic cells,HALLMARK,Monaco_main
HALLMARK_PANCREAS_BETA_CELLS,HALLMARK_PANCREAS_BETA_CELLS,12,-0.302366513799418,-0.831887538632734,0.696703296703297,0.725732600732601,0.534750337381916,454,"tags=25%, list=5%, signal=24%",SRP9/SPCS1/VDR,6726/28972/7421,Dendritic cells,HALLMARK,Monaco_main
HALLMARK_E2F_TARGETS,HALLMARK_E2F_TARGETS,142,0.193170665465014,0.862303198665861,0.766768292682927,0.78241662518666,0.576517513295434,2465,"tags=29%, list=27%, signal=21%",DNMT1/SHMT1/NAP1L1/MSH2/CENPE/ORC6/CKS2/IPO7/HMGB2/RPA2/TOP2A/RFC2/RAD50/TMPO/CCP110/CDK4/RAD51AP1/TRA2B/ZW10/RPA1/RAD21/PRPS1/BRCA1/PRIM2/RFC3/KPNA2/POLD3/UBR7/UBE2S/CHEK2/PCNA/CDKN2C/AURKA/ING3/SMC3/EZH2/RFC1/POLD2/NUP205/MKI67/ASF1A,1786/6470/4673/4436/1062/23594/1164/10527/3148/6118/7153/5982/10111/7112/9738/1019/10635/6434/9183/6117/5885/5631/672/5558/5983/3838/10714/55148/27338/11200/5111/1031/6790/54556/9126/2146/5981/5425/23165/4288/25842,Dendritic cells,HALLMARK,Monaco_main
HALLMARK_DNA_REPAIR,HALLMARK_DNA_REPAIR,125,0.190345295347227,0.8308968945744,0.814465408805032,0.814465408805032,0.600132406487918,2210,"tags=28%, list=24%, signal=22%",SDCBP/NUDT9/SRSF6/POLA1/ARL6IP1/POLL/AK3/BCAP31/GTF2F1/RPA2/ELL/GTF2H1/DDB1/IMPDH2/AGO4/HCLS1/RFC2/SF3A3/UPF3B/NELFCD/RAE1/REV3L/POLR2C/RAD52/GMPR2/TAF13/RFC3/POLR3C/TAF12/POLD3/GTF2B/PCNA/CANT1/NCBP2/NME3,6386/53343/6431/5422/23204/27343/50808/10134/2962/6118/8178/2965/1642/3615/192670/3059/5982/10946/65109/51497/8480/5980/5432/5893/51292/6884/5983/10623/6883/10714/2959/5111/124583/22916/4832,Dendritic cells,HALLMARK,Monaco_main
HALLMARK_OXIDATIVE_PHOSPHORYLATION,HALLMARK_OXIDATIVE_PHOSPHORYLATION,185,-0.585816780369283,-2.93722086043554,1e-10,1.25e-09,7.63157894736842e-10,1567,"tags=57%, list=21%, signal=46%",ATP5MC2/FXN/ETFDH/ATP5F1A/UQCR10/NDUFA3/NNT/NDUFS2/NDUFA5/PDHA1/DLD/TOMM70/GPX4/NDUFS1/ATP6V0E1/SDHC/NDUFC1/OXA1L/UQCRB/TOMM22/SURF1/ETFA/TIMM17A/FH/ECH1/COX17/ATP5PB/LDHB/NDUFB7/MRPS15/NDUFA7/SLC25A3/MRPL34/MDH1/UQCRFS1/HSD17B10/NDUFB8/NDUFC2/ATP5PO/VDAC2/NDUFS6/DECR1/NDUFB4/MDH2/NDUFAB1/MGST3/NDUFB1/ATP6V1G1/ATP5F1D/SDHB/SUCLG1/ATP6V1E1/UQCRC1/COX5A/MRPS11/ATP6V0C/NDUFA1/COX4I1/COX7C/CYB5R3/ATP5F1C/NDUFA6/COX6B1/UQCRH/ETFB/NDUFS8/POLR2F/ATP6V1F/LDHA/ATP5ME/MRPL11/SDHD/COX15/ATP5MF/SLC25A5/ACAT1/COX6A1/MRPS12/ATP5F1B/SUCLA2/ATP5F1E/ATP5MG/NDUFB5/NDUFA9/COX7B/CYC1/ATP5MC3/TIMM8B/CYB5A/ATP5PF/IDH2/NDUFB3/ATP5PD/NDUFV2/TIMM13/COX7A2/COX5B/ATP5MC1/ACAA2/ECHS1/COX8A/UQCR11/NDUFB2/NDUFA2/VDAC1/COX6C,517/2395/2110/498/29796/4696/23530/4720/4698/5160/1738/9868/2879/4719/8992/6391/4717/5018/7381/56993/6834/2108/10440/2271/1891/10063/515/3945/4713/64960/4701/5250/64981/4190/7386/3028/4714/4718/539/7417/4726/1666/4710/4191/4706/4259/4707/9550/513/6390/8802/529/7384/9377/64963/527/4694/1327/1350/1727/509/4700/1340/7388/2109/4728/5435/9296/3939/521/65003/6392/1355/9551/292/38/1337/6183/506/8803/514/10632/4711/4704/1349/1537/518/26521/1528/522/3418/4709/10476/4729/26517/1347/1329/516/10449/1892/1351/10975/4708/4695/7416/1345,Monocytes,HALLMARK,Monaco_main
HALLMARK_INTERFERON_GAMMA_RESPONSE,HALLMARK_INTERFERON_GAMMA_RESPONSE,153,-0.576442255314028,-2.79766792392941,1e-10,1.25e-09,7.63157894736842e-10,993,"tags=41%, list=13%, signal=36%",PIM1/IFNAR2/SAMD9L/CD69/IFIT1/SERPING1/CASP1/MVP/EPSTI1/MX1/SOCS1/IFIT2/ST3GAL5/NUP93/MTHFD2/PARP12/IRF8/PARP14/RBCK1/IL4R/CCL5/FCGR1A/UBE2L6/TNFSF10/SRI/TAPBP/CD38/SLAMF7/SECTM1/PLSCR1/NLRC5/CD40/PSMA3/LYSMD2/PSMB8/IL15/RNF213/IFI35/VAMP8/CXCL9/IFITM3/LY6E/IRF1/TAP1/STAT4/IFIT3/NMI/IFI30/CXCL10/LAP3/PSMA2/VAMP5/PSMB2/PSMB9/PSMB10/GBP4/HLA-A/PSME1/HLA-B/STAT1/B2M/PSME2,5292/3455/219285/969/3434/710/834/9961/94240/4599/8651/3433/8869/9688/10797/64761/3394/54625/10616/3566/6352/2209/9246/8743/6717/6892/952/57823/6398/5359/84166/958/5684/256586/5696/3600/57674/3430/8673/4283/10410/4061/3659/6890/6775/3437/9111/10437/3627/51056/5683/10791/5690/5698/5699/115361/3105/5720/3106/6772/567/5721,Monocytes,HALLMARK,Monaco_main
HALLMARK_MYC_TARGETS_V1,HALLMARK_MYC_TARGETS_V1,175,-0.5224621450344,-2.58937867032889,1e-10,1.25e-09,7.63157894736842e-10,1923,"tags=58%, list=26%, signal=44%",RPL6/HDDC2/VDAC3/DDX18/DHX15/GLO1/DEK/MRPS18B/MRPL9/KPNB1/FAM120A/EIF1AX/SNRPA1/EIF4H/PRDX3/NOP16/VBP1/RNPS1/RPS2/HDAC2/SNRPA/RPS5/SF3B3/CCT2/PRDX4/HPRT1/RPLP0/HNRNPD/HNRNPA1/IMPDH2/ILF2/TOMM70/SRM/NOP56/RPL22/GSPT1/MRPL23/RANBP1/RPS10/RPL18/USP1/TFDP1/TARDBP/ABCE1/STARD7/RPL14/CCT7/SLC25A3/PPM1G/SNRPB2/PGK1/NHP2/PSMA7/SSBP1/COPS5/HNRNPA3/CCT5/PA2G4/RRM1/NDUFAB1/KPNA2/EIF2S2/AIMP2/SERBP1/PCNA/GNL3/YWHAE/XRCC6/COX5A/LSM2/TXNL4A/HNRNPR/PSMD7/SNRPD2/SYNCRIP/CANX/PSMA6/LDHA/PSMD3/AP3S1/C1QBP/SNRPD1/LSM7/HDGF/PSMB3/PSMA4/NCBP2/CYC1/CUL1/PSMD1/UBE2L3/SSB/DUT/SNRPG/PRPS2/SET/NME1/RAN/PPIA/PSMA2/PSMB2/VDAC1,6128/51020/7419/8886/1665/2739/7913/28973/65005/3837/23196/1964/6627/7458/10935/51491/7411/10921/6187/3066/6626/6193/23450/10576/10549/3251/6175/3184/3178/3615/3608/9868/6723/10528/6146/2935/6150/5902/6204/6141/7398/7027/23435/6059/56910/9045/10574/5250/5496/6629/5230/55651/5688/6742/10987/220988/22948/5036/6240/4706/3838/8894/7965/26135/5111/26354/7531/2547/9377/57819/10907/10236/5713/6633/10492/821/5687/3939/5709/1176/708/6632/51690/3068/5691/5685/22916/1537/8454/5707/7332/6741/1854/6637/5634/6418/4830/5901/5478/5683/5690/7416,Monocytes,HALLMARK,Monaco_main
HALLMARK_INTERFERON_ALPHA_RESPONSE,HALLMARK_INTERFERON_ALPHA_RESPONSE,71,-0.604810854053156,-2.57910146005642,1e-10,1.25e-09,7.63157894736842e-10,886,"tags=42%, list=12%, signal=38%",CASP1/EPSTI1/MX1/IFIT2/PARP12/NUB1/PARP14/IL4R/UBE2L6/PLSCR1/PSMA3/PSMB8/IL15/IFI35/IFITM3/LY6E/IRF1/TAP1/IFIT3/NMI/IFI30/CXCL10/PARP9/LAP3/PSMB9/GBP4/HLA-C/PSME1/B2M/PSME2,834/94240/4599/3433/64761/51667/54625/3566/9246/5359/5684/5696/3600/3430/10410/4061/3659/6890/3437/9111/10437/3627/83666/51056/5698/115361/3107/5720/567/5721,Monocytes,HALLMARK,Monaco_main
HALLMARK_DNA_REPAIR,HALLMARK_DNA_REPAIR,107,-0.44248899313941,-2.0384185888109,1.24248739501222e-06,1.24248739501222e-05,7.58571251691671e-06,1485,"tags=40%, list=20%, signal=33%",POLR1D/HPRT1/POLA1/GTF2F1/SNAPC5/EDF1/IMPDH2/GPX4/CSTF3/RPA3/SURF1/EIF1B/COX17/ITPA/POLR2H/SF3A3/POLD4/ERCC8/POLR2C/XPC/PCNA/UMPS/NME4/SUPT4H1/RFC2/RBX1/POLR2F/TAF10/POLR2I/ADRM1/DGUOK/TMED2/POLR2K/NCBP2/MRPL40/POLR2E/APRT/GUK1/ALYREF/DUT/NME1/GTF2H5/NT5C,51082/3251/5422/2962/10302/8721/3615/2879/1479/6119/6834/10289/10063/3704/5437/10946/57804/1161/5432/7508/5111/7372/4833/6827/5982/9978/5435/6881/5438/11047/1716/10959/5440/22916/64976/5434/353/2987/10189/1854/4830/404672/30833,Monocytes,HALLMARK,Monaco_main
HALLMARK_ALLOGRAFT_REJECTION,HALLMARK_ALLOGRAFT_REJECTION,118,-0.406697440190509,-1.8994116126157,1.77583721349901e-05,0.000147986434458251,9.03496126166161e-05,1079,"tags=28%, list=15%, signal=24%",RPS9/ABCE1/CD80/IFNAR2/WAS/SOCS1/MRPL3/TAP2/AKT1/IGSF6/CCR1/IRF8/IL2RA/IFNGR2/SPI1/CD1D/IL4R/CCL5/IL10/ITGB2/TAPBP/IL2RG/CD40/IL15/EIF5A/CXCL9/TAP1/NME1/STAT4/PSMB10/HLA-A/STAT1/B2M,6203/6059/941/3455/7454/8651/11222/6891/207/10261/1230/3394/3559/3460/6688/912/3566/6352/3586/3689/6892/3561/958/3600/1984/4283/6890/4830/6775/5699/3105/6772/567,Monocytes,HALLMARK,Monaco_main
HALLMARK_TNFA_SIGNALING_VIA_NFKB,HALLMARK_TNFA_SIGNALING_VIA_NFKB,151,0.377513949326981,1.74879165224525,2.80924893036644e-05,0.000200660637883317,0.000122508599970867,1693,"tags=38%, list=23%, signal=30%",CCNL1/CD83/BTG2/KLF6/CCL2/DNAJB4/FOS/FOSB/IL6ST/PPP1R15A/KLF2/CXCL3/GEM/JUN/RHOB/IL1B/DUSP1/PNRC1/EGR1/GADD45B/PER1/GCH1/PHLDA1/G0S2/IER2/LDLR/CCRL2/NFKBIA/MCL1/KLF4/KLF10/TIPARP/SQSTM1/CEBPD/NFKB1/NR4A1/NFAT5/NR4A2/ETS2/TNF/CXCL2/EIF1/EGR2/EGR3/B4GALT1/IER3/SGK1/PFKFB3/NFE2L2/BCL6/ICAM1/PLK2/BTG3/ATP2B1/BCL2A1/TSC22D1/ATF3/ZBTB10,57018/9308/7832/1316/6347/11080/2353/2354/3572/23645/10365/2921/2669/3725/388/3553/1843/10957/1958/4616/5187/2643/22822/50486/9592/3949/9034/4792/4170/9314/7071/25976/8878/1052/4790/3164/10725/4929/2114/7124/2920/10209/1959/1960/2683/8870/6446/5209/4780/604/3383/10769/10950/490/597/8848/467/65986,Monocytes,HALLMARK,Monaco_main
HALLMARK_ADIPOGENESIS,HALLMARK_ADIPOGENESIS,129,-0.377604777613225,-1.7909215402533,5.21100512204126e-05,0.000325687820127579,0.000198840984919995,1508,"tags=35%, list=20%, signal=28%",UQCR10/HADH/SOD1/NDUFA5/DLD/GPX4/PTCD3/SDHC/SCP2/ENPP2/ATP1B3/ECH1/MTCH2/NDUFB7/STOM/JAGN1/TST/ESRRA/GHITM/ATP5PO/DECR1/MDH2/NDUFAB1/MGST3/SDHB/SUCLG1/UQCRC1/RAB34/UCP2/REEP5/ETFB/MGLL/COX6A1/COX7B/CYC1/SLC1A5/SQOR/DNAJC15/AK2/CHCHD10/ACAA2/ECHS1/DDT/COX8A/UQCR11,29796/3033/6647/4698/1738/2879/55037/6391/6342/5168/483/1891/23788/4713/2040/84522/7263/2101/27069/539/1666/4191/4706/4259/6390/8802/7384/83871/7351/7905/2109/11343/1337/1349/1537/6510/58472/29103/204/400916/10449/1892/1652/1351/10975,Monocytes,HALLMARK,Monaco_main
HALLMARK_FATTY_ACID_METABOLISM,HALLMARK_FATTY_ACID_METABOLISM,96,-0.403488804962172,-1.81829302647326,9.73182007734402e-05,0.000540656670963557,0.000330085125430382,1386,"tags=38%, list=19%, signal=31%",PDHA1/BLVRA/XIST/DLD/SDHC/UROS/FH/ECH1/ALDH1A1/RDH11/METAP1/YWHAH/MDH1/HSD17B4/HSD17B10/DECR1/MDH2/ADSL/SUCLG1/HMGCL/OSTC/ERP29/LDHA/MGLL/CD1D/LGALS1/GRHPR/SDHD/UBE2L6/SUCLA2/CA2/CBR1/MIF/ACAA2/ECHS1/PSME1,5160/644/7503/1738/6391/7390/2271/1891/216/51109/23173/7533/4190/3295/3028/1666/4191/158/8802/3155/58505/10961/3939/11343/912/3956/9380/6392/9246/8803/760/873/4282/10449/1892/5720,Monocytes,HALLMARK,Monaco_main
HALLMARK_E2F_TARGETS,HALLMARK_E2F_TARGETS,109,-0.381829509568342,-1.77158637356575,0.000293802083916841,0.0014690104195842,0.000896869519325093,1885,"tags=44%, list=25%, signal=33%",NUDT21/CKS2/RAD51AP1/DEK/SMC3/POLE4/EXOSC8/CSE1L/STMN1/NCAPD2/PRDX4/HNRNPD/BRCA2/HMGA1/SMC1A/NOP56/DCTPP1/MLH1/GSPT1/RPA3/RANBP1/HMGB2/USP1/LYAR/CNOT9/SNRPB/JPT1/ANP32E/PA2G4/KPNA2/PCNA/MTHFD2/NAA38/PAICS/XRCC6/SLBP/SYNCRIP/LBR/RFC2/MKI67/AK2/DUT/NME1/ILF3/RAN/DNMT1/TUBB/LMNB1,11051/1164/10635/7913/9126/56655/11340/1434/3925/9918/10549/3184/675/3159/8243/10528/79077/4292/2935/6119/5902/3148/7398/55646/9125/6628/51155/81611/5036/3838/5111/10797/84316/10606/2547/7884/10492/3930/5982/4288/204/1854/4830/3609/5901/1786/203068/4001,Monocytes,HALLMARK,Monaco_main
HALLMARK_ESTROGEN_RESPONSE_EARLY,HALLMARK_ESTROGEN_RESPONSE_EARLY,82,0.414605834798293,1.77065498527045,0.000417820098800799,0.00189918226727636,0.00115950075265294,2008,"tags=40%, list=27%, signal=30%",PMAIP1/ELF1/FOS/IL6ST/PAPSS2/ABAT/TGIF2/NADSYN1/NRIP1/TOB1/SVIL/GAB2/NCOR2/FKBP4/KLF4/KLF10/TIPARP/KDM4B/RARA/SCARB1/FCMR/EGR3/B4GALT1/IGF1R/SIAH2/ELOVL5/DEPTOR/CXCL12/CHPT1/ADD3/RRP12/INPP5F/PLAAT3,5366/1997/2353/3572/9060/18/60436/55191/8204/10140/6840/9846/9612/2288/9314/7071/25976/23030/5914/949/9214/1960/2683/3480/6478/60481/64798/6387/56994/120/23223/22876/11145,Monocytes,HALLMARK,Monaco_main
HALLMARK_SPERMATOGENESIS,HALLMARK_SPERMATOGENESIS,36,0.519806624965336,1.85112522674688,0.000586135949477764,0.00244223312282402,0.00149104759077677,716,"tags=28%, list=10%, signal=25%",SIRT1/TLE4/ZC3H14/SPATA6/MLF1/PIAS2/PGS1/IP6K1/CLPB/CHFR,23411/7091/79882/54558/4291/9063/9489/9807/81570/55743,Monocytes,HALLMARK,Monaco_main
HALLMARK_KRAS_SIGNALING_DN,HALLMARK_KRAS_SIGNALING_DN,29,0.547183056328926,1.87230030348296,0.00140343786555986,0.00539783794446099,0.0032955221134604,1696,"tags=62%, list=23%, signal=48%",BTG2/RYR1/SKIL/MAST3/SLC16A7/PRKN/MTHFR/ZBTB16/NR4A2/SELENOP/KMT2D/DTNB/NR6A1/SGK1/LFNG/C5/TFCP2L1/CAMK1D,7832/6261/6498/23031/9194/5071/4524/7704/4929/6414/8085/1838/2649/6446/3955/727/29842/57118,Monocytes,HALLMARK,Monaco_main
HALLMARK_MTORC1_SIGNALING,HALLMARK_MTORC1_SIGNALING,149,-0.309267718289616,-1.49195134121633,0.00442144913733106,0.0147381637911035,0.00899803684088425,1205,"tags=24%, list=16%, signal=21%",HSP90B1/ERO1A/SKAP2/CORO1A/TCEA1/RDH11/TOMM40/GAPDH/PGK1/PRDX1/DHFR/COPS5/PSMG1/ARPC5L/EIF2S2/MTHFD2/NUFIP1/SLC1A4/ACTR3/CANX/PDAP1/LDHA/TPI1/SDF2L1/ITGB2/ENO1/GLRX/PSMB5/PSMA4/SLC1A5/PSMA3/CALR/ATP5MC1/IFI30/PPIA/PPA1,7184/30001/8935/11151/6917/51109/10452/2597/5230/5052/1719/10987/8624/81873/8894/10797/26747/6509/10096/821/11333/3939/7167/23753/3689/2023/2745/5693/5685/6510/5684/811/516/10437/5478/5464,Monocytes,HALLMARK,Monaco_main
HALLMARK_COMPLEMENT,HALLMARK_COMPLEMENT,129,-0.309508623607383,-1.46795192692286,0.00429953176052309,0.0147381637911035,0.00899803684088425,1250,"tags=22%, list=17%, signal=18%",CALM3/CASP9/CTSL/GNAI2/PLEK/PIM1/GRB2/SERPING1/CASP1/ANXA5/WAS/MMP12/PRCP/GNB4/EHD1/ATOX1/GNB2/APOBEC3G/CCL5/CA2/PLSCR1/RHOG/PPP4C/IRF1/LAP3/PSMB9/PFN1/CTSH,808/842/1514/2771/5341/5292/2885/710/834/308/7454/4321/5547/59345/10938/475/2783/60489/6352/760/5359/391/5531/3659/51056/5698/5216/1512,Monocytes,HALLMARK,Monaco_main
HALLMARK_REACTIVE_OXYGEN_SPECIES_PATHWAY,HALLMARK_REACTIVE_OXYGEN_SPECIES_PATHWAY,39,-0.414364663180937,-1.55465261701958,0.0226193045778787,0.0706853268058709,0.0431552521551633,1687,"tags=46%, list=23%, signal=36%",HMOX2/PRDX2/GCLM/SOD1/STK25/PRDX4/NDUFS2/GPX4/PRDX1/GLRX2/NDUFB4/TXN/NDUFA6/ATOX1/GLRX/FTL/LAMTOR5/SELENOS,3163/7001/2730/6647/10494/10549/4720/2879/5052/51022/4710/7295/4700/475/2745/2512/10542/55829,Monocytes,HALLMARK,Monaco_main
HALLMARK_UV_RESPONSE_DN,HALLMARK_UV_RESPONSE_DN,83,0.342939895003035,1.46565314631029,0.0256939363515858,0.0755704010340759,0.0461377185260674,2569,"tags=55%, list=35%, signal=37%",NR3C1/CITED2/ATP2B4/WDR37/CDK13/DUSP1/NR1D2/CDKN1B/LDLR/SPOP/ZMIZ1/SDC2/DAB2/NFKB1/PHF3/SYNE1/RASA2/PRKCA/ACVR2A/DYRK1A/TGFBR2/IGF1R/GRK5/INPP4B/AKT3/ATP2B1/MT1E/PIK3CD/INSIG1/NRP1/PRKCE/ADD3/TOGARAM1/PRDM2/SFMBT1/ATXN1/NOTCH2/MIOS/SIPA1L1/MAP2K5/TENT4A/PDLIM5/SCAF8/DBP/ICA1/FYN,2908/10370/493/22884/8621/1843/9975/1027/3949/8405/57178/6383/1601/4790/23469/23345/5922/5578/92/1859/7048/3480/2869/8821/10000/490/4493/5293/3638/8829/5581/120/23116/7799/51460/6310/4853/54468/26037/5607/11044/10611/22828/1628/3382/2534,Monocytes,HALLMARK,Monaco_main
HALLMARK_WNT_BETA_CATENIN_SIGNALING,HALLMARK_WNT_BETA_CATENIN_SIGNALING,17,0.518986984756285,1.53706854530759,0.0331224509887484,0.0825616462504866,0.0504060577108234,1623,"tags=53%, list=22%, signal=41%",CSNK1E/NUMB/RBPJ/NCOR2/ADAM17/FZD1/CCND2/WNT5B/NOTCH1,1454/8650/3516/9612/6868/8321/894/81029/4851,Monocytes,HALLMARK,Monaco_main
HALLMARK_MYOGENESIS,HALLMARK_MYOGENESIS,44,0.390549828141182,1.48004881795006,0.0346758914252044,0.0825616462504866,0.0504060577108234,1623,"tags=39%, list=22%, signal=30%",EIF4A2/RYR1/MEF2D/MEF2C/SIRT2/GADD45B/SVIL/IFRD1/MEF2A/PRNP/BIN1/ITGB1/CD36/IGF1/SCD/PDE4DIP/NOTCH1,1974/6261/4209/4208/22933/4616/6840/3475/4205/5621/274/3688/948/3479/6319/9659/4851,Monocytes,HALLMARK,Monaco_main
HALLMARK_INFLAMMATORY_RESPONSE,HALLMARK_INFLAMMATORY_RESPONSE,113,-0.297114194852232,-1.38487950819748,0.0319566758541448,0.0825616462504866,0.0504060577108234,410,"tags=17%, list=6%, signal=16%",IFNGR2/IL4R/CCL5/IL10/TNFSF10/SRI/ADRM1/TAPBP/PTPRE/CYBB/RHOG/CD40/IL15/CXCL9/LY6E/IRF1/SELENOS/NMI/CXCL10,3460/3566/6352/3586/8743/6717/11047/6892/5791/1536/391/958/3600/4283/4061/3659/55829/9111/3627,Monocytes,HALLMARK,Monaco_main
HALLMARK_GLYCOLYSIS,HALLMARK_GLYCOLYSIS,99,-0.297033717831605,-1.34507553352616,0.0322429454900569,0.0825616462504866,0.0504060577108234,1545,"tags=31%, list=21%, signal=25%",STMN1/SOD1/ISG20/GUSB/HOMER1/DLD/SDHC/UGP2/ERO1A/B3GAT3/LHPP/VEGFA/SDC3/PGAM1/MDH1/PGK1/AKR1A1/MDH2/TXN/ARPP19/POLR3K/GALK1/LDHA/RBCK1/TPI1/ENO1/GLRX/MIF/CYB5A/PKM/PPIA,3925/6647/3669/2990/9456/1738/6391/7360/30001/26229/64077/7422/9672/5223/4190/5230/10327/4191/7295/10776/51728/2584/3939/10616/7167/2023/2745/4282/1528/5315/5478,Monocytes,HALLMARK,Monaco_main
HALLMARK_UV_RESPONSE_UP,HALLMARK_UV_RESPONSE_UP,93,0.311056469095498,1.34019994210883,0.0629251700680272,0.143011750154607,0.0873124369364971,1089,"tags=26%, list=15%, signal=22%",EIF5/BTG2/CCND3/DNAJA1/FOS/FOSB/IL6ST/HTR7/MARK2/HNRNPU/RHOB/AMD1/GCH1/CHKA/NFKBIA/FKBP4/SQSTM1/TGFBRAP1/NR4A1/CASP3/DNAJB1/CXCL2/PPP1R2/AGO2,1983/7832/896/3301/2353/2354/3572/3363/2011/3192/388/262/2643/1119/4792/2288/8878/9392/3164/836/3337/2920/5504/27161,Monocytes,HALLMARK,Monaco_main
HALLMARK_MYC_TARGETS_V2,HALLMARK_MYC_TARGETS_V2,31,-0.391724553116693,-1.38519724131993,0.0714285714285714,0.153940886699507,0.093984962406015,2007,"tags=48%, list=27%, signal=35%",SUPV3L1/CDK4/DDX18/NOP16/IMP4/SRM/NOP56/DCTPP1/WDR43/LAS1L/PA2G4/AIMP2/GNL3/MRTO4/FARSA,6832/1019/8886/51491/92856/6723/10528/79077/23160/81887/5036/7965/26354/51154/2193,Monocytes,HALLMARK,Monaco_main
HALLMARK_APICAL_JUNCTION,HALLMARK_APICAL_JUNCTION,79,-0.303365746608074,-1.30925452175683,0.0738916256157636,0.153940886699507,0.093984962406015,1555,"tags=30%, list=21%, signal=24%",RSU1/VCAM1/HADH/GTF2F1/MYH9/MAPK14/SKAP2/GNAI2/DLG1/CAP1/DHX16/SDC3/LIMA1/YWHAH/MYL12B/ACTN1/ZYX/CNN2/SIRPA/ACTG1/ARPC2/NECTIN2/ACTB/PFN1,6251/7412/3033/2962/4627/1432/8935/2771/1739/10487/8449/9672/51474/7533/103910/87/7791/1265/140885/71/10109/5819/60/5216,Monocytes,HALLMARK,Monaco_main
HALLMARK_APOPTOSIS,HALLMARK_APOPTOSIS,100,0.286900636060261,1.25905575096711,0.0998336106489185,0.197356342941068,0.120491240953494,1862,"tags=37%, list=25%, signal=28%",PMAIP1/BTG2/DNAJA1/JUN/RHOB/IL1B/GADD45B/PLCB2/GCH1/CDKN1B/MCL1/SQSTM1/CASP3/ADD1/ANXA1/TNF/PSEN1/RARA/CYLD/CCND2/PPP3R1/DDIT3/ANKH/EGR3/MADD/IER3/PDCD4/HSPB1/CREBBP/CD14/GSR/BTG3/ATF3/CASP2/IL18/CASP8/SATB1,5366/7832/3301/3725/388/3553/4616/5330/2643/1027/4170/8878/836/118/301/7124/5663/5914/1540/894/5534/1649/56172/1960/8567/8870/27250/3315/1387/929/2936/10950/467/835/3606/841/6304,Monocytes,HALLMARK,Monaco_main
HALLMARK_PEROXISOME,HALLMARK_PEROXISOME,61,-0.303040557658483,-1.25630533523236,0.102625298329356,0.197356342941068,0.120491240953494,1498,"tags=28%, list=20%, signal=22%",SOD1/GNPAT/ABCB4/STS/SCP2/ECH1/ALDH1A1/FDPS/RDH11/YWHAH/MVP/PRDX1/HSD17B4/HMGCL/PRDX5/IDH2/GSTK1,6647/8443/5244/412/6342/1891/216/2224/51109/7533/9961/5052/3295/3155/25824/3418/373156,Monocytes,HALLMARK,Monaco_main
HALLMARK_HEME_METABOLISM,HALLMARK_HEME_METABOLISM,107,0.272256860389001,1.20512421011037,0.155025553662692,0.276831345826235,0.169012821662333,992,"tags=18%, list=13%, signal=16%",BTG2/CCND3/NR3C1/PICALM/MXI1/TNRC6B/SLC11A2/BMP2K/LPIN2/TFDP2/MKRN1/SEC14L1/RBM5/MFHAS1/ARHGEF12/SDCBP/ADD1/SLC25A37/FOXO3,7832/896/2908/8301/4601/23112/4891/55589/9663/7029/23608/6397/10181/9258/23365/6386/118/51312/2309,Monocytes,HALLMARK,Monaco_main
HALLMARK_HYPOXIA,HALLMARK_HYPOXIA,103,0.26974549103033,1.18504842619195,0.14983164983165,0.276831345826235,0.169012821662333,1091,"tags=22%, list=15%, signal=19%",KLF6/NR3C1/FOS/CITED2/CCNG2/PPP1R15A/MXI1/P4HA1/JUN/SAP30/WSB1/DUSP1/PNRC1/CDKN1B/RBPJ/IDS/SDC2/TIPARP/KLF7/PRKCA/FOXO3/FAM162A/SCARB1,1316/2908/2353/10370/901/23645/4601/5033/3725/8819/26118/1843/10957/1027/3516/3423/6383/25976/8609/5578/2309/26355/949,Monocytes,HALLMARK,Monaco_main
HALLMARK_IL6_JAK_STAT3_SIGNALING,HALLMARK_IL6_JAK_STAT3_SIGNALING,65,-0.284071973392204,-1.18865635830514,0.162162162162162,0.279589934762349,0.170697012802276,993,"tags=42%, list=13%, signal=36%",TNFRSF21/IL10RB/HAX1/SOCS3/IL15RA/REG1A/ACVRL1/STAT2/IRF9/CD9/EBI3/MYD88/PIM1/BAK1/GRB2/SOCS1/CCR1/IL2RA/IFNGR2/IL4R/ITGA4/CD38/IL2RG/CXCL9/IRF1/CXCL10/STAT1,27242/3588/10456/9021/3601/5967/94/6773/10379/928/10148/4615/5292/578/2885/8651/1230/3559/3460/3566/3676/952/3561/4283/3659/3627/6772,Monocytes,HALLMARK,Monaco_main
HALLMARK_PI3K_AKT_MTOR_SIGNALING,HALLMARK_PI3K_AKT_MTOR_SIGNALING,72,-0.276679677172282,-1.18741122016817,0.184275184275184,0.297218039153523,0.181459434430572,947,"tags=21%, list=13%, signal=18%",GRB2/PPP1CA/RAC1/AKT1/ARHGDIA/RPTOR/ACTR3/PRKAG1/ARPC3/YWHAB/IL2RG/CSNK2B/CALR/CFL1/PFN1,2885/5499/5879/207/396/57521/10096/5571/10094/7529/3561/1460/811/1072/5216,Monocytes,HALLMARK,Monaco_main
HALLMARK_MITOTIC_SPINDLE,HALLMARK_MITOTIC_SPINDLE,132,0.255075419998417,1.1573096751249,0.181512605042017,0.297218039153523,0.181459434430572,1600,"tags=27%, list=22%, signal=22%",PCNT/PPP4R2/NIN/PCM1/TBCD/WASL/VCL/CEP57/ABL1/EPB41L2/KIF1B/ARFGEF1/FGD6/CSNK1D/RASA1/PXN/CNTRL/ARHGEF12/MYO9B/RASA2/BIN1/ABR/RANBP9/RABGAP1/TUBGCP5/STK38L/CYTH2/ITSN1/DOCK4/SMC4/KATNA1/TUBGCP3/KIF20B/CLIP2/SSH2/NCK1,5116/151987/51199/5108/6904/8976/7414/9702/25/2037/23095/10565/55785/1453/5921/5829/11064/23365/4650/5922/274/29/10048/23637/114791/23012/9266/6453/9732/10051/11104/10426/9585/7461/85464/4690,Monocytes,HALLMARK,Monaco_main
HALLMARK_HEDGEHOG_SIGNALING,HALLMARK_HEDGEHOG_SIGNALING,13,0.445329583295326,1.21794325820917,0.21003717472119,0.324611449931143,0.19818383258954,1639,"tags=46%, list=22%, signal=36%",RASA1/ETS2/CDK6/TLE3/PML/NRP1,5921/2114/1021/7090/5371/8829,Monocytes,HALLMARK,Monaco_main
HALLMARK_UNFOLDED_PROTEIN_RESPONSE,HALLMARK_UNFOLDED_PROTEIN_RESPONSE,84,-0.259643710064213,-1.14021015177047,0.220623501199041,0.324611449931143,0.19818383258954,1332,"tags=27%, list=18%, signal=23%",SLC30A5/SDAD1/NOP56/KHSRP/HSP90B1/ERO1A/VEGFA/EIF4EBP1/IFIT1/PDIA6/NHP2/SPCS1/EIF4G1/MTHFD2/YIF1A/NOP14/SLC1A4/BANF1/GOSR2/SPCS3/LSM4/CALR/DKC1,64924/55153/10528/8570/7184/30001/7422/1978/3434/10130/55651/28972/1981/10797/10897/8602/6509/8815/9570/60559/25804/811/1736,Monocytes,HALLMARK,Monaco_main
HALLMARK_P53_PATHWAY,HALLMARK_P53_PATHWAY,128,0.250727151230238,1.13180707023691,0.220735785953177,0.324611449931143,0.19818383258954,1688,"tags=27%, list=23%, signal=21%",BTG2/CCND3/FOS/PPP1R15A/SESN1/ABAT/JUN/IRAK1/APAF1/RCHY1/TOB1/FBXW7/MKNK2/ZFP36L1/SERTAD3/RHBDF2/KLF4/ABCC5/WWP1/ZBTB16/CTSF/FOXO3/FAM162A/CEBPA/PLK3/CCND2/DDIT3/SP1/IER3/PLK2/PITPNC1/NOTCH1/UPP1/TSC22D1/ATF3,7832/896/2353/23645/27244/18/3725/3654/317/25898/10140/55294/2872/677/29946/79651/9314/10057/11059/7704/8722/2309/26355/1050/1263/894/1649/6667/8870/10769/26207/4851/7378/8848/467,Monocytes,HALLMARK,Monaco_main
HALLMARK_COAGULATION,HALLMARK_COAGULATION,51,-0.267584470571045,-1.0638959951839,0.339759036144578,0.485370051635112,0.296331189419331,1688,"tags=31%, list=23%, signal=24%",APOC3/LAMP2/CSRP1/CD9/OLR1/PROS1/GSN/CASP9/THBS1/WDR1/PLEK/PEF1/SERPING1/RAC1/GNB2/CTSH,345/3920/1465/928/4973/5627/2934/842/7057/9948/5341/553115/710/5879/2783/1512,Monocytes,HALLMARK,Monaco_main
HALLMARK_BILE_ACID_METABOLISM,HALLMARK_BILE_ACID_METABOLISM,38,-0.284470322167533,-1.06717817045988,0.352803738317757,0.490005192107996,0.299161064655408,1591,"tags=42%, list=21%, signal=33%",ABCD3/HSD17B11/RBP1/CAT/PEX13/GCLM/SOD1/GNPAT/SCP2/ALDH1A1/NR3C2/SULT1B1/HSD17B4/PRDX5/IDH2/GSTK1,5825/51170/5947/847/5194/2730/6647/8443/6342/216/4306/27284/3295/25824/3418/373156,Monocytes,HALLMARK,Monaco_main
HALLMARK_IL2_STAT5_SIGNALING,HALLMARK_IL2_STAT5_SIGNALING,114,-0.219166520209362,-1.02165687851947,0.393285371702638,0.531466718517078,0.324474417620953,1009,"tags=20%, list=14%, signal=18%",CDC42SE2/PIM1/ADAM19/LCLAT1/SYNGR2/SOCS1/BCL2/RNH1/GUCY1B1/BATF3/UMPS/IRF8/MYO1E/IL2RA/IL4R/IL10/TNFSF10/CA2/SLC1A5/PLSCR1/IFITM3/CXCL10/GBP4,56990/5292/8728/253558/9144/8651/596/6050/2983/55509/7372/3394/4643/3559/3566/3586/8743/760/6510/5359/10410/3627/115361,Monocytes,HALLMARK,Monaco_main
HALLMARK_ANGIOGENESIS,HALLMARK_ANGIOGENESIS,12,-0.371828533854771,-1.03070563560231,0.424628450106157,0.553821675540053,0.338122707171822,1368,"tags=42%, list=18%, signal=34%",TNFRSF21/OLR1/LRPAP1/VEGFA/APP,27242/4973/4043/7422/351,Monocytes,HALLMARK,Monaco_main
HALLMARK_G2M_CHECKPOINT,HALLMARK_G2M_CHECKPOINT,118,-0.215003695828394,-1.0041383993478,0.431980906921241,0.553821675540053,0.338122707171822,1473,"tags=23%, list=20%, signal=19%",ORC5/HNRNPD/BRCA2/HMGA1/SMC1A/CDC27/GSPT1/MAPK14/TFDP1/HMGN2/JPT1/E2F4/SMC2/ODF2/KPNA2/PRC1/SYNCRIP/LBR/CHMP1A/MKI67/SNRPD1/CUL1/ATF5/ILF3/CENPF/DKC1/LMNB1,5001/3184/675/3159/8243/996/2935/1432/7027/3151/51155/1874/10592/4957/3838/9055/10492/3930/5119/4288/6632/8454/22809/3609/1063/1736/4001,Monocytes,HALLMARK,Monaco_main
HALLMARK_XENOBIOTIC_METABOLISM,HALLMARK_XENOBIOTIC_METABOLISM,100,-0.218697134817901,-0.992493846200438,0.458852867830424,0.57356608478803,0.350177188607429,1692,"tags=27%, list=23%, signal=21%",PTS/DDAH2/REG1A/ETFDH/HPRT1/GSTO1/SHMT2/MCCC2/FBP1/GART/PROS1/ECH1/PGD/SLC35B1/TMEM176B/MTHFD1/ARPP19/IRF8/ACP2/CA2/CBR1/SLC1A5/NINJ1/CYB5A/SPINT2/DDT/PSMB10,5805/23564/5967/2110/3251/9446/6472/64087/2203/2618/5627/1891/5226/10237/28959/4522/10776/3394/53/760/873/6510/4814/1528/10653/1652/5699,Monocytes,HALLMARK,Monaco_main
HALLMARK_TGF_BETA_SIGNALING,HALLMARK_TGF_BETA_SIGNALING,39,0.261240096597968,0.95143523886184,0.54639175257732,0.659375281303448,0.402565961216842,752,"tags=15%, list=10%, signal=14%",SKIL/PPP1R15A/TGFBR1/SMURF2/NCOR2/KLF10,6498/23645/7046/64750/9612/7071,Monocytes,HALLMARK,Monaco_main
HALLMARK_NOTCH_SIGNALING,HALLMARK_NOTCH_SIGNALING,20,0.304715172278902,0.941135629449098,0.553875236294896,0.659375281303448,0.402565961216842,1761,"tags=45%, list=24%, signal=34%",SAP30/MAML2/PRKCA/DTX2/FZD1/LFNG/ARRB1/NOTCH1/FBXW11,8819/84441/5578/113878/8321/3955/408/4851/23291,Monocytes,HALLMARK,Monaco_main
HALLMARK_KRAS_SIGNALING_UP,HALLMARK_KRAS_SIGNALING_UP,96,0.204483178296589,0.890071073968187,0.704201680672269,0.806701830592616,0.492512696572334,901,"tags=16%, list=12%, signal=14%",CBR4/PLVAP/PPP1R15A/NIN/EVI5/DUSP6/IL1B/HDAC9/BTBD3/G0S2/MTMR10/KLF4/ADAM17/SDCCAG8/CCSER2,84869/83483/23645/51199/7813/1848/3553/9734/22903/50486/54893/9314/6868/10806/54462,Monocytes,HALLMARK,Monaco_main
HALLMARK_ANDROGEN_RESPONSE,HALLMARK_ANDROGEN_RESPONSE,73,0.209816763751908,0.870997698207651,0.709897610921502,0.806701830592616,0.492512696572334,1693,"tags=30%, list=23%, signal=23%",CCND3/IQGAP2/PIAS1/SLC38A2/HMGCS1/ZMIZ1/MAF/MERTK/DNAJB9/HERC3/SELENOP/CDK6/ANKH/B4GALT1/SGK1/INPP4B/SCD/GSR/ELOVL5/INSIG1/TSC22D1/ZBTB10,896/10788/8554/54407/3157/57178/4094/10461/4189/8916/6414/1021/56172/2683/6446/8821/6319/2936/60481/3638/8848/65986,Monocytes,HALLMARK,Monaco_main
HALLMARK_PANCREAS_BETA_CELLS,HALLMARK_PANCREAS_BETA_CELLS,10,0.290179757964847,0.738532521047923,0.782688766114181,0.869654184571312,0.530946765317222,13,"tags=10%, list=0%, signal=10%",FOXO1,2308,Monocytes,HALLMARK,Monaco_main
HALLMARK_ESTROGEN_RESPONSE_LATE,HALLMARK_ESTROGEN_RESPONSE_LATE,80,0.192041944344597,0.814332572409521,0.822335025380711,0.893842418892077,0.545714318902531,2008,"tags=29%, list=27%, signal=21%",FOS/IL6ST/PAPSS2/ATP2B4/NRIP1/TOB1/NCOR2/FKBP4/KLF4/SCARB1/EGR3/PDCD4/SGK1/SIAH2/JAK1/BTG3/ELOVL5/CXCL12/CHPT1/ZFP36/ADD3/DCXR/PLAAT3,2353/3572/9060/493/8204/10140/9612/2288/9314/949/1960/27250/6446/6478/3716/10950/60481/6387/56994/7538/120/51181/11145,Monocytes,HALLMARK,Monaco_main
HALLMARK_CHOLESTEROL_HOMEOSTASIS,HALLMARK_CHOLESTEROL_HOMEOSTASIS,44,-0.201010171398984,-0.771980431874137,0.857843137254902,0.912599082186066,0.557165755439914,1713,"tags=32%, list=23%, signal=25%",EBP/ACAT2/PMVK/CD9/FABP5/GUSB/ECH1/S100A11/FDPS/ANXA5/ACTG1/PLSCR1/FBXO6/ATF5,10682/39/10654/928/2171/2990/1891/6282/2224/308/71/5359/26270/22809,Monocytes,HALLMARK,Monaco_main
HALLMARK_PROTEIN_SECRETION,HALLMARK_PROTEIN_SECRETION,84,-0.173607322035342,-0.762386390786922,0.925659472422062,0.946462715105163,0.577840394485257,472,"tags=10%, list=6%, signal=9%",GOSR2/ARCN1/AP3S1/TMED2/RER1/PPT1/TMED10/AP2S1,9570/372/1176/10959/11079/5538/10972/1175,Monocytes,HALLMARK,Monaco_main
HALLMARK_EPITHELIAL_MESENCHYMAL_TRANSITION,HALLMARK_EPITHELIAL_MESENCHYMAL_TRANSITION,54,0.185072547665942,0.728367358621529,0.938250428816467,0.946462715105163,0.577840394485257,410,"tags=9%, list=6%, signal=9%",GEM/JUN/RHOB/BASP1/GADD45B,2669/3725/388/10409/4616,Monocytes,HALLMARK,Monaco_main
HALLMARK_APICAL_SURFACE,HALLMARK_APICAL_SURFACE,16,0.219826849154233,0.63761377788786,0.946462715105163,0.946462715105163,0.577840394485257,1798,"tags=38%, list=24%, signal=28%",ADIPOR2/ADAM10/B4GALT1/CROCC/HSPB1/LYN,79602/102/2683/9696/3315/4067,Monocytes,HALLMARK,Monaco_main
HALLMARK_E2F_TARGETS,HALLMARK_E2F_TARGETS,169,-0.65974281943482,-3.14662391665616,1e-10,1.225e-09,8.15789473684211e-10,1187,"tags=49%, list=13%, signal=43%",CKS2/PRKDC/DUT/NBN/RACGAP1/TP53/TBRG4/SMC1A/SLBP/ANP32E/XRCC6/SNRPB/BARD1/RFC2/DONSON/HNRNPD/CDCA8/CDK4/UBR7/RANBP1/PSIP1/CTPS1/PHF5A/ATAD2/UBE2T/CENPE/HELLS/POLD3/RPA3/RRM2/MKI67/PRDX4/TOP2A/CDK1/LYAR/PCNA/CBX5/MRE11/BRCA1/TCF19/DNMT1/POLA2/PAICS/MCM3/MAD2L1/MCM7/HUS1/PRIM2/CDKN3/NASP/AURKB/RFC3/SRSF2/MELK/NME1/TIPIN/WEE1/ASF1B/KIF4A/MMS22L/BIRC5/MCM5/MCM4/POLE/BUB1B/RAD51AP1/MCM2/TIMELESS/BRCA2/LMNB1/DIAPH3/SPC25/LIG1/POP7/TK1/ORC6/DLGAP5/GINS4/CHEK1/HMMR/MCM6/CENPM,1164/5591/1854/4683/29127/7157/9238/8243/7884/81611/2547/6628/580/5982/29980/3184/55143/1019/55148/5902/11168/1503/84844/29028/29089/1062/3070/10714/6119/6241/4288/10549/7153/983/55646/5111/23468/4361/672/6941/1786/23649/10606/4172/4085/4176/3364/5558/1033/4678/9212/5983/6427/9833/4830/54962/7465/55723/24137/253714/332/4174/4173/5426/701/10635/4171/8914/675/4001/81624/57405/3978/10248/7083/23594/9787/84296/1111/3161/4175/79019,NK cells,HALLMARK,Monaco_main
HALLMARK_G2M_CHECKPOINT,HALLMARK_G2M_CHECKPOINT,163,-0.608032161437074,-2.88278444993968,1e-10,1.225e-09,8.15789473684211e-10,1591,"tags=47%, list=17%, signal=39%",ATF5/RAD23B/FANCC/TMPO/CBX1/SAP30/FBXO5/NUP98/NSD2/SMARCC1/TRA2B/UCK2/SLC7A5/SLC38A1/CKS2/CHAF1A/RACGAP1/NCL/SMC1A/KIF20B/ATRX/SNRPD1/BARD1/NUSAP1/AMD1/HNRNPD/SFPQ/CDK4/TFDP1/CENPE/SMC2/INCENP/BCL3/KNL1/MKI67/TOP2A/CDK1/KIF23/BUB1/TGFB1/PRC1/POLA2/TPX2/MCM3/CDC7/GINS2/MAD2L1/KPNB1/KIF11/HUS1/PRIM2/CDKN3/NASP/AURKB/SRSF2/NDC80/WRN/UBE2C/KIF4A/CDC45/BIRC5/MCM5/POLE/MT2A/MCM2/BRCA2/CDC6/LMNB1/CCNA2/KIF15/ORC6/CASP8AP2/CHEK1/HMMR/MCM6/POLQ,22809/5887/2176/7112/10951/8819/26271/4928/7468/6599/6434/7371/8140/81539/1164/10036/29127/4691/8243/9585/546/6632/580/51203/262/3184/6421/1019/7027/1062/10592/3619/602/57082/4288/7153/983/9493/699/7040/9055/23649/22974/4172/8317/51659/4085/3837/3832/3364/5558/1033/4678/9212/6427/10403/7486/11065/24137/8318/332/4174/5426/4502/4171/675/990/4001/890/56992/23594/9994/1111/3161/4175/10721,NK cells,HALLMARK,Monaco_main
HALLMARK_INTERFERON_ALPHA_RESPONSE,HALLMARK_INTERFERON_ALPHA_RESPONSE,78,-0.620924993437173,-2.56514763732493,1e-10,1.225e-09,8.15789473684211e-10,1433,"tags=46%, list=15%, signal=39%",RNF31/ISG15/SAMD9L/PSME1/CD74/EIF2AK2/SELL/IL15/B2M/CASP8/NMI/RIPK2/TRIM25/TRIM21/UBE2L6/PSMA3/PARP12/DDX60/GBP2/ISG20/PNPT1/PSME2/PSMB8/HLA-C/ADAR/RSAD2/MX1/LAP3/TAP1/PARP9/EPSTI1/LY6E/IRF1/PSMB9/GBP4/IRF9,55072/9636/219285/5720/972/5610/6402/3600/567/841/9111/8767/7706/6737/9246/5684/64761/55601/2634/3669/87178/5721/5696/3107/103/91543/4599/51056/6890/83666/94240/4061/3659/5698/115361/10379,NK cells,HALLMARK,Monaco_main
HALLMARK_INTERFERON_GAMMA_RESPONSE,HALLMARK_INTERFERON_GAMMA_RESPONSE,152,-0.540834805544496,-2.53616819934105,1e-10,1.225e-09,8.15789473684211e-10,1915,"tags=47%, list=20%, signal=38%",FAS/NAMPT/RBCK1/PLA2G4A/LYSMD2/TRIM26/BPGM/AUTS2/SP110/PFKP/PARP14/IL2RB/NUP93/RNF31/ISG15/SAMD9L/PSME1/PELI1/CD74/EIF2AK2/STAT4/IL15/B2M/CASP8/TNFAIP3/GZMA/CD38/ARID5B/JAK2/STAT3/ZNFX1/NMI/MYD88/RNF213/CD69/RIPK2/TRIM25/NFKBIA/TRIM21/UBE2L6/PSMA3/PARP12/PSMB10/TNFSF10/DDX60/HLA-A/ISG20/PNPT1/HLA-B/PSME2/PSMB8/FGL2/NLRC5/ADAR/UPP1/RSAD2/MX1/APOL6/XAF1/LAP3/MT2A/OAS2/TAP1/EPSTI1/LY6E/IRF1/PSMB9/GBP4/SLAMF7/IRF9/STAT1,355/10135/10616/5321/256586/7726/669/26053/3431/5214/54625/3560/9688/55072/9636/219285/5720/57162/972/5610/6775/3600/567/841/7128/3001/952/84159/3717/6774/57169/9111/4615/57674/969/8767/7706/4792/6737/9246/5684/64761/5699/8743/55601/3105/3669/87178/3106/5721/5696/10875/84166/103/7378/91543/4599/80830/54739/51056/4502/4939/6890/94240/4061/3659/5698/115361/57823/10379/6772,NK cells,HALLMARK,Monaco_main
HALLMARK_TNFA_SIGNALING_VIA_NFKB,HALLMARK_TNFA_SIGNALING_VIA_NFKB,141,-0.430168115836018,-1.98732528059454,7.74882617713786e-07,7.5938496535951e-06,5.05712866297418e-06,1525,"tags=41%, list=16%, signal=35%",PTPRE/PTGS2/SQSTM1/IL6ST/MAP3K8/GADD45B/NAMPT/BIRC2/NR4A2/ZFP36/JUNB/NR4A3/DUSP2/MAP2K3/KLF4/EGR1/B4GALT5/ATP2B1/KLF2/MXD1/BTG2/BCL2A1/JUN/TNFAIP3/CFLAR/RNF19B/SERPINE1/STAT5A/FOSL2/TRAF1/PPP1R15A/ID2/CCNL1/BHLHE40/RCAN1/CD69/RIPK2/PTGER4/PLEK/BCL3/TNFSF9/NFKBIA/CD44/IER2/KLF6/FOS/ETS2/ATF3/B4GALT1/NFE2L2/CCL4/KDM6B/EGR2/MCL1/CEBPD/TAP1/IRF1/LITAF,5791/5743/8878/3572/1326/4616/10135/329/4929/7538/3726/8013/1844/5606/9314/1958/9334/490/10365/4084/7832/597/3725/7128/8837/127544/5054/6776/2355/7185/23645/3398/57018/8553/1827/969/8767/5734/5341/602/8744/4792/960/9592/1316/2353/2114/467/2683/4780/6351/23135/1959/4170/1052/6890/3659/9516,NK cells,HALLMARK,Monaco_main
HALLMARK_MYC_TARGETS_V1,HALLMARK_MYC_TARGETS_V1,192,-0.384145905631914,-1.86992377927599,1.52767151560573e-06,1.24759840441135e-05,8.30838894452241e-06,2353,"tags=44%, list=25%, signal=34%",NOP56/PRDX3/MRPL9/PSMD7/YWHAQ/XPOT/CCT5/USP1/GNL3/RAN/EIF3B/HSP90AB1/PPM1G/ACP1/PRPF31/SERBP1/RUVBL2/HNRNPR/TUFM/ILF2/HNRNPA3/PRPS2/IMPDH2/RAD23B/PSMD1/SRSF3/PSMC4/AP3S1/TOMM70/PSMD8/POLD2/SMARCC1/TRA2B/LDHA/HNRNPA2B1/CCT3/FAM120A/VDAC3/SNRPG/DUT/SNRPA1/VBP1/DDX21/PSMA6/CCT2/PSMC6/XRCC6/SNRPD1/CCT7/HNRNPD/PSMA4/EIF4A1/STARD7/EIF3J/CYC1/CDK4/SRSF7/HSPE1/RANBP1/PSMD14/NDUFAB1/TFDP1/CTPS1/DDX18/RRM1/EIF2S2/PRDX4/CDK2/PCNA/HDDC2/MAD2L1/HSPD1/MCM7/KPNB1/TYMS/SRSF2/SRPK1/NME1/CDC45/MCM5/MCM4/MCM2/CCNA2/RFC4/MCM6,10528/10935/65005/5713/10971/11260/22948/7398/26354/5901/8662/3326/5496/52/26121/26135/10856/10236/7284/3608/220988/5634/3615/5887/5707/6428/5704/1176/9868/5714/5425/6599/6434/3939/3181/7203/23196/7419/6637/1854/6627/7411/9188/5687/10576/5706/2547/6632/10574/3184/5685/1973/56910/8669/1537/1019/6432/3336/5902/10213/4706/7027/1503/8886/6240/8894/10549/1017/5111/51020/4085/3329/4176/3837/7298/6427/6732/4830/8318/4174/4173/4171/890/5984/4175,NK cells,HALLMARK,Monaco_main
HALLMARK_MITOTIC_SPINDLE,HALLMARK_MITOTIC_SPINDLE,158,-0.383951188390173,-1.8024808541565,1.42326529102113e-05,9.96285703714791e-05,6.63477052957218e-05,1281,"tags=27%, list=14%, signal=24%",PKD2/TAOK2/TIAM1/VCL/SASS6/RACGAP1/EZR/LRPPRC/TUBA4A/ALS2/CAPZB/SMC1A/ABI1/AKAP13/KIF20B/TUBGCP3/SSH2/NUSAP1/DLG1/ARFIP2/PLEKHG2/FLNA/CENPE/INCENP/TOP2A/CDK1/KIF23/BUB1/PRC1/TPX2/KIF11/BCR/NDC80/ECT2/ALMS1/KNTC1/KIF4A/BIRC5/BRCA2/LMNB1/SAC3D1/KIF15/DLGAP5,5311/9344/7074/7414/163786/29127/7430/10128/7277/57679/832/8243/10006/11214/9585/10426/85464/51203/1739/23647/64857/2316/1062/3619/7153/983/9493/699/9055/22974/3832/613/10403/1894/7840/9735/24137/332/675/4001/29901/56992/9787,NK cells,HALLMARK,Monaco_main
HALLMARK_DNA_REPAIR,HALLMARK_DNA_REPAIR,130,-0.377946777575691,-1.72650708493773,0.00022609076288701,0.00138480592268293,0.000922212322302277,1615,"tags=28%, list=17%, signal=23%",IMPDH2/POLR2I/AGO4/NT5C/ERCC8/RBX1/SEC61A1/POLR2F/DUT/PRIM1/TP53/TMED2/TAF6/RFC2/SF3A3/RFC5/ALYREF/POLD3/VPS37B/RPA3/DGCR8/PCNA/SDCBP/GTF2F1/FEN1/POLA2/POLR2A/TYMS/ZWINT/RFC3/RAD51/NME1/POLA1/LIG1/SAC3D1/RFC4,3615/5438/192670/30833/1161/9978/29927/5435/1854/5557/7157/10959/6878/5982/10946/5985/10189/10714/79720/6119/54487/5111/6386/2962/2237/23649/5430/7298/11130/5983/5888/4830/5422/3978/29901/5984,NK cells,HALLMARK,Monaco_main
HALLMARK_APOPTOSIS,HALLMARK_APOPTOSIS,113,-0.384331020831288,-1.71805869157352,0.000410654641751115,0.00223578638286718,0.00148892326248942,1008,"tags=27%, list=11%, signal=25%",ANXA1/PAK1/BTG2/CASP8/JUN/CFLAR/CD38/PDCD4/PLCB2/F2R/KRT18/CASP2/CD69/ANKH/LGALS3/CD44/TOP2A/CDK2/TNFSF10/ATF3/BRCA1/ISG20/PMAIP1/PRF1/MCL1/WEE1/TGFBR3/FASLG/TAP1/TSPO/IRF1,301/5058/7832/841/3725/8837/952/27250/5330/2149/3875/835/969/56172/3958/960/7153/1017/8743/467/672/3669/5366/5551/4170/7465/7049/356/6890/706/3659,NK cells,HALLMARK,Monaco_main
HALLMARK_CHOLESTEROL_HOMEOSTASIS,HALLMARK_CHOLESTEROL_HOMEOSTASIS,55,0.450437715823158,1.78412270982365,0.0028334907449128,0.0126219133182479,0.00840557063084179,1253,"tags=29%, list=13%, signal=25%",TM7SF2/DHCR7/TP53INP1/PCYT2/FASN/MVK/CPEB2/CHKA/CD9/ALDOC/PNRC1/FADS2/PDK3/LSS/ERRFI1/GSTM2,7108/1717/94241/5833/2194/4598/132864/1119/928/230/10957/9415/5165/4047/54206/2946,NK cells,HALLMARK,Monaco_main
HALLMARK_ALLOGRAFT_REJECTION,HALLMARK_ALLOGRAFT_REJECTION,133,-0.343504114106965,-1.57152209255495,0.00266536102238961,0.0126219133182479,0.00840557063084179,1277,"tags=30%, list=14%, signal=26%",CD74/LY75/STAT4/CXCR3/IL15/B2M/GPR65/ABI1/GZMA/CCR1/JAK2/F2R/ITGAL/EIF3J/FLNA/TRAF2/KLRD1/ETS1/RIPK2/PTPRC/BCL3/IFNG/PSMB10/GBP2/BRCA1/HLA-A/TGFB1/IL12RB1/PRKCB/HLA-E/CCL4/PRF1/NME1/ITGB2/TAP2/FASLG/FYB1/TAP1/GZMB/STAT1,972/4065/6775/2833/3600/567/8477/10006/3001/1230/3717/2149/3683/8669/2316/7186/3824/2113/8767/5788/602/3458/5699/2634/672/3105/7040/3594/5579/3133/6351/5551/4830/3689/6891/356/2533/6890/3002/6772,NK cells,HALLMARK,Monaco_main
HALLMARK_UV_RESPONSE_UP,HALLMARK_UV_RESPONSE_UP,107,-0.357376454721592,-1.58153268170924,0.00324603410839599,0.0132546392759503,0.00882693485616455,2062,"tags=33%, list=22%, signal=26%",TGFBRAP1/SQSTM1/IL6ST/STARD3/NUP58/TFRC/LYN/E2F5/PPIF/JUNB/CLTB/PARP2/RAB27A/RASGRP1/DNAJB1/AP2S1/PSMC3/BTG2/GLS/TUBA4A/DDX21/AMD1/UROD/GGH/NFKBIA/IGFBP2/FOS/POLG2/CDK2/ATF3/FEN1/TAP1/HLA-F/RFC4/IRF1,9392/8878/3572/10948/9818/7037/4067/1875/10105/3726/1212/10038/5873/10125/3337/1175/5702/7832/2744/7277/9188/262/7389/8836/4792/3485/2353/11232/1017/467/2237/6890/3134/5984/3659,NK cells,HALLMARK,Monaco_main
HALLMARK_OXIDATIVE_PHOSPHORYLATION,HALLMARK_OXIDATIVE_PHOSPHORYLATION,198,-0.29525722103866,-1.43565799262745,0.00468954657155818,0.0176759832312577,0.0117713314751663,2480,"tags=34%, list=26%, signal=25%",TIMM8B/IDH2/TIMM13/TIMM10/NDUFS4/PRDX3/NDUFS3/UQCRC2/DLAT/ATP5MC3/UQCR10/NDUFC2/NDUFA2/UQCRFS1/NDUFC1/ACADM/MRPS30/PDHX/COX7B/MRPL15/TIMM17A/NDUFB3/DLST/SLC25A11/ATP5PO/MRPS12/NDUFA7/TOMM70/PDHA1/HADHB/AIFM1/LDHB/LDHA/ATP6AP1/MDH1/FDX1/NDUFV1/ETFA/POLR2F/VDAC3/NDUFV2/NDUFA5/POR/SDHA/LRPPRC/NDUFB7/ACAA2/MTRR/GLUD1/PDHB/AFG3L2/COX5B/CYC1/IDH3B/NDUFAB1/ETFDH/ACO2/NDUFS1/MRPS11/MRPL35/FH/NDUFS6/OGDH/MRPS15/MFN2/ACAT1/CYCS,26521/3418/26517/26519/4724/10935/4722/7385/1737/518/29796/4718/4695/7386/4717/34/10884/8050/1349/29088/10440/4709/1743/8402/539/6183/4701/9868/5160/3032/9131/3945/3939/537/4190/2230/4723/2108/5435/7419/4729/4698/5447/6389/10128/4713/10449/4552/2746/5162/10939/1329/1537/3420/4706/2110/50/4719/64963/51318/2271/4726/4967/64960/9927/38/54205,NK cells,HALLMARK,Monaco_main
HALLMARK_COMPLEMENT,HALLMARK_COMPLEMENT,113,-0.345169481704014,-1.54299652113648,0.00527376206319841,0.0184581672211944,0.0122922273653497,1697,"tags=27%, list=18%, signal=22%",LYN/HSPA5/RHOG/GNAI3/RASGRP1/FDX1/DGKH/PPP4C/CSRP1/TNFAIP3/GZMA/CTSC/ZEB1/SERPINE1/GATA3/STX4/JAK2/SPOCK2/PLEK/CD55/ERAP2/LGALS3/CBLB/APOBEC3F/LAP3/APOBEC3G/IRF1/PSMB9/GZMB/GZMK,4067/3309/391/2773/10125/2230/160851/5531/1465/7128/3001/1075/6935/5054/2625/6810/3717/9806/5341/1604/64167/3958/868/200316/51056/60489/3659/5698/3002/3003,NK cells,HALLMARK,Monaco_main
HALLMARK_MTORC1_SIGNALING,HALLMARK_MTORC1_SIGNALING,167,-0.307922009699135,-1.46516746452473,0.00605229134321331,0.0197708183878302,0.013166388185236,2132,"tags=34%, list=23%, signal=26%",MTHFD2/XBP1/SQSTM1/ADD3/HMGCS1/TCEA1/MLLT11/NAMPT/TFRC/ENO1/HSPA5/ACTR3/CXCR4/NUP205/CALR/HSP90B1/PSMC4/MAP2K3/CCNG1/ELOVL5/LDHA/UBE2D3/SLC7A5/SLA/EEF1E1/NFKBIB/BTG2/ARPC5L/TUBA4A/SHMT2/MTHFD2L/CTSC/PSMC6/USO1/PSMA4/PPP1R15A/BHLHE40/UCHL5/HSPE1/PSMD14/EIF2S2/RRM2/PSMA3/SLC1A5/BUB1/PSMC2/SLC1A4/HSPD1/PSME3/FGL2/DHFR/ITGB2/PSMB5/GLRX/MCM4/MCM2,10797/7494/8878/120/3157/6917/10962/10135/7037/2023/3309/10096/7852/23165/811/7184/5704/5606/900/60481/3939/7323/8140/6503/9521/4793/7832/81873/7277/6472/441024/1075/5706/8615/5685/23645/8553/51377/3336/10213/8894/6241/5684/6510/699/5701/6509/3329/10197/10875/1719/3689/5693/2745/4173/4171,NK cells,HALLMARK,Monaco_main
HALLMARK_SPERMATOGENESIS,HALLMARK_SPERMATOGENESIS,52,-0.38146822662315,-1.44292569713433,0.0261194608251253,0.0799908487769462,0.0532699529986108,1482,"tags=31%, list=16%, signal=26%",PIAS2/IFT88/PARP2/RPL39L/ZC3H14/VDAC3/CLPB/IL12RB2/BRAF/CDK1/TOPBP1/BUB1/GMCL1/CDKN3/RFC4/NCAPH,9063/8100/10038/116832/79882/7419/81570/3595/673/983/11073/699/64395/1033/5984/23397,NK cells,HALLMARK,Monaco_main
HALLMARK_KRAS_SIGNALING_DN,HALLMARK_KRAS_SIGNALING_DN,42,-0.404165168634537,-1.48246907893174,0.0315393116675113,0.0863848246139179,0.057528024984564,1153,"tags=33%, list=12%, signal=29%",BTG2/DTNB/VPS50/MAST3/BARD1/IGFBP2/IFNG/TG/CDKAL1/MFSD6/CAMK1D/PTPRJ/RSAD2/MX1,7832/1838/55610/23031/580/3485/3458/7038/54901/54842/57118/5795/91543/4599,NK cells,HALLMARK,Monaco_main
HALLMARK_EPITHELIAL_MESENCHYMAL_TRANSITION,HALLMARK_EPITHELIAL_MESENCHYMAL_TRANSITION,49,-0.385399737491555,-1.44842140116096,0.0317332008785821,0.0863848246139179,0.057528024984564,1157,"tags=31%, list=12%, signal=27%",IL15/PPIB/JUN/TNFAIP3/EMP3/SERPINE1/COPA/CALU/ID2/FLNA/IGFBP2/CD44/TGFB1/MCM7/TGFBR3,3600/5479/3725/7128/2014/5054/1314/813/3398/2316/3485/960/7040/4176/7049,NK cells,HALLMARK,Monaco_main
HALLMARK_BILE_ACID_METABOLISM,HALLMARK_BILE_ACID_METABOLISM,58,0.34805975540465,1.39088720724124,0.05,0.128947368421053,0.0858725761772853,2882,"tags=47%, list=31%, signal=32%",ABCD2/PEX1/PEX11A/FADS1/PEX6/IDH1/FADS2/ABCA5/RXRA/EPHX2/PEX16/GNPAT/CAT/HSD17B4/MLYCD/PRDX5/HSD17B11/EFHC1/ACSL5/GCLM/SLC27A5/SCP2/ALDH9A1/LCK/SLC23A2/DHCR24/SLC29A1,225/5189/8800/3992/5190/3417/9415/23461/6256/2053/9409/8443/847/3295/23417/25824/51170/114327/51703/2730/10998/6342/223/3932/9962/1718/2030,NK cells,HALLMARK,Monaco_main
HALLMARK_IL6_JAK_STAT3_SIGNALING,HALLMARK_IL6_JAK_STAT3_SIGNALING,52,-0.360046547467086,-1.36189695300098,0.0681818181818182,0.164319248826291,0.109428500829539,982,"tags=23%, list=10%, signal=21%",JUN/CD38/CCR1/STAT3/MYD88/CD44/TGFB1/IL12RB1/ITGA4/IRF1/IRF9/STAT1,3725/952/1230/6774/4615/960/7040/3594/3676/3659/10379/6772,NK cells,HALLMARK,Monaco_main
HALLMARK_MYC_TARGETS_V2,HALLMARK_MYC_TARGETS_V2,48,-0.359504370645364,-1.35341780161201,0.0704225352112676,0.164319248826291,0.109428500829539,2607,"tags=46%, list=28%, signal=33%",SUPV3L1/SRM/FARSA/MYC/NOP56/GNL3/PPAN/PES1/GRWD1/PRMT3/MRTO4/DUSP2/WDR74/LAS1L/PPRC1/TBRG4/CDK4/HSPE1/DDX18/HSPD1/MCM5/MCM4,6832/6723/2193/4609/10528/26354/56342/23481/83743/10196/51154/1844/54663/81887/23082/9238/1019/3336/8886/3329/4174/4173,NK cells,HALLMARK,Monaco_main
HALLMARK_PI3K_AKT_MTOR_SIGNALING,HALLMARK_PI3K_AKT_MTOR_SIGNALING,87,-0.29470467192648,-1.25488611151538,0.0993657505285412,0.221314626177205,0.147384606047119,1684,"tags=29%, list=18%, signal=24%",MAPK9/RPTOR/ACTR3/CXCR4/CALR/CSNK2B/HSP90B1/MAP2K3/MAPK1/UBE2D3/MAPKAP1/TIAM1/SLA/NFKBIB/ARF1/MAP2K6/VAV3/PIN1/CDK4/MYD88/TRAF2/CDK2/CDK1/PRKCB/FASLG,5601/57521/10096/7852/811/1460/7184/5606/5594/7323/79109/7074/6503/4793/375/5608/10451/5300/1019/4615/7186/1017/983/5579/356,NK cells,HALLMARK,Monaco_main
HALLMARK_MYOGENESIS,HALLMARK_MYOGENESIS,59,0.317540676394724,1.26699900246713,0.108481262327416,0.231112254523626,0.15390934243249,1266,"tags=22%, list=13%, signal=19%",ITGB1/WWTR1/GNAO1/LARGE1/SH2B1/PKIA/CNN3/MEF2D/GSN/MYOM1/KIFC3/AGL/LSP1,3688/25937/2775/9215/25970/5569/1266/4209/2934/8736/3801/178/4046,NK cells,HALLMARK,Monaco_main
HALLMARK_APICAL_SURFACE,HALLMARK_APICAL_SURFACE,20,-0.419549013368175,-1.27682191137058,0.160569105691057,0.320426776802616,0.213388401307864,1697,"tags=40%, list=18%, signal=33%",LYN/IL2RB/CROCC/GATA3/AFAP1L2/AKAP7/B4GALT1/BRCA1,4067/3560/9696/2625/84632/9465/2683/672,NK cells,HALLMARK,Monaco_main
HALLMARK_ESTROGEN_RESPONSE_LATE,HALLMARK_ESTROGEN_RESPONSE_LATE,90,-0.277470048632009,-1.18489736052855,0.169164882226981,0.320426776802616,0.213388401307864,1670,"tags=28%, list=18%, signal=23%",ZFP36/PPIF/DUSP2/KLF4/ELOVL5/XRCC3/TIAM1/SLC7A5/CLIC3/AFF1/FABP5/PDCD4/JAK2/ID2/BATF/CD44/FOS/TOP2A/SLC1A4/ISG20/ABHD2/GINS2/SLC27A2/DNAJC1/CDC6,7538/10105/1844/9314/60481/7517/7074/8140/9022/4299/2171/27250/3717/3398/10538/960/2353/7153/6509/3669/11057/51659/11001/64215/990,NK cells,HALLMARK,Monaco_main
HALLMARK_IL2_STAT5_SIGNALING,HALLMARK_IL2_STAT5_SIGNALING,130,-0.254600059390225,-1.16304419681091,0.170022371364653,0.320426776802616,0.213388401307864,1309,"tags=20%, list=14%, signal=17%",UCK2/PRAF2/TIAM1/SELL/MXD1/PRKCH/GPR65/GLIPR2/CTSZ/RNH1/TRAF1/BHLHE40/IKZF2/BATF/CD44/KLF6/TNFSF10/SLC1A5/CST7/NFKBIZ/FGL2/SYT11/EOMES/TTC39B/CDC6/GBP4,7371/11230/7074/6402/4084/5583/8477/152007/1522/6050/7185/8553/22807/10538/960/1316/8743/6510/8530/64332/10875/23208/8320/158219/990/115361,NK cells,HALLMARK,Monaco_main
HALLMARK_PROTEIN_SECRETION,HALLMARK_PROTEIN_SECRETION,89,-0.26754921870814,-1.14222204866416,0.217948717948718,0.395536562203229,0.263407807267456,1884,"tags=30%, list=20%, signal=24%",SCAMP3/VAMP4/ZW10/VPS4B/DNM1L/AP3S1/MAPK1/AP3B1/DOP1A/CLTA/GBF1/AP2S1/ARCN1/ARF1/COG2/TSPAN8/TMED2/ANP32E/COPB2/CTSC/USO1/TMX1/GALC/KRT18/GOSR2/RAB9A/SEC24D,10067/8674/9183/9525/10059/1176/5594/8546/23033/1211/8729/1175/372/375/22796/7103/10959/81611/9276/1075/8615/81542/2581/3875/9570/9367/9871,NK cells,HALLMARK,Monaco_main
HALLMARK_WNT_BETA_CATENIN_SIGNALING,HALLMARK_WNT_BETA_CATENIN_SIGNALING,26,0.349480856898419,1.15008952395226,0.264761904761905,0.445771144278607,0.296861556877268,2158,"tags=42%, list=23%, signal=33%",CUL1/DLL1/NCOR2/JAG2/PPARD/TCF7/DVL2/CCND2/AXIN1/NUMB/PSEN2,8454/28514/9612/3714/5467/6932/1856/894/8312/8650/5664,NK cells,HALLMARK,Monaco_main
HALLMARK_GLYCOLYSIS,HALLMARK_GLYCOLYSIS,111,-0.251658979804077,-1.11695587960588,0.262931034482759,0.445771144278607,0.296861556877268,1875,"tags=28%, list=20%, signal=23%",RBCK1/ENO1/FUT8/HOMER1/HSPA5/CXCR4/PFKP/PKM/ALDOB/PSMC4/PGAM1/ANKZF1/SAP30/LDHA/MDH1/PAXIP1/AKR1A1/COG2/B4GALT4/COPB2/CD44/POLR3K/CDK1/GMPPB/B4GALT1/ISG20/MPI/NASP/GFPT1/GLRX/HMMR,10616/2023/2530/9456/3309/7852/5214/5315/229/5704/5223/55139/8819/3939/4190/22976/10327/22796/8702/9276/960/51728/983/29925/2683/3669/4351/4678/2673/2745/3161,NK cells,HALLMARK,Monaco_main
HALLMARK_INFLAMMATORY_RESPONSE,HALLMARK_INFLAMMATORY_RESPONSE,97,-0.253609431680125,-1.09841553286879,0.272921108742004,0.445771144278607,0.296861556877268,1697,"tags=33%, list=18%, signal=27%",PTPRE/KIF1B/CXCR6/SLC31A1/NAMPT/LYN/RHOG/IL2RB/GNAI3/PTGER2/RASGRP1/ATP2B1/EIF2AK2/SELL/MXD1/IL15/BTG2/ABI1/EMP3/SERPINE1/NMI/CD69/RIPK2/PTGER4/CD55/TNFSF9/NFKBIA/SLC4A4/KLF6/TNFSF10/LY6E/IRF1,5791/23095/10663/1317/10135/4067/391/3560/2773/5732/10125/490/5610/6402/4084/3600/7832/10006/2014/5054/9111/969/8767/5734/1604/8744/4792/8671/1316/8743/4061/3659,NK cells,HALLMARK,Monaco_main
HALLMARK_ANDROGEN_RESPONSE,HALLMARK_ANDROGEN_RESPONSE,73,-0.264510811749183,-1.08491995120699,0.303347280334728,0.470657894736842,0.313434903047091,2033,"tags=29%, list=22%, signal=23%",SRP19/HMGCS1/NCOA4/CAMKK2/SPCS3/GNAI3/ELOVL5/KRT8/B2M/RAB4A/DNAJB9/XRCC6/ARID5B/CENPN/ANKH/B4GALT1/ABHD2/XRCC5/STK39/MAF/SEC24D,6728/3157/8031/10645/60559/2773/60481/3856/567/5867/4189/2547/84159/55839/56172/2683/11057/7520/27347/4094/9871,NK cells,HALLMARK,Monaco_main
HALLMARK_XENOBIOTIC_METABOLISM,HALLMARK_XENOBIOTIC_METABOLISM,96,-0.247681807298435,-1.07388173907892,0.307368421052632,0.470657894736842,0.313434903047091,2285,"tags=35%, list=24%, signal=27%",GSS/CCL25/NQO1/PGRMC1/ABHD6/SSR3/PTS/GSTO1/FABP1/PMM1/ACOX3/CROT/ACP1/FAS/MTHFD1/SLC35D1/MAN1A1/ACOX1/ELOVL5/POR/SHMT2/NPC1/GART/SERPINE1/ID2/ETFDH/LPIN2/ACO2/ETS2/PSMB10/SLC1A5/UPP1/MT2A/HES6,2937/6370/1728/10857/57406/6747/5805/9446/2168/5372/8310/54677/52/355/4522/23169/4121/51/60481/5447/6472/4864/2618/5054/3398/2110/9663/50/2114/5699/6510/7378/4502/55502,NK cells,HALLMARK,Monaco_main
HALLMARK_P53_PATHWAY,HALLMARK_P53_PATHWAY,143,0.226669509343877,1.05120684274503,0.327305605786618,0.485999232834676,0.323651476216433,2442,"tags=33%, list=26%, signal=25%",RPL18/ZFP36L1/RACK1/CDKN2AIP/MAPKAPK3/ABAT/PVT1/EPS8L2/GADD45A/SOCS1/S100A10/COQ8A/ZMAT3/FUCA1/TAX1BP3/RRP8/RALGDS/RXRA/RPS12/RPL36/ISCU/JAG2/SESN1/RAB40C/FAM162A/POM121/ERCC5/SERTAD3/MXD4/CYFIP2/CCND2/NDRG1/PRKAB1/WWP1/TRAFD1/RB1/BTG1/FOXO3/ACVR1B/DDIT4/IP6K2/TXNIP/IFI30/PLK3/DEF6/CDKN2A/RPS27L,6141/677/10399/55602/7867/18/5820/64787/1647/8651/6281/56997/64393/2517/30851/23378/5900/6256/6206/25873/23479/3714/27244/57799/26355/9883/2073/29946/10608/26999/894/10397/5564/11059/10906/5925/694/2309/91/54541/51447/10628/10437/1263/50619/1029/51065,NK cells,HALLMARK,Monaco_main
HALLMARK_ANGIOGENESIS,HALLMARK_ANGIOGENESIS,10,0.413909335074102,1.04336272847572,0.401119402985075,0.561567164179104,0.373975984737964,2312,"tags=40%, list=25%, signal=30%",VAV2/JAG2/CCND2/PTK2,7410/3714/894/5747,NK cells,HALLMARK,Monaco_main
HALLMARK_UNFOLDED_PROTEIN_RESPONSE,HALLMARK_UNFOLDED_PROTEIN_RESPONSE,96,-0.239186925880821,-1.03705021669332,0.395789473684211,0.561567164179104,0.373975984737964,1766,"tags=26%, list=19%, signal=21%",LSM1/EXOSC4/YWHAZ/SPCS3/HSPA5/DCTN1/CALR/HSP90B1/CNOT6/TATDN2/EIF2AK3/SLC7A5/PARN/DNAJA4/DNAJB9/EXOSC2/FUS/EIF4A1/TSPYL2/GOSR2/EIF4EBP1/ATF3/EXOSC10/SLC1A4/EIF4G1,27257/54512/7534/60559/3309/1639/811/7184/57472/9797/9451/8140/5073/55466/4189/23404/2521/1973/64061/9570/1978/467/5394/6509/1981,NK cells,HALLMARK,Monaco_main
HALLMARK_KRAS_SIGNALING_UP,HALLMARK_KRAS_SIGNALING_UP,88,0.233263120913123,1.00596636241437,0.450943396226415,0.590804482689614,0.393446594272353,2137,"tags=31%, list=23%, signal=24%",CBL/ANGPTL4/SPRY2/TRIB2/MMD/CD37/IRF8/FUCA1/HDAC9/AVL9/GADD45G/ATG10/C3AR1/WDR33/IL7R/LAPTM5/DUSP6/GALNT3/LAT2/BTBD3/CCND2/ZNF277/CSF2/RBM4/FCER1G/SPON1/ZNF639,867/51129/10253/28951/23531/951/3394/2517/9734/23080/10912/83734/719/55339/3575/7805/1848/2591/7462/22903/894/11179/1437/5936/2207/10418/51193,NK cells,HALLMARK,Monaco_main
HALLMARK_PEROXISOME,HALLMARK_PEROXISOME,75,0.238885716622988,1.00164173033528,0.458174904942966,0.590804482689614,0.393446594272353,1633,"tags=24%, list=17%, signal=20%",ABCD2/PABPC1/PEX11A/FADS1/PEX6/ECI2/IDH1/EPHX2/CTBP1/GNPAT/CAT/RDH11/HSD17B4/PEX2/MLYCD/SLC25A4/PRDX5/HSD17B11,225/26986/8800/3992/5190/10455/3417/2053/1487/8443/847/51109/3295/5828/23417/291/25824/51170,NK cells,HALLMARK,Monaco_main
HALLMARK_HYPOXIA,HALLMARK_HYPOXIA,110,-0.222447587045833,-0.986555904919762,0.457081545064378,0.590804482689614,0.393446594272353,1670,"tags=25%, list=18%, signal=21%",ZFP36/HSPA5/CXCR4/PFKP/ALDOB/NOCT/ANKZF1/SAP30/KDM3A/LDHA/MT1E/S100A4/PLAC8/JUN/TNFAIP3/ANXA2/SERPINE1/FOSL2/PPP1R15A/BHLHE40/RBPJ/ETS1/KLF6/FOS/ATF3/ISG20/GLRX/MT2A,7538/3309/7852/5214/229/25819/55139/8819/55818/3939/4493/6275/51316/3725/7128/302/5054/2355/23645/8553/3516/2113/1316/2353/467/3669/2745/4502,NK cells,HALLMARK,Monaco_main
HALLMARK_NOTCH_SIGNALING,HALLMARK_NOTCH_SIGNALING,18,0.329430298952641,0.968021159824417,0.503952569169961,0.633171176649437,0.421660719143557,1087,"tags=22%, list=12%, signal=20%",CUL1/MAML2/DLL1/PPARD,8454/84441/28514/5467,NK cells,HALLMARK,Monaco_main
HALLMARK_UV_RESPONSE_DN,HALLMARK_UV_RESPONSE_DN,85,-0.230048489787647,-0.969574122615283,0.525751072961373,0.644045064377682,0.428902191100068,1380,"tags=20%, list=15%, signal=17%",TGFBR2/ATP2B1/MT1E/ATXN1/ANXA2/ATRX/SERPINE1/DLG1/BHLHE40/AKT3/TOGARAM1/RUNX1/SFMBT1/SIPA1L1/PEX14/TGFBR3/SYNE1,7048/490/4493/6310/302/546/5054/1739/8553/10000/23116/861/51460/26037/5195/7049/23345,NK cells,HALLMARK,Monaco_main
HALLMARK_TGF_BETA_SIGNALING,HALLMARK_TGF_BETA_SIGNALING,44,0.241011728697546,0.912459800676424,0.609467455621302,0.728387934766922,0.485070375462397,1396,"tags=20%, list=15%, signal=17%",WWTR1/BMPR2/ID3/TRIM33/NCOR2/XIAP/SMURF2/MAP3K7/CDK9,25937/659/3399/51592/9612/331/64750/6885/1025,NK cells,HALLMARK,Monaco_main
HALLMARK_APICAL_JUNCTION,HALLMARK_APICAL_JUNCTION,82,-0.218220001218459,-0.91225308860871,0.632829373650108,0.738300935925126,0.491671944439934,1257,"tags=18%, list=13%, signal=16%",TAOK2/VCL/PECAM1/EVL/DLG1/STX4/TRAF1/ZYX/AKT3/PTPRC/B4GALT1/GTF2F1/HADH/FYB1/CNN2,9344/7414/5175/51466/1739/6810/7185/7791/10000/5788/2683/2962/3033/2533/1265,NK cells,HALLMARK,Monaco_main
HALLMARK_COAGULATION,HALLMARK_COAGULATION,39,0.233555932964233,0.857132320204707,0.712062256809339,0.811419781015293,0.540365482523611,2184,"tags=31%, list=23%, signal=24%",LTA4H/CD9/P2RY1/GSN/ISCU/DUSP6/S100A13/CTSH/GNB2/RABIF/CPQ/CTSO,4048/928/5028/2934/23479/1848/6284/1512/2783/5877/10404/1519,NK cells,HALLMARK,Monaco_main
HALLMARK_FATTY_ACID_METABOLISM,HALLMARK_FATTY_ACID_METABOLISM,105,-0.1956415134026,-0.857854940156416,0.755888650963598,0.841785088573097,0.560587277030419,2119,"tags=28%, list=23%, signal=22%",PTS/FABP1/HMGCS1/ACADM/HSPH1/MCEE/SERINC1/DLST/ACOX1/PDHA1/HADHB/ELOVL5/LDHA/MDH1/PSME1/RAP1GDS1/ACADS/HSP90AA1/NBN/SDHA/ACAA2/PDHB/IDH3B/UROD/ETFDH/ACO2/UBE2L6/FH/HADH,5805/2168/3157/34/10808/84693/57515/1743/51/5160/3032/60481/3939/4190/5720/5910/35/3320/4683/6389/10449/5162/3420/7389/2110/50/9246/2271/3033,NK cells,HALLMARK,Monaco_main
HALLMARK_ESTROGEN_RESPONSE_EARLY,HALLMARK_ESTROGEN_RESPONSE_EARLY,99,-0.18748727076231,-0.815425487689523,0.837259100642398,0.908632640201638,0.605104443528481,1471,"tags=21%, list=16%, signal=18%",PPIF/KLF4/ELOVL5/RASGRP1/KRT8/TIAM1/SLC7A5/CLIC3/AFF1/MYBL1/JAK2/BHLHE40/KRT18/CD44/FOS/KAZN/B4GALT1/SLC1A4/ABHD2/SLC27A2/PMAIP1,10105/9314/60481/10125/3856/7074/8140/9022/4299/4603/3717/8553/3875/960/2353/23254/2683/6509/11057/11001/5366,NK cells,HALLMARK,Monaco_main
HALLMARK_HEDGEHOG_SIGNALING,HALLMARK_HEDGEHOG_SIGNALING,12,-0.26486619342543,-0.708031685030448,0.853002070393375,0.908632640201638,0.605104443528481,1425,"tags=25%, list=15%, signal=21%",TLE1/ADGRG1/ETS2,7088/9289/2114,NK cells,HALLMARK,Monaco_main
HALLMARK_HEME_METABOLISM,HALLMARK_HEME_METABOLISM,124,0.173319691019255,0.788211530440447,0.919786096256684,0.958925930139948,0.638597289674294,2322,"tags=26%, list=25%, signal=20%",MXI1/VEZF1/ADD1/TRAK2/ALDH6A1/NUDT4/SLC25A38/HAGH/DCUN1D1/EZH1/PSMD9/SYNJ1/RBM5/P4HA2/MKRN1/BLVRB/CAT/SLC10A3/NR3C1/PGLS/AQP3/RANBP10/RAD23A/SLC30A1/BSG/FBXO9/ARHGEF12/FOXO3/SLC2A1/GYPC/NEK7/GCLM,4601/7716/118/66008/4329/11163/54977/3029/54165/2145/5715/8867/10181/8974/23608/645/847/8273/2908/25796/360/57610/5886/7779/682/26268/23365/2309/6513/2995/140609/2730,NK cells,HALLMARK,Monaco_main
HALLMARK_ADIPOGENESIS,HALLMARK_ADIPOGENESIS,142,0.169228324800411,0.78305624025309,0.94010889292196,0.959694494857834,0.63910911580221,1402,"tags=15%, list=15%, signal=13%",SLC19A1/DHCR7/MGLL/ANGPTL4/BCL6/GPD2/G3BP2/GADD45A/ETFB/IDH1/CCNG2/TKT/MCCC1/PPM1B/CMPK1/EPHX2/ATL2/GPX4/RREB1/CAT/NKIRAS1,6573/1717/11343/51129/604/2820/9908/1647/2109/3417/901/7086/56922/5495/51727/2053/64225/2879/6239/847/28512,NK cells,HALLMARK,Monaco_main
HALLMARK_REACTIVE_OXYGEN_SPECIES_PATHWAY,HALLMARK_REACTIVE_OXYGEN_SPECIES_PATHWAY,43,-0.158694305842804,-0.584765810969726,0.995901639344262,0.995901639344262,0.663221285062774,1584,"tags=30%, list=17%, signal=25%",IPCEF1/NDUFA6/TXNRD1/PRDX2/NQO1/PTPA/PFKP/JUNB/MBP/OXSR1/PDLIM1/PRDX4/GLRX,26034/4700/7296/7001/1728/5524/5214/3726/4155/9943/9124/10549/2745,NK cells,HALLMARK,Monaco_main
HALLMARK_UV_RESPONSE_DN,HALLMARK_UV_RESPONSE_DN,21,0.601067131406063,1.73698729937695,0.00475705348564213,0.0491562193516353,0.0467359640694665,144,"tags=38%, list=15%, signal=33%",PRKCE/NR3C1/RASA2/AKT3/KIT/ATP2B1/PRKCA/PHF3,5581/2908/5922/10000/3815/490/5578/23469,Progenitors,HALLMARK,Monaco_main
HALLMARK_TNFA_SIGNALING_VIA_NFKB,HALLMARK_TNFA_SIGNALING_VIA_NFKB,40,-0.45199474697516,-1.72945218491338,0.00374609304653287,0.0491562193516353,0.0467359640694665,202,"tags=45%, list=21%, signal=37%",KLF2/CCL4/CD69/PPP1R15A/SAT1/CD83/NR4A3/SQSTM1/PER1/TNFAIP3/FOSB/CCNL1/ZFP36/GPR183/KLF6/NR4A2/NR4A1/TSC22D1,10365/6351/969/23645/6303/9308/8013/8878/5187/7128/2354/57018/7538/1880/1316/4929/3164/8848,Progenitors,HALLMARK,Monaco_main
HALLMARK_PROTEIN_SECRETION,HALLMARK_PROTEIN_SECRETION,11,0.707076733015461,1.72150777595751,0.00345934853271071,0.0491562193516353,0.0467359640694665,82,"tags=45%, list=8%, signal=42%",GOLGA4/RPS6KA3/ARFGEF1/ADAM10/RAB2A,2803/6197/10565/102/5862,Progenitors,HALLMARK,Monaco_main
HALLMARK_FATTY_ACID_METABOLISM,HALLMARK_FATTY_ACID_METABOLISM,11,-0.566795045268585,-1.53748031717796,0.0523124427380515,0.404934687953556,0.384997326407456,169,"tags=55%, list=17%, signal=46%",HPGD/ACSL4/ELOVL5/ACADM/PSME1/GLUL,3248/2182/60481/34/5720/2752,Progenitors,HALLMARK,Monaco_main
HALLMARK_PI3K_AKT_MTOR_SIGNALING,HALLMARK_PI3K_AKT_MTOR_SIGNALING,21,0.496251479383869,1.43408692964193,0.0653120464441219,0.404934687953556,0.384997326407456,138,"tags=29%, list=14%, signal=25%",YWHAB/SLA/GRB2/RPS6KA3/IL2RG/GSK3B,7529/6503/2885/6197/3561/2932,Progenitors,HALLMARK,Monaco_main
HALLMARK_ADIPOGENESIS,HALLMARK_ADIPOGENESIS,10,-0.54371314955965,-1.44775102203707,0.0824742268041237,0.413161182840483,0.392818781647998,125,"tags=70%, list=13%, signal=62%",G3BP2/LTC4S/PDCD4/RREB1/SOD1/ACADM/IFNGR1,9908/4056/27250/6239/6647/34/3459,Progenitors,HALLMARK,Monaco_main
HALLMARK_MITOTIC_SPINDLE,HALLMARK_MITOTIC_SPINDLE,20,0.482687200580612,1.38223131219285,0.0932944606413994,0.413161182840483,0.392818781647998,198,"tags=35%, list=20%, signal=28%",ARHGAP10/PCM1/ARFGEF1/RASA2/CD2AP/SMC3/DOCK2,79658/5108/10565/5922/23607/9126/1794,Progenitors,HALLMARK,Monaco_main
HALLMARK_HEME_METABOLISM,HALLMARK_HEME_METABOLISM,15,-0.398695489391116,-1.18878087330612,0.202816901408451,0.723991507430998,0.688345066487876,115,"tags=33%, list=12%, signal=30%",SDCBP/FOXO3/RNF19A/PICALM/BACH1,6386/2309/25897/8301/571,Progenitors,HALLMARK,Monaco_main
HALLMARK_INTERFERON_GAMMA_RESPONSE,HALLMARK_INTERFERON_GAMMA_RESPONSE,22,-0.349973472904886,-1.16847664560785,0.210191082802548,0.723991507430998,0.688345066487876,118,"tags=23%, list=12%, signal=20%",PSME1/CD74/TNFAIP3/STAT3/HLA-DRB1,5720/972/7128/6774/3123,Progenitors,HALLMARK,Monaco_main
HALLMARK_HYPOXIA,HALLMARK_HYPOXIA,29,-0.307723226190558,-1.1122828776693,0.251572327044025,0.779874213836478,0.741476332340285,102,"tags=24%, list=10%, signal=22%",TPI1/IDS/FOXO3/TNFAIP3/ZFP36/WSB1/KLF6,7167/3423/2309/7128/7538/26118/1316,Progenitors,HALLMARK,Monaco_main
HALLMARK_COMPLEMENT,HALLMARK_COMPLEMENT,19,0.40146112611329,1.13072731492049,0.292466765140325,0.824224519940916,0.783643007074555,311,"tags=47%, list=32%, signal=33%",GRB2/LGALS3/LCP2/LYN/CALM1/FYN/FCER1G/CBLB/CD46,2885/3958/3937/4067/801/2534/2207/868/4179,Progenitors,HALLMARK,Monaco_main
HALLMARK_UV_RESPONSE_UP,HALLMARK_UV_RESPONSE_UP,19,-0.344821292777433,-1.08555715795602,0.323076923076923,0.834615384615385,0.793522267206478,156,"tags=53%, list=16%, signal=45%",JUNB/BTG2/IRF1/FOS/HLA-F/HNRNPU/DNAJB1/SQSTM1/FOSB/NR4A1,3726/7832/3659/2353/3134/3192/3337/8878/2354/3164,Progenitors,HALLMARK,Monaco_main
HALLMARK_UNFOLDED_PROTEIN_RESPONSE,HALLMARK_UNFOLDED_PROTEIN_RESPONSE,17,0.387284832254214,1.05226759209987,0.41248097412481,0.940763318314339,0.894443901962699,105,"tags=18%, list=11%, signal=16%",HERPUD1/SEC11A/EIF4A2,9709/23478/1974,Progenitors,HALLMARK,Monaco_main
HALLMARK_IL6_JAK_STAT3_SIGNALING,HALLMARK_IL6_JAK_STAT3_SIGNALING,15,-0.319871060784451,-0.953751946292194,0.515492957746479,0.940763318314339,0.894443901962699,18,"tags=13%, list=2%, signal=13%",IFNGR1/STAT3,3459/6774,Progenitors,HALLMARK,Monaco_main
HALLMARK_ANDROGEN_RESPONSE,HALLMARK_ANDROGEN_RESPONSE,23,0.322498009958167,0.951660351283798,0.534206695778748,0.940763318314339,0.894443901962699,111,"tags=22%, list=11%, signal=20%",PIAS1/TNFAIP8/RPS6KA3/CCND3/PTK2B,8554/25816/6197/896/2185,Progenitors,HALLMARK,Monaco_main
HALLMARK_ALLOGRAFT_REJECTION,HALLMARK_ALLOGRAFT_REJECTION,27,0.307252666842337,0.941851924571581,0.556521739130435,0.940763318314339,0.894443901962699,132,"tags=19%, list=14%, signal=16%",CD96/CCND3/IL2RG/LCP2/LYN,10225/896/3561/3937/4067,Progenitors,HALLMARK,Monaco_main
HALLMARK_IL2_STAT5_SIGNALING,HALLMARK_IL2_STAT5_SIGNALING,24,-0.269632706023636,-0.930530883650444,0.525806451612903,0.940763318314339,0.894443901962699,50,"tags=21%, list=5%, signal=20%",NFKBIZ/IL1RL1/RHOH/KLF6/IFNGR1,64332/9173/399/1316/3459,Progenitors,HALLMARK,Monaco_main
HALLMARK_INFLAMMATORY_RESPONSE,HALLMARK_INFLAMMATORY_RESPONSE,18,-0.290013979066115,-0.903995507332935,0.585585585585586,0.940763318314339,0.894443901962699,48,"tags=17%, list=5%, signal=16%",RGS1/GPR183/KLF6,5996/1880/1316,Progenitors,HALLMARK,Monaco_main
HALLMARK_GLYCOLYSIS,HALLMARK_GLYCOLYSIS,15,-0.298004864936215,-0.888554029365552,0.625352112676056,0.940763318314339,0.894443901962699,256,"tags=40%, list=26%, signal=30%",ENO1/STMN1/HS2ST1/NASP/CXCR4/TPI1,2023/3925/9653/4678/7852/7167,Progenitors,HALLMARK,Monaco_main
HALLMARK_E2F_TARGETS,HALLMARK_E2F_TARGETS,13,-0.299165079919921,-0.862348640421014,0.630434782608696,0.940763318314339,0.894443901962699,59,"tags=38%, list=6%, signal=37%",SNRPB/STMN1/NASP/HMGB2/NAP1L1,6628/3925/4678/3148/4673,Progenitors,HALLMARK,Monaco_main
HALLMARK_ESTROGEN_RESPONSE_EARLY,HALLMARK_ESTROGEN_RESPONSE_EARLY,15,0.330422409914685,0.861673814484074,0.652241112828439,0.940763318314339,0.894443901962699,36,"tags=13%, list=4%, signal=13%",SVIL/NRIP1,6840/8204,Progenitors,HALLMARK,Monaco_main
HALLMARK_KRAS_SIGNALING_UP,HALLMARK_KRAS_SIGNALING_UP,20,0.294708272424009,0.843931642721681,0.667638483965015,0.940763318314339,0.894443901962699,198,"tags=30%, list=20%, signal=24%",RABGAP1L/IL2RG/ID2/IL7R/VWA5A/DOCK2,9910/3561/3398/3575/4013/1794,Progenitors,HALLMARK,Monaco_main
HALLMARK_APICAL_JUNCTION,HALLMARK_APICAL_JUNCTION,16,-0.266306362063163,-0.810854640478232,0.761764705882353,0.996884735202492,0.947802125150077,104,"tags=38%, list=11%, signal=34%",SKAP2/ACTB/PTPRC/MYL12B/SYK/ARPC2,8935/60/5788/103910/6850/10109,Progenitors,HALLMARK,Monaco_main
HALLMARK_MYC_TARGETS_V1,HALLMARK_MYC_TARGETS_V1,49,-0.198974811993648,-0.797486435385147,0.85546875,0.996884735202492,0.947802125150077,181,"tags=33%, list=19%, signal=28%",YWHAE/EIF4A1/CANX/RPS3/HNRNPA2B1/PSMA7/SRSF7/HSPD1/CBX3/YWHAQ/HNRNPU/SNRPD2/RPS10/SERBP1/NAP1L1/HNRNPC,7531/1973/821/6188/3181/5688/6432/3329/11335/10971/3192/6633/6204/26135/4673/3183,Progenitors,HALLMARK,Monaco_main
HALLMARK_MTORC1_SIGNALING,HALLMARK_MTORC1_SIGNALING,29,0.239506325637627,0.740145633603415,0.859649122807018,0.996884735202492,0.947802125150077,138,"tags=14%, list=14%, signal=12%",SLA/GAPDH/SEC11A/GSK3B,6503/2597/23478/2932,Progenitors,HALLMARK,Monaco_main
HALLMARK_G2M_CHECKPOINT,HALLMARK_G2M_CHECKPOINT,21,0.230346033055112,0.665662973356451,0.905660377358491,0.996884735202492,0.947802125150077,100,"tags=14%, list=10%, signal=13%",SRSF10/TOP1/STAG1,10772/7150/10274,Progenitors,HALLMARK,Monaco_main
HALLMARK_P53_PATHWAY,HALLMARK_P53_PATHWAY,23,0.222983296708756,0.658002083497508,0.918486171761281,0.996884735202492,0.947802125150077,229,"tags=30%, list=23%, signal=24%",CCND3/VWA5A/S100A4/TXNIP/BTG1/HINT1/RPL36,896/4013/6275/10628/694/3094/25873,Progenitors,HALLMARK,Monaco_main
HALLMARK_ESTROGEN_RESPONSE_LATE,HALLMARK_ESTROGEN_RESPONSE_LATE,17,-0.195129814066029,-0.606597393754816,0.968115942028986,0.996884735202492,0.947802125150077,169,"tags=29%, list=17%, signal=25%",FOS/ELOVL5/SLC24A3/AFF1/ZFP36,2353/60481/57419/4299/7538,Progenitors,HALLMARK,Monaco_main
HALLMARK_APOPTOSIS,HALLMARK_APOPTOSIS,26,0.194265831288679,0.591645403080958,0.965616045845272,0.996884735202492,0.947802125150077,181,"tags=19%, list=19%, signal=16%",HSPB1/LGALS3/CD38/DPYD/TXNIP,3315/3958/952/1806/10628,Progenitors,HALLMARK,Monaco_main
HALLMARK_OXIDATIVE_PHOSPHORYLATION,HALLMARK_OXIDATIVE_PHOSPHORYLATION,18,-0.183582840710992,-0.572241599389665,0.972972972972973,0.996884735202492,0.947802125150077,240,"tags=44%, list=25%, signal=34%",COX6C/COX5B/ATP5MC3/COX4I1/ATP5MC2/UQCRH/ACADM/UQCRB,1345/1329/518/1327/517/7388/34/7381,Progenitors,HALLMARK,Monaco_main
HALLMARK_EPITHELIAL_MESENCHYMAL_TRANSITION,HALLMARK_EPITHELIAL_MESENCHYMAL_TRANSITION,14,0.185090625363971,0.475365716145429,0.996884735202492,0.996884735202492,0.947802125150077,385,"tags=50%, list=39%, signal=31%",ID2/PPIB/TIMP3/ITGB1/VIM/DST/CD44,3398/5479/7078/3688/7431/667/960,Progenitors,HALLMARK,Monaco_main
HALLMARK_E2F_TARGETS,HALLMARK_E2F_TARGETS,196,-0.719772007668281,-3.34700280356305,1e-10,7.14285714285714e-10,4.06015037593985e-10,2057,"tags=58%, list=16%, signal=49%",TCF19/GSPT1/HNRNPD/ZW10/POLD1/CDKN2C/PAICS/RAN/TP53/TUBG1/SHMT1/UBR7/TUBB/DONSON/IPO7/SSRP1/HMGA1/NASP/WDR90/SPAG5/BARD1/DEK/MMS22L/WEE1/GINS3/POLA2/MXD3/MRE11/CTPS1/CHEK2/MYBL2/HMGB3/HMGB2/UBE2S/SMC6/XRCC6/SNRPB/PRIM2/TFRC/DNMT1/MCM7/ORC6/TMPO/MTHFD2/AK2/NME1/SPC24/PCNA/MCM5/CDC25B/RFC3/PLK1/CIT/ATAD2/RPA3/AURKA/NCAPD2/PLK4/DDX39A/HELLS/CDCA3/PTTG1/CKS2/MCM3/E2F8/MAD2L1/BRCA2/TIMELESS/MCM4/CDC20/KIF22/CENPM/SPC25/MCM2/CDCA8/CENPE/KPNA2/CCNE1/BUB1B/LMNB1/RACGAP1/DSCC1/GINS4/TK1/KIF4A/TACC3/UBE2T/DIAPH3/BIRC5/CDK1/RAD51AP1/DEPDC1/RRM2/CCNB2/CDKN3/TOP2A/SMC4/DLGAP5/AURKB/HMMR/EZH2/KIF18B/KIF2C/ASF1B/JPT1/CHEK1/BRCA1/MCM6/CDKN2A/MELK/GINS1/MKI67/STMN1,6941/2935/3184/9183/5424/1031/10606/5901/7157/7283/6470/55148/203068/29980/10527/6749/3159/4678/197335/10615/580/7913/253714/7465/64785/23649/83463/4361/1503/11200/4605/3149/3148/27338/79677/2547/6628/5558/7037/1786/4176/23594/7112/10797/204/4830/147841/5111/4174/994/5983/5347/11113/29028/6119/6790/9918/10733/10212/3070/83461/9232/1164/4172/79733/4085/675/8914/4173/991/3835/79019/57405/4171/55143/1062/3838/898/701/4001/29127/79075/84296/7083/24137/10460/29089/81624/332/983/10635/55635/6241/9133/1033/7153/10051/9787/9212/3161/2146/146909/11004/55723/51155/1111/672/4175/1029/9833/9837/4288/3925,T cells,HALLMARK,Monaco_main
HALLMARK_G2M_CHECKPOINT,HALLMARK_G2M_CHECKPOINT,187,-0.689504330779127,-3.18401838615814,1e-10,7.14285714285714e-10,4.06015037593985e-10,1171,"tags=43%, list=9%, signal=40%",MT2A/POLA2/HMGN2/NSD2/UCK2/MYBL2/HMGB3/UBE2S/PRIM2/BCL3/CHMP1A/ORC6/TROAP/KPNB1/TMPO/RAD54L/MCM5/CDC25B/DR1/CENPA/PLK1/AURKA/PLK4/DDX39A/PTTG1/CKS2/MCM3/MAD2L1/BRCA2/STIL/UBE2C/CDC20/KIF22/CDC7/PBK/MCM2/CENPE/KPNA2/CCNA2/LMNB1/RACGAP1/KIF23/KIF4A/TACC3/SMC2/BIRC5/E2F1/CDK1/EXO1/CDC45/KIF15/CCNB2/CDKN3/E2F3/TOP2A/BUB1/CHAF1A/SMC4/AURKB/POLQ/HMMR/EZH2/CDC6/KNL1/KIF2C/KIF20B/TTK/CENPF/JPT1/CHEK1/NDC80/GINS2/TPX2/MCM6/TFDP1/PRC1/MKI67/KIF11/STMN1/NUSAP1,4502/23649/3151/7468/7371/4605/3149/27338/5558/602/5119/23594/10024/3837/7112/8438/4174/994/1810/1058/5347/6790/10733/10212/9232/1164/4172/4085/675/6491/11065/991/3835/8317/55872/4171/1062/3838/890/4001/29127/9493/24137/10460/10592/332/1869/983/9156/8318/56992/9133/1033/1871/7153/699/10036/10051/9212/10721/3161/2146/990/57082/11004/9585/7272/1063/51155/1111/10403/51659/22974/4175/7027/9055/4288/3832/3925/51203,T cells,HALLMARK,Monaco_main
HALLMARK_INTERFERON_ALPHA_RESPONSE,HALLMARK_INTERFERON_ALPHA_RESPONSE,92,-0.70142992465942,-2.9442905517547,1e-10,7.14285714285714e-10,4.06015037593985e-10,1711,"tags=60%, list=13%, signal=52%",RTP4/IL7/IRF7/IFI27/HELZ2/SAMD9/ELF1/NUB1/PSMA3/MX1/USP18/B2M/TRIM25/TRIM5/TRIM21/CASP8/CCRL2/HLA-C/CASP1/BST2/CSF1/TRAFD1/IFI30/UBA7/SP110/IFIT2/NMI/MVB12A/GBP2/OASL/ADAR/IRF1/LY6E/PARP14/IFIT3/PLSCR1/DDX60/TMEM140/LAP3/ISG20/PSME1/SAMD9L/ISG15/STAT2/CD74/PSMB8/EPSTI1/IRF9/PSMB9/IFI35/UBE2L6/PSME2/TAP1/GBP4/PARP9,64108/3574/3665/3429/85441/54809/1997/51667/5684/4599/11274/567/7706/85363/6737/841/9034/3107/834/684/1435/10906/10437/7318/3431/3433/9111/93343/2634/8638/103/3659/4061/54625/3437/5359/55601/55281/51056/3669/5720/219285/9636/6773/972/5696/94240/10379/5698/3430/9246/5721/6890/115361/83666,T cells,HALLMARK,Monaco_main
HALLMARK_INTERFERON_GAMMA_RESPONSE,HALLMARK_INTERFERON_GAMMA_RESPONSE,175,-0.631544697580311,-2.89798184965915,1e-10,7.14285714285714e-10,4.06015037593985e-10,1997,"tags=53%, list=15%, signal=45%",IL18BP/TNFAIP3/IRF2/TRIM26/RAPGEF6/KLRK1/HLA-DMA/RTP4/IL7/GCH1/IRF7/CASP7/CIITA/HLA-B/IL2RB/IFI27/VAMP5/ISOC1/HELZ2/OAS3/IRF4/CCL5/NLRC5/ICAM1/BPGM/MT2A/PSMA3/ST8SIA4/MX1/USP18/B2M/TRIM25/TRIM21/CASP8/MVP/SLAMF7/CASP1/BST2/HLA-A/TRAFD1/CASP3/IFI30/HLA-DQA1/SP110/PELI1/RBCK1/STAT3/OAS2/PSMA2/MTHFD2/FAS/IFIT2/ZBP1/NMI/OASL/ADAR/IRF1/LY6E/NAMPT/PARP14/IFIT3/PLSCR1/DDX60/APOL6/LAP3/ISG20/PSME1/SAMD9L/ITGB7/CASP4/PSMB2/TAPBP/RNF213/GPR18/ISG15/STAT2/CD74/PSMB8/EPSTI1/HLA-DRB1/XAF1/IRF9/PSMB9/PSMB10/CD38/IFI35/UBE2L6/PSME2/TAP1/GBP4/STAT1/GZMA,10068/7128/3660/7726/51735/22914/3108/64108/3574/2643/3665/840/4261/3106/3560/3429/10791/51015/85441/4940/3662/6352/84166/3383/669/4502/5684/7903/4599/11274/567/7706/6737/841/9961/57823/834/684/3105/10906/836/10437/3117/3431/57162/10616/6774/4939/5683/10797/355/3433/81030/9111/8638/103/3659/4061/10135/54625/3437/5359/55601/80830/51056/3669/5720/219285/3695/837/5690/6892/57674/2841/9636/6773/972/5696/94240/3123/54739/10379/5698/5699/952/3430/9246/5721/6890/115361/6772/3001,T cells,HALLMARK,Monaco_main
HALLMARK_OXIDATIVE_PHOSPHORYLATION,HALLMARK_OXIDATIVE_PHOSPHORYLATION,199,-0.561226943676449,-2.618607483119,1e-10,7.14285714285714e-10,4.06015037593985e-10,3056,"tags=60%, list=23%, signal=47%",COX6B1/POLR2F/ACAA1/ECHS1/HADHB/MRPL35/SDHB/VDAC2/ATP5MC1/NDUFB7/ACAA2/CPT1A/NDUFC1/COX10/BCKDHA/NDUFA1/TOMM22/OGDH/NDUFS4/NDUFB2/ATP6V1E1/HSPA9/CYCS/ATP6V0C/COX6A1/AIFM1/UQCRC1/BDH2/UQCRQ/NDUFB5/COX17/ATP6V0B/ATP5PO/ATP6V1F/NDUFB8/ATP5F1E/NDUFV1/VDAC3/IDH3G/MRPS12/GLUD1/NDUFA9/UQCR10/VDAC1/TIMM50/NDUFA2/NDUFB4/ATP5PF/CASP7/ATP5F1D/MRPL15/ETFDH/PRDX3/MRPS15/ATP6V0E1/NDUFB1/CYB5A/ATP5MG/TIMM8B/ATP5PD/OAT/PHB2/ECI1/COX7A2/UQCRH/COX15/CYC1/MRPL11/GPI/IDH3A/SLC25A11/TIMM13/DECR1/ACO2/SDHC/COX6C/ATP5F1A/NDUFAB1/NDUFA8/PDHB/NDUFS3/NDUFV2/BAX/NDUFS7/COX8A/OPA1/NDUFB3/ATP5PB/COX5B/COX7B/NDUFA6/UQCRFS1/ATP5MF/SLC25A6/ATP5F1B/ATP6V1D/NDUFA7/LDHB/TCIRG1/NDUFS6/ATP5F1C/SUCLG1/NDUFB6/SLC25A3/ATP6V1H/MDH2/MDH1/HSD17B10/ATP5MC3/FH/SLC25A12/ETFA/NDUFS8/LDHA/UQCRC2/PHYH/COX5A/SLC25A5/IDH2,1340/5435/30/1892/3032/51318/6390/7417/516/4713/10449/1374/4717/1352/593/4694/56993/4967/4724/4708/529/3313/54205/527/1337/9131/7384/56898/27089/4711/10063/533/539/9296/4714/514/4723/7419/3421/6183/2746/4704/29796/7416/92609/4695/4710/522/840/513/29088/2110/10935/64960/8992/4707/1528/10632/26521/10476/4942/11331/1632/1347/7388/1355/1537/65003/2821/3419/8402/26517/1666/50/6391/1345/498/4706/4702/5162/4722/4729/581/374291/1351/4976/4709/515/1329/1349/4700/7386/9551/293/506/51382/4701/3945/10312/4726/509/8802/4712/5250/51606/4191/4190/3028/518/2271/8604/2108/4728/3939/7385/5264/9377/292/3418,T cells,HALLMARK,Monaco_main
HALLMARK_MYC_TARGETS_V1,HALLMARK_MYC_TARGETS_V1,195,-0.509918750499953,-2.37256673353005,1e-10,7.14285714285714e-10,4.06015037593985e-10,2676,"tags=43%, list=20%, signal=35%",EIF3J/PWP1/CCT7/SNRPB2/DUT/EXOSC7/IFRD1/MRPL23/EIF4A1/RANBP1/RPLP0/PSMA7/SNRPD2/RUVBL2/ERH/CDK2/CCT3/GSPT1/LSM7/PGK1/HNRNPD/SET/SRSF3/RAN/VDAC3/HDGF/SRPK1/VDAC1/HNRNPR/PRDX3/CANX/PSMD3/SNRPD1/ILF2/EIF4H/PHB2/DEK/PSMD7/TUFM/CYC1/PSMD8/RRM1/PRPS2/PRPF31/NDUFAB1/CTPS1/LSM2/XRCC6/HNRNPA3/MCM7/ETF1/SLC25A3/KPNB1/PPM1G/PSMA2/PSMA1/NME1/PSMD14/PCNA/HDDC2/SNRPG/MCM5/SRM/UBE2L3/PSMC4/STARD7/LDHA/MAD2L1/HPRT1/MCM4/PSMA4/COX5A/CDC20/PSMB2/MCM2/PSMD1/KPNA2/CCNA2/PSMB3/CDC45/PSMA6/MCM6/TFDP1/TYMS,8669/11137/10574/6629/1854/23016/3475/6150/1973/5902/6175/5688/6633/10856/2079/1017/7203/2935/51690/5230/3184/6418/6428/5901/7419/3068/6732/7416/10236/10935/821/5709/6632/3608/7458/11331/7913/5713/7284/1537/5714/6240/5634/26121/4706/1503/57819/2547/220988/4176/2107/5250/3837/5496/5683/5682/4830/10213/5111/51020/6637/4174/6723/7332/5704/56910/3939/4085/3251/4173/5685/9377/991/5690/4171/5707/3838/890/5691/8318/5687/4175/7027/7298,T cells,HALLMARK,Monaco_main
HALLMARK_ALLOGRAFT_REJECTION,HALLMARK_ALLOGRAFT_REJECTION,161,-0.507331359335696,-2.30960392248483,1e-10,7.14285714285714e-10,4.06015037593985e-10,1910,"tags=36%, list=15%, signal=31%",CCL4/FLNA/FYB1/HLA-DMA/CCR1/HLA-DMB/IL7/IRF7/IL2RB/CD8B/IRF4/CCL5/ICAM1/FASLG/TLR3/CXCL13/MAP4K1/BCAT1/ST8SIA4/IL2RG/B2M/PTPRC/CRTAM/LCK/HLA-A/CD8A/CSF1/CD7/BCL3/HLA-DQA1/FAS/SRGN/UBE2N/NME1/CD3G/GBP2/HLA-E/CCR5/HLA-DRA/CSK/AKT1/PRF1/IL12RB1/CD3D/TAPBP/CD74/HCLS1/IL10/GALNT1/PSMB10/BRCA1/CDKN2A/TAP1/CTSS/STAT1/GZMB/TAP2/GZMA,6351/2316/2533/3108/1230/3109/3574/3665/3560/926/3662/6352/3383/356/7098/10563/11184/586/7903/3561/567/5788/56253/3932/3105/925/1435/924/602/3117/355/5552/7334/4830/917/2634/3133/1234/3122/1445/207/5551/3594/915/6892/972/3059/3586/2589/5699/672/1029/6890/1520/6772/3002/6891/3001,T cells,HALLMARK,Monaco_main
HALLMARK_MTORC1_SIGNALING,HALLMARK_MTORC1_SIGNALING,191,-0.464636127613044,-2.15280079080402,1.18826874723739e-10,7.42667967023369e-10,4.22148107571178e-10,1203,"tags=28%, list=9%, signal=26%",HSP90B1/CANX/ENO1/TUBA4A/GPI/UBE2D3/ACLY/PSMA3/BCAT1/BTG2/G6PD/RPN1/ARPC5L/ATP2A2/ELOVL5/ACTR3/ACTR2/HSPA5/TFRC/TPI1/ATP6V1D/IFI30/ETF1/MTHFD2/PHGDH/GAPDH/PSMD14/HMBS/PIK3R3/PLK1/AURKA/SDF2L1/NAMPT/PSMC4/DDX39A/CORO1A/NFKBIB/LDHA/SHMT2/SLC1A4/HPRT1/PSMD13/CYB5B/MCM4/PSMA4/PPA1/MCM2/CALR/CTSC/RRM2/DHFR/BUB1/PSAT1,7184/821/2023/7277/2821/7323/47/5684/586/7832/2539/6184/81873/488/60481/10096/10097/3309/7037/7167/51382/10437/2107/10797/26227/2597/10213/3145/8503/5347/6790/23753/10135/5704/10212/11151/4793/3939/6472/6509/3251/5719/80777/4173/5685/5464/4171/811/1075/6241/1719/699/29968,T cells,HALLMARK,Monaco_main
HALLMARK_MITOTIC_SPINDLE,HALLMARK_MITOTIC_SPINDLE,189,-0.439022172890209,-2.02150663937706,6.35200911166191e-09,3.52889395092328e-08,2.00589761420903e-08,934,"tags=21%, list=7%, signal=19%",KNTC1/AKAP13/PLEKHG2/PIF1/KPTN/MARK4/BIN1/CAPZB/PLK1/AURKA/CLIP1/NET1/BRCA2/ECT2/KIF22/ANLN/CENPE/LMNB1/RACGAP1/KIF23/KIF4A/BIRC5/CDK1/KIF15/CCNB2/TOP2A/BUB1/SMC4/DLGAP5/KIF2C/KIF20B/TTK/CENPF/NDC80/TPX2/PRC1/BCL2L11/KIF11/NUSAP1,9735/11214/64857/80119/11133/57787/274/832/5347/6790/6249/10276/675/1894/3835/54443/1062/4001/29127/9493/24137/332/983/56992/9133/7153/699/10051/9787/11004/9585/7272/1063/10403/22974/9055/10018/3832/51203,T cells,HALLMARK,Monaco_main
HALLMARK_DNA_REPAIR,HALLMARK_DNA_REPAIR,143,-0.429304512618409,-1.93271571750686,3.00682286875471e-06,1.50341143437735e-05,8.54570710067127e-06,3053,"tags=39%, list=23%, signal=30%",SF3A3/POLR2F/APRT/GTF3C5/NT5C/NELFE/TAF1C/DUT/GMPR2/POLD4/EDF1/GTF2A2/POLR2E/PDE6G/SNAPC4/COX17/POLR2J/SRSF6/POLD1/TP53/SSRP1/POLR2I/POLB/SDCBP/MPC2/DGUOK/POLR2G/ARL6IP1/GTF2B/POLR2H/ERCC2/TAF12/ADRM1/POLA2/CSTF3/GUK1/POLR2A/RBX1/VPS37B/ITPA/POLA1/USP11/ALYREF/TAF10/NME1/ADA/PCNA/RFC3/RPA3/FEN1/MPG/HPRT1/HCLS1/ZWINT/TYMS/RAD51,10946/5435/353/9328/30833/7936/9013/1854/51292/57804/8721/2958/5434/5148/6621/10063/5439/6431/5424/7157/6749/5438/5423/6386/25874/1716/5436/23204/2959/5437/2068/6883/11047/23649/1479/2987/5430/9978/79720/3704/5422/8237/10189/6881/4830/100/5111/5983/6119/2237/4350/3251/3059/11130/7298/5888,T cells,HALLMARK,Monaco_main
HALLMARK_ADIPOGENESIS,HALLMARK_ADIPOGENESIS,167,-0.351775848528896,-1.60877843294899,0.000227523384899226,0.00103419720408739,0.00058785946337599,3329,"tags=43%, list=25%, signal=32%",SLC66A3/PEMT/ACOX1/SLC5A6/UQCR11/MGLL/PPP1R15B/MIGA2/ECHS1/ANGPTL4/SDHB/DHRS7B/SAMM50/TST/NDUFB7/ACAA2/REEP5/PEX14/BCKDHA/PIM3/DGAT1/COX6A1/AIFM1/UQCRC1/UQCRQ/ATP5PO/PHLDB1/PDCD4/COQ9/CDKN2C/IDH3G/ACADS/ESRRA/UQCR10/MRPL15/TANK/CPT2/PRDX3/PPM1B/SOD1/CYC1/IDH3A/ACLY/DECR1/CHUK/DDT/ACO2/SDHC/RIOK3/NDUFAB1/NDUFS3/COX8A/COQ5/MTCH2/SQOR/CHCHD10/COX7B/SCP2/STAT5A/SUCLG1/TALDO1/MDH2/CCNG2/AK2/UBC/GHITM/ATP1B3/DNAJC15/STOM/PHYH/UCP2,130814/10400/51/8884/10975/11343/84919/84895/1892/51129/6390/25979/25813/7263/4713/10449/7905/5195/593/415116/8694/1337/9131/7384/27089/539/23187/27250/57017/1031/3421/35/2101/29796/29088/10010/1376/10935/5495/6647/1537/3419/47/1666/1147/1652/50/6391/8780/4706/4722/1351/84274/23788/58472/400916/1349/6342/6776/8802/6888/4191/901/204/7316/27069/483/29103/2040/5264/7351,T cells,HALLMARK,Monaco_main
HALLMARK_PI3K_AKT_MTOR_SIGNALING,HALLMARK_PI3K_AKT_MTOR_SIGNALING,94,-0.406155177766966,-1.70748681380393,0.000777965562764263,0.00324152317818443,0.00184255001707326,2126,"tags=31%, list=16%, signal=26%",MAPK1/CDK2/RPS6KA1/GRB2/ARHGDIA/PTPN11/HSP90B1/FASLG/UBE2D3/IL2RG/ACTR3/ACTR2/LCK/CFL1/VAV3/CSNK2B/UBE2N/PIK3R3/PIN1/PFN1/NFKBIB/AKT1/ARPC3/PRKAG1/CALR/PPP1CA/STAT2/E2F1/CDK1,5594/1017/6195/2885/396/5781/7184/356/7323/3561/10096/10097/3932/1072/10451/1460/7334/8503/5300/5216/4793/207/10094/5571/811/5499/6773/1869/983,T cells,HALLMARK,Monaco_main
HALLMARK_APOPTOSIS,HALLMARK_APOPTOSIS,136,-0.358210629735078,-1.60449841895787,0.000968330951947081,0.00372434981518108,0.00211699884231346,1670,"tags=24%, list=13%, signal=21%",PLCB2/GCH1/CASP7/CFLAR/MCL1/PMAIP1/WEE1/SOD1/FASLG/BTG2/LEF1/BAX/CASP8/CASP1/HMGB2/DNAJC3/PPP2R5B/CASP3/ETF1/FAS/IRF1/CDC25B/PRF1/ISG20/BTG3/CASP4/ATF3/TOP2A/CD38/BRCA1/TAP1/BCL2L11,5330/2643/840/8837/4170/5366/7465/6647/356/7832/51176/581/841/834/3148/5611/5526/836/2107/355/3659/994/5551/3669/10950/837/467/7153/952/672/6890/10018,T cells,HALLMARK,Monaco_main
HALLMARK_UV_RESPONSE_UP,HALLMARK_UV_RESPONSE_UP,124,-0.361237394341136,-1.60013372981341,0.00130009119188549,0.00464318282816247,0.00263928287074498,3047,"tags=37%, list=23%, signal=29%",ACAA1/BID/YKT6/FURIN/PPAT/NUP58/PPIF/TST/STK25/BSG/NXF1/SELENOW/MARK2/PDAP1/DGAT1/MRPL23/NFKBIA/ATP6V1F/CDK2/STARD3/NAT1/GCH1/POLR2H/TUBA4A/ICAM1/BTG2/RPN1/PSMC3/TFRC/CASP3/AP2S1/RAB27A/ARRB2/IRF1/HLA-F/FEN1/GGH/CLTB/CYB5B/BTG3/BAK1/UROD/ATF3/CCNE1/TAP1/BCL2L11,30/637/10652/5045/5471/9818/10105/7263/10494/682/10482/6415/2011/11333/8694/6150/4792/9296/1017/10948/9/2643/5437/7277/3383/7832/6184/5702/7037/836/1175/5873/409/3659/3134/2237/8836/1212/80777/10950/578/7389/467/898/6890/10018,T cells,HALLMARK,Monaco_main
HALLMARK_TNFA_SIGNALING_VIA_NFKB,HALLMARK_TNFA_SIGNALING_VIA_NFKB,169,-0.33205649434476,-1.52110265201321,0.00181997657418187,0.00606658858060622,0.00344837666687091,2813,"tags=37%, list=21%, signal=29%",SLC2A6/KDM6B/BIRC3/TNFSF9/ZFP36/NR4A2/IFIH1/NFKB1/NFAT5/BIRC2/ZC3H12A/SIK1/SAT1/NFKBIA/RIPK2/ZBTB10/SPSB1/CD83/TNFAIP3/CCL4/RELB/NFKB2/SLC16A6/NFIL3/GCH1/TANK/MXD1/CFLAR/FOSL2/TRAF1/MCL1/CEBPD/CCL5/ICAM1/DUSP2/NR4A3/BTG2/DUSP5/NINJ1/SPHK1/GEM/MSC/CCRL2/CSF1/B4GALT1/PLEK/BCL3/BCL2A1/STAT5A/REL/TNFRSF9/PLPP3/RCAN1/IFIT2/IRF1/TNIP2/NAMPT/LITAF/BTG3/ATF3/DUSP4/TAP1,11182/23135/330/8744/7538/4929/64135/4790/10725/329/80149/150094/6303/4792/8767/65986/80176/9308/7128/6351/5971/4791/9120/4783/2643/10010/4084/8837/2355/7185/4170/1052/6352/3383/1844/8013/7832/1847/4814/8877/2669/9242/9034/1435/2683/5341/602/597/6776/5966/3604/8613/1827/3433/3659/79155/10135/9516/10950/467/1846/6890,T cells,HALLMARK,Monaco_main
HALLMARK_SPERMATOGENESIS,HALLMARK_SPERMATOGENESIS,73,-0.395937560370564,-1.59844891728801,0.00367352659101389,0.0114797705969184,0.00652534328666941,1624,"tags=23%, list=12%, signal=21%",CHFR/LPIN1/CNIH2/PHKG2/SCG5/DMC1/TALDO1/TOPBP1/AURKA/NCAPH/CDK1/CCNB2/CDKN3/BUB1/EZH2/KIF2C/TTK,55743/23175/254263/5261/6447/11144/6888/11073/6790/23397/983/9133/1033/699/2146/11004/7272,T cells,HALLMARK,Monaco_main
HALLMARK_COMPLEMENT,HALLMARK_COMPLEMENT,149,-0.324993552827905,-1.46942332825935,0.00440526645173189,0.0128320926087413,0.00729403158812662,2140,"tags=26%, list=16%, signal=22%",CDH13/CBLB/GRB2/PRSS36/TNFAIP3/IRF2/LAMP2/RHOG/IRF7/CASP7/F8/ERAP2/GNGT2/CSRP1/CCL5/DUSP5/GZMK/CASP1/CALM3/LCK/APOBEC3F/HSPA5/MSRB1/PLEK/CASP3/APOBEC3G/CTSD/PPP4C/IRF1/PIK3CG/PFN1/PLSCR1/LAP3/CASP4/CTSC/PSMB9/CTSS/GZMB/GZMA,1012/868/2885/146547/7128/3660/3920/391/3665/840/2157/64167/2793/1465/6352/1847/3003/834/808/3932/200316/3309/51734/5341/836/60489/1509/5531/3659/5294/5216/5359/51056/837/1075/5698/1520/3002/3001,T cells,HALLMARK,Monaco_main
HALLMARK_GLYCOLYSIS,HALLMARK_GLYCOLYSIS,164,-0.315626330442244,-1.43734797886297,0.00461955333914686,0.0128320926087413,0.00729403158812662,1669,"tags=22%, list=13%, signal=19%",GALK2/SLC16A3/NASP/COPB2/TXN/GMPPA/ENO1/CYB5A/BPNT1/SOD1/PGAM1/SDHC/G6PD/CHST12/HSPA5/B4GALT1/TPI1/RBCK1/TALDO1/MDH2/MDH1/PLOD1/B3GAT1/B4GALT2/CENPA/CLN6/AURKA/PSMC4/LDHA/ME2/ISG20/TPST1/CDK1/DEPDC1/HMMR/STMN1,2585/9123/4678/9276/7295/29926/2023/1528/10380/6647/5223/6391/2539/55501/3309/2683/7167/10616/6888/4191/4190/5351/27087/8704/1058/54982/6790/5704/3939/4200/3669/8460/983/55635/3161/3925,T cells,HALLMARK,Monaco_main
HALLMARK_EPITHELIAL_MESENCHYMAL_TRANSITION,HALLMARK_EPITHELIAL_MESENCHYMAL_TRANSITION,101,0.355776227071244,1.50908749645459,0.00801940827915941,0.0211037059977879,0.01199579077769,2836,"tags=36%, list=22%, signal=28%",NT5E/ITGA5/TPM1/MAGEE1/ENO2/MATN2/FBLN5/CALU/SGCB/PLOD3/COLGALT1/CXCL8/PLAUR/CD59/LOXL1/DST/FERMT2/PCOLCE/TPM2/TGFBI/COL5A1/IGFBP3/COL6A2/EMP3/TAGLN/PMEPA1/NOTCH2/LAMA3/ABI3BP/RHOB/VIM/SERPINH1/TGFBR3/GPC1/ITGB1/TNFRSF12A,4907/3678/7168/57692/2026/4147/10516/813/6443/8985/79709/3576/5329/966/4016/667/10979/5118/7169/7045/1289/3486/1292/2014/6876/56937/4853/3909/25890/388/7431/871/7049/2817/3688/51330,T cells,HALLMARK,Monaco_main
HALLMARK_WNT_BETA_CATENIN_SIGNALING,HALLMARK_WNT_BETA_CATENIN_SIGNALING,33,0.448190437015144,1.54676089162836,0.0192240543654669,0.0480601359136671,0.0273183930456634,2732,"tags=42%, list=21%, signal=34%",HDAC11/NKD1/PTCH1/CUL1/CSNK1E/WNT1/GNAI1/AXIN2/SKP2/ADAM17/TCF7/DLL1/DVL2/AXIN1,79885/85407/5727/8454/1454/7471/2770/8313/6502/6868/6932/28514/1856/8312,T cells,HALLMARK,Monaco_main
HALLMARK_MYOGENESIS,HALLMARK_MYOGENESIS,109,0.320340469474087,1.36326936150517,0.0220755375188702,0.0525608036163576,0.0298766673187717,2791,"tags=33%, list=21%, signal=26%",BHLHE40/PRNP/GNAO1/CLU/FHL1/SCD/NAV2/MYOM1/PDE4DIP/TPM2/SORBS3/IGFBP3/COL6A2/PYGM/TAGLN/KLF5/MAPRE3/APP/DMD/PC/SH3BGR/CNN3/NCAM1/ENO3/MYH3/IGFBP7/ADCY9/CRAT/AGL/IGF1/CD36/ACSL1/PTP4A3/KIFC3/SVIL/ITGB1,8553/5621/2775/1191/2273/6319/89797/8736/9659/7169/10174/3486/1292/5837/6876/688/22924/351/1756/5091/6450/1266/4684/2027/4621/3490/115/1384/178/3479/948/2180/11156/3801/6840/3688,T cells,HALLMARK,Monaco_main
HALLMARK_IL6_JAK_STAT3_SIGNALING,HALLMARK_IL6_JAK_STAT3_SIGNALING,64,-0.370706509293163,-1.44415557138075,0.02570860428312,0.0584286460980001,0.0332120725188632,1757,"tags=27%, list=13%, signal=23%",CCR1/IL7/TYK2/PTPN11/CXCL13/IL2RG/CSF1/STAT3/FAS/TNFRSF1B/IRF1/IL12RB1/BAK1/STAT2/IRF9/CD38/STAT1,1230/3574/7297/5781/10563/3561/1435/6774/355/7133/3659/3594/578/6773/10379/952/6772,T cells,HALLMARK,Monaco_main
HALLMARK_UNFOLDED_PROTEIN_RESPONSE,HALLMARK_UNFOLDED_PROTEIN_RESPONSE,105,-0.313957322961227,-1.34697296159189,0.0372682333759903,0.0810178986434572,0.0460522792289125,2969,"tags=33%, list=23%, signal=26%",MTREX/EIF4G1/ATF6/DDX10/FUS/KHSRP/BANF1/DNAJA4/HSPA9/EIF4A1/SPCS1/SLC30A5/EXOSC9/YIF1A/EIF4A3/HSP90B1/DCP2/HERPUD1/EXOSC4/POP4/GOSR2/PDIA6/LSM1/HSPA5/DNAJC3/EXOSC1/EIF4EBP1/MTHFD2/CNOT2/HYOU1/ATP6V0D1/SLC1A4/CALR/ATF3/PSAT1,23517/1981/22926/1662/2521/8570/8815/55466/3313/1973/28972/64924/5393/10897/9775/7184/167227/9709/54512/10775/9570/10130/27257/3309/5611/51013/1978/10797/4848/10525/9114/6509/811/467/29968,T cells,HALLMARK,Monaco_main
HALLMARK_ESTROGEN_RESPONSE_LATE,HALLMARK_ESTROGEN_RESPONSE_LATE,140,-0.280776323595082,-1.25956140892274,0.0813704496788009,0.169521770164168,0.0963597430406853,2873,"tags=26%, list=22%, signal=21%",CPE/PLAAT3/SERPINA1/PPIF/TST/TMPRSS3/ZFP36/PTPN6/BAG1/OPN3/GLA/ABHD2/SLC29A1/PDCD4/METTL3/KCNK5/CLIC3/XRCC3/RBBP8/DUSP2/COX6C/BATF/ELOVL5/SLC2A8/SLC27A2/FABP5/PLK4/SLC1A4/STIL/HPRT1/ISG20/BTG3/CDC20/TOP2A/CDC6/GINS2/IDH2,1363/11145/5265/10105/7263/64699/7538/5777/573/23596/2717/11057/2030/27250/56339/8645/9022/7517/5932/1844/1345/10538/60481/29988/11001/2171/10733/6509/6491/3251/3669/10950/991/7153/990/51659/3418,T cells,HALLMARK,Monaco_main
HALLMARK_ANGIOGENESIS,HALLMARK_ANGIOGENESIS,14,0.493005206660256,1.32408019691424,0.132007233273056,0.244457839394548,0.138954982392691,3739,"tags=57%, list=28%, signal=41%",NRP1/APP/S100A4/TIMP1/CCND2/VEGFA/VAV2/COL5A2,8829/351/6275/7076/894/7422/7410/1290,T cells,HALLMARK,Monaco_main
HALLMARK_HYPOXIA,HALLMARK_HYPOXIA,151,0.270472542009302,1.20402770921357,0.123574144486692,0.244457839394548,0.138954982392691,3783,"tags=35%, list=29%, signal=25%",ERO1A/MXI1/ACKR3/BHLHE40/ENO2/CDKN1C/TGFB3/NDRG1/ZNF292/PLAUR/TPD52/PDK3/IER3/RRAGD/TGFBI/COL5A1/IGFBP3/PYGM/BCL2/ALDOC/RORA/FOXO3/DUSP1/S100A4/CP/NEDD4L/ENO3/STBD1/B3GALT6/SAP30/PLAC8/CASP6/VLDLR/EFNA3/ALDOA/GPC1/AMPD3/P4HA1/MAP3K1/CDKN1A/IRS2/PGM1/AK4/EGFR/ANXA2/VEGFA/HS3ST1/HK1/KIF5A/PHKG1/KDM3A/CAV1/ANKZF1,30001/4601/57007/8553/2026/1028/7043/10397/23036/5329/7163/5165/8870/58528/7045/1289/3486/5837/596/230/6095/2309/1843/6275/1356/23327/2027/8987/126792/8819/51316/839/7436/1944/226/2817/272/5033/4214/1026/8660/5236/205/1956/302/7422/9957/3098/3798/5260/55818/857/55139,T cells,HALLMARK,Monaco_main
HALLMARK_UV_RESPONSE_DN,HALLMARK_UV_RESPONSE_DN,113,0.280181338141902,1.19789691461219,0.127579737335835,0.244457839394548,0.138954982392691,4174,"tags=44%, list=32%, signal=30%",NR1D2/BHLHE40/FBLN5/PHF3/DBP/SMAD7/RND3/KIT/NRP1/NOTCH2/DUSP1/SCAF8/AKT3/MAGI2/IGF1R/NIPBL/PDLIM5/ARHGEF9/RXRA/PTPRM/VLDLR/TGFBR3/PPARG/ACVR2A/CDON/ATP2B4/SPOP/FZD2/ANXA2/NFIB/VAV2/PIAS3/MGMT/BCKDHB/RGS4/CAV1/COL5A2/SFMBT1/PIK3CD/MAPK14/ATP2B1/DDAH1/MET/CDC42BPA/NEK7/SMAD3/ID1/ICA1/CDK13/PTEN,9975/8553/10516/23469/1628/4092/390/3815/8829/4853/1843/22828/10000/9863/3480/25836/10611/23229/6256/5797/7436/7049/5468/92/50937/493/8405/2535/302/4781/7410/10401/4255/594/5999/857/1290/51460/5293/1432/490/23576/4233/8476/140609/4088/3397/3382/8621/5728,T cells,HALLMARK,Monaco_main
HALLMARK_ESTROGEN_RESPONSE_EARLY,HALLMARK_ESTROGEN_RESPONSE_EARLY,144,0.264062716898618,1.16824335762309,0.169811320754717,0.303234501347709,0.172364874450277,3770,"tags=34%, list=29%, signal=25%",DYNLT3/BHLHE40/SNX24/MYBL1/ABCA3/AQP3/PEX11A/ASB13/NAV2/DHRS3/GAB2/NRIP1/BCL2/RETREG1/MAPT/ARL3/EGR3/NXT1/AKAP1/AMFR/BLVRB/ZNF185/IGF1R/LRIG1/SEMA3B/ADCY9/WWC1/SLC39A6/TJP3/WFS1/SVIL/SLC26A2/SEC14L2/DHCR7/NBL1/CHPT1/KLF10/SYBU/MYB/HES1/SLC22A5/UGCG/MINDY1/CD44/BCL11B/OVOL2/KRT18/RARA/RAPGEFL1,6990/8553/28966/4603/21/360/8800/79754/89797/9249/9846/8204/596/54463/4137/403/1960/29107/8165/267/645/7739/3480/26018/7869/115/23286/25800/27134/7466/6840/1836/23541/1717/4681/56994/7071/55638/4602/3280/6584/7357/55793/960/64919/58495/3875/5914/51195,T cells,HALLMARK,Monaco_main
HALLMARK_HEDGEHOG_SIGNALING,HALLMARK_HEDGEHOG_SIGNALING,23,0.389445450108933,1.22146492693111,0.179715302491103,0.309853969812247,0.176127519682751,3849,"tags=48%, list=29%, signal=34%",PTCH1/AMOT/NRP1/DPYSL2/VLDLR/OPHN1/UNC5C/CDK6/VEGFA/LDB1/CDK5R1,5727/154796/8829/1808/7436/4983/8633/1021/7422/8861/8851,T cells,HALLMARK,Monaco_main
HALLMARK_PANCREAS_BETA_CELLS,HALLMARK_PANCREAS_BETA_CELLS,16,0.445284604763706,1.2511382710765,0.191071428571429,0.318452380952381,0.181015037593985,2926,"tags=31%, list=22%, signal=24%",STXBP1/DPP4/AKT3/PAK3/SLC2A2,6812/1803/10000/5063/6514,T cells,HALLMARK,Monaco_main
HALLMARK_HEME_METABOLISM,HALLMARK_HEME_METABOLISM,152,0.25133780376715,1.12094571442863,0.214828897338403,0.346498221513553,0.196956883807704,1894,"tags=19%, list=14%, signal=17%",MFHAS1/VEZF1/MXI1/SLC25A37/MKRN1/BMP2K/ACSL6/DCAF10/EZH1/RCL1/ICAM4/ALDH6A1/AQP3/SMOX/FOXJ2/TRAK2/GCLM/DMTN/ATP6V0A1/SLC10A3/SLC30A1/KDM7A/LRP10/CA2/FOXO3/PC/FBXO9/KAT2B/BLVRB,9258/7716/4601/51312/23608/55589/23305/79269/2145/10171/3386/4329/360/54498/55810/66008/2730/2039/535/8273/7779/80853/26020/760/2309/5091/26268/8850/645,T cells,HALLMARK,Monaco_main
HALLMARK_XENOBIOTIC_METABOLISM,HALLMARK_XENOBIOTIC_METABOLISM,136,-0.24355524877638,-1.09093359926143,0.271551724137931,0.424299568965517,0.241180807622505,1670,"tags=17%, list=13%, signal=15%",GCH1/TKFC/ETFDH/MCCC2/CYB5A/LPIN2/MT2A/AHCY/BCAT1/GSS/DDT/ACO2/NINJ1/ATP2A2/ELOVL5/GSTO1/FAS/ACP2/SHMT2/HPRT1/TPST1/MTHFD1/PSMB10,2643/26007/2110/64087/1528/9663/4502/191/586/2937/1652/50/4814/488/60481/9446/355/53/6472/3251/8460/4522/5699,T cells,HALLMARK,Monaco_main
HALLMARK_IL2_STAT5_SIGNALING,HALLMARK_IL2_STAT5_SIGNALING,168,0.240602286993079,1.08055966640154,0.299435028248588,0.440345629777335,0.250301726399748,2353,"tags=27%, list=18%, signal=22%",NT5E/SWAP70/EMP1/PTCH1/BHLHE40/PRNP/ITGA6/DENND5A/AHR/CDKN1C/IL2RA/IL18R1/CKAP4/SERPINB6/NDRG1/FLT3LG/DHRS3/AGER/SLC39A8/RRAGD/COL6A1/BCL2/SOCS2/RORA/ARL4A/AHNAK/CA2/NRP1/CD48/ICOS/MYO1E/PUS1/IL4R/IL3RA/PDCD2L/IGF1R/LRIG1/ENO3/IFNGR1/SNX9/CCND3/CYFIP1/SNX14/HUWE1/RHOB,4907/23075/2012/5727/8553/5621/3655/23258/196/1028/3559/8809/10970/5269/10397/2323/9249/177/64116/58528/1291/596/8835/6095/10124/79026/760/8829/962/29851/4643/80324/3566/3563/84306/3480/26018/2027/3459/51429/896/23191/57231/10075/388,T cells,HALLMARK,Monaco_main
HALLMARK_INFLAMMATORY_RESPONSE,HALLMARK_INFLAMMATORY_RESPONSE,134,-0.238139161327288,-1.0684028107137,0.293617021276596,0.440345629777335,0.250301726399748,2755,"tags=31%, list=21%, signal=24%",EIF2AK2/SELL/TNFSF9/MEP1A/ITGB8/NFKB1/CD70/NFKBIA/RIPK2/IL15/CYBB/SLC31A1/GNA15/RHOG/RTP4/GCH1/IRF7/MXD1/P2RX7/IL2RB/CCL5/RGS1/ICAM1/ADRM1/TLR3/BTG2/SPHK1/CCRL2/ATP2A2/BST2/LCK/CSF1/TNFRSF9/TNFRSF1B/NMI/IRF1/LY6E/NAMPT/TAPBP/IL10/CXCR6,5610/6402/8744/4224/3696/4790/970/4792/8767/3600/1536/1317/2769/391/64108/2643/3665/4084/5027/3560/6352/5996/3383/11047/7098/7832/8877/9034/488/684/3932/1435/3604/7133/9111/3659/4061/10135/6892/3586/10663,T cells,HALLMARK,Monaco_main
HALLMARK_CHOLESTEROL_HOMEOSTASIS,HALLMARK_CHOLESTEROL_HOMEOSTASIS,69,-0.26408856416136,-1.04793997428735,0.331168831168831,0.473098330241187,0.268919050873938,531,"tags=10%, list=4%, signal=10%",ACTG1/FABP5/PLSCR1/ATF3/TP53INP1/GLDC/FBXO6,71/2171/5359/467/94241/2731/26270,T cells,HALLMARK,Monaco_main
HALLMARK_REACTIVE_OXYGEN_SPECIES_PATHWAY,HALLMARK_REACTIVE_OXYGEN_SPECIES_PATHWAY,46,-0.282069132051221,-1.05022431287462,0.389247311827957,0.537075537075537,0.305285042127148,3401,"tags=41%, list=26%, signal=31%",PRDX1/PRDX6/GLRX/SRXN1/STK25/GSR/PFKP/MBP/NDUFB4/SBNO2/PTPA/TXN/LSP1/ERCC2/SOD1/G6PD/LAMTOR5/NDUFA6/PDLIM1,5052/9588/2745/140809/10494/2936/5214/4155/4710/22904/5524/7295/4046/2068/6647/2539/10542/4700/9124,T cells,HALLMARK,Monaco_main
HALLMARK_FATTY_ACID_METABOLISM,HALLMARK_FATTY_ACID_METABOLISM,132,-0.228838410336293,-1.02416074425738,0.397435897435897,0.537075537075537,0.305285042127148,1805,"tags=18%, list=14%, signal=16%",IDH3G/ACADS/ETFDH/CPT2/MLYCD/ACSL5/TP53INP2/UROS/ECI1/DECR1/ACO2/SDHC/PDHB/ELOVL5/SUCLG1/MDH2/MDH1/NTHL1/HSD17B10/FH/LDHA/PSME1/UROD/UBE2L6,3421/35/2110/1376/23417/51703/58476/7390/1632/1666/50/6391/5162/60481/8802/4191/4190/4913/3028/2271/3939/5720/7389/9246,T cells,HALLMARK,Monaco_main
HALLMARK_PEROXISOME,HALLMARK_PEROXISOME,89,-0.241166894013419,-1.01316094932088,0.423625254582485,0.548662806727323,0.311871490139741,1549,"tags=22%, list=12%, signal=20%",PEX14/PRDX5/ITGB1BP1/ACSL4/FIS1/GSTK1/ATXN1/MLYCD/ACSL5/ISOC1/SLC25A19/SOD1/CTPS1/MVP/ELOVL5/SCP2/SLC27A2/CLN6/TOP2A/IDH2,5195/25824/9270/2182/51024/373156/6310/23417/51703/51015/60386/6647/1503/9961/60481/6342/11001/54982/7153/3418,T cells,HALLMARK,Monaco_main
HALLMARK_APICAL_JUNCTION,HALLMARK_APICAL_JUNCTION,133,-0.225106693953489,-1.00765975097269,0.427956989247312,0.548662806727323,0.311871490139741,2516,"tags=26%, list=19%, signal=22%",GNAI2/ADAM9/MYH9/VCAM1/MYL12B/ZYX/EXOC4/NF1/PECAM1/FYB1/TUBG1/MAP3K20/NEXN/TRO/TRAF1/ATP1A3/RSU1/ICAM1/PARD6G/PTPRC/ACTG2/LIMA1/IKBKG/B4GALT1/MAPK11/EVL/ACTG1/PIK3R3/TSPAN4/RAC2/CNN2/PFN1/ACTB/CAP1/ARPC2,2771/8754/4627/7412/103910/7791/60412/4763/5175/2533/7283/51776/91624/7216/7185/478/6251/3383/84552/5788/72/51474/8517/2683/5600/51466/71/8503/7106/5880/1265/5216/60/10487/10109,T cells,HALLMARK,Monaco_main
HALLMARK_BILE_ACID_METABOLISM,HALLMARK_BILE_ACID_METABOLISM,79,0.244603843808346,0.991787749042252,0.455210237659964,0.569012797074954,0.323438853074185,2396,"tags=25%, list=18%, signal=21%",NR3C2/ABCA3/ABCA5/PEX11A/FADS1/PAOX/HSD17B4/PEX12/GCLM/PECR/EFHC1/ABCD3/SLC27A5/HACL1/BCAR3/SOAT2/ABCD1/RXRA/EPHX2/ALDH8A1,4306/21/23461/8800/3992/196743/3295/5193/2730/55825/114327/5825/10998/26061/8412/8435/215/6256/2053/64577,T cells,HALLMARK,Monaco_main
HALLMARK_ANDROGEN_RESPONSE,HALLMARK_ANDROGEN_RESPONSE,88,0.239142382040394,0.982410390109969,0.496138996138996,0.605047556267068,0.343921768825492,2821,"tags=27%, list=21%, signal=22%",CDC14B/PGM3/HPGD/SLC38A2/NDRG1/FADS1/TPD52/HSD17B14/SCD/TSC22D1/IQGAP2/PMEPA1/MERTK/ACSL3/NKX3-1/PDLIM5/CCND3/RAB4A/UBE2J1/GNAI3/VAPA/HERC3/SGK1/SLC26A2,8555/5238/3248/54407/10397/3992/7163/51171/6319/8848/10788/56937/10461/2181/4824/10611/896/5867/51465/2773/9218/8916/6446/1836,T cells,HALLMARK,Monaco_main
HALLMARK_MYC_TARGETS_V2,HALLMARK_MYC_TARGETS_V2,57,-0.24686256326397,-0.955281335471684,0.530785562632696,0.631887574562734,0.359178200277765,1230,"tags=18%, list=9%, signal=16%",PPAN/RABEPK/NOC4L/DUSP2/WDR74/MCM5/SRM/PLK1/PLK4/MCM4,56342/10244/79050/1844/54663/4174/6723/5347/10733/4173,T cells,HALLMARK,Monaco_main
HALLMARK_KRAS_SIGNALING_DN,HALLMARK_KRAS_SIGNALING_DN,73,0.229554099624649,0.909357722399232,0.647279549718574,0.743396532166586,0.422562239336796,3879,"tags=37%, list=29%, signal=26%",PLAG1/PRKN/NRIP2/THNSL2/SLC5A5/P2RX6/CD40LG/LYPD3/LFNG/RSAD2/CAMK1D/ZBTB16/C5/SGK1/GPRC5C/SKIL/MAST3/VPS50/SLC16A7/IGFBP2/NR6A1/CCDC106/MAGIX/COPZ2/CLSTN3/THRB/FGGY,5324/5071/83714/55258/6528/9127/959/27076/3955/91543/57118/7704/727/6446/55890/6498/23031/55610/9194/3485/2649/29903/79917/51226/9746/7068/55277,T cells,HALLMARK,Monaco_main
HALLMARK_NOTCH_SIGNALING,HALLMARK_NOTCH_SIGNALING,24,0.278312392017874,0.881467760670335,0.654188948306595,0.743396532166586,0.422562239336796,3506,"tags=38%, list=27%, signal=28%",CUL1/DTX4/DTX1/LFNG/NOTCH2/SAP30/DLL1/HES1/FZD5,8454/23220/1840/3955/4853/8819/28514/3280/7855,T cells,HALLMARK,Monaco_main
HALLMARK_KRAS_SIGNALING_UP,HALLMARK_KRAS_SIGNALING_UP,129,0.203377910721107,0.887656527820587,0.744360902255639,0.823311748381128,0.467987730658747,2231,"tags=18%, list=17%, signal=15%",IL7R/ERO1A/CFH/EMP1/SPON1/MPZL2/ZNF639/STRN/PLAUR/HDAC9/SATB1/KIF5C/IGFBP3/CBL/CA2/NRP1/ADAM17/ST6GAL1/HKDC1/KCNN4/ALDH1A2/SEMA3B/EPB41L3,3575/30001/3075/2012/10418/10205/51193/6801/5329/9734/6304/3800/3486/867/760/8829/6868/6480/80201/3783/8854/7869/23136,T cells,HALLMARK,Monaco_main
HALLMARK_P53_PATHWAY,HALLMARK_P53_PATHWAY,174,-0.193438323286914,-0.887598396845849,0.757446808510638,0.823311748381128,0.467987730658747,1784,"tags=14%, list=14%, signal=13%",TP53/HEXIM1/DEF6/VWA5A/MXD1/NOTCH1/IP6K2/BTG2/NINJ1/SPHK1/BAX/CASP1/TRAFD1/IFI30/LDHB/FAS/CTSD/ADA/PCNA/STOM/MXD4/BAK1/ATF3/CDKN2A/TAP1,7157/10614/50619/4013/4084/4851/51447/7832/4814/8877/581/834/10906/10437/3945/355/1509/100/5111/2040/10608/578/467/1029/6890,T cells,HALLMARK,Monaco_main
HALLMARK_PROTEIN_SECRETION,HALLMARK_PROTEIN_SECRETION,92,-0.198612224988205,-0.833685699650878,0.819706498951782,0.825925925925926,0.469473684210526,2408,"tags=23%, list=18%, signal=19%",GLA/RER1/ERGIC3/SGMS1/MAPK1/YIPF6/AP3B1/ZW10/LAMP2/LMAN1/COPB2/STAM/SOD1/GOSR2/TMX1/AP2S1/ATP6V1H/NAPA/COPE/CLTA/CTSC,2717/11079/51614/259230/5594/286451/8546/9183/3920/3998/9276/8027/6647/9570/81542/1175/51606/8775/11316/1211/1075,T cells,HALLMARK,Monaco_main
HALLMARK_TGF_BETA_SIGNALING,HALLMARK_TGF_BETA_SIGNALING,48,0.223300980730534,0.819065186400364,0.787430683918669,0.825925925925926,0.469473684210526,2328,"tags=25%, list=18%, signal=21%",TGFBR1/CDKN1C/SMURF1/FNTA/SMAD7/TGIF1/SMURF2/PMEPA1/APC/IFNGR2/BCAR3/CDK9,7046/1028/57154/2339/4092/7050/64750/56937/324/3460/8412/1025,T cells,HALLMARK,Monaco_main
HALLMARK_COAGULATION,HALLMARK_COAGULATION,69,0.204420277163286,0.810298542960496,0.825925925925926,0.825925925925926,0.469473684210526,4110,"tags=33%, list=31%, signal=23%",CFH/DUSP14/CLU/DPP4/CRIP2/ANXA1/RABIF/CD9/CASP9/F12/CTSH/KLKB1/GDA/CTSO/CPQ/TIMP1/P2RY1/ISCU/DUSP6/LRP1/A2M/MAFF/GNG12,3075/11072/1191/1803/1397/301/5877/928/842/2161/1512/3818/9615/1519/10404/7076/5028/23479/1848/4035/2/23764/55970,T cells,HALLMARK,Monaco_main
HALLMARK_APICAL_SURFACE,HALLMARK_APICAL_SURFACE,29,-0.240092654822201,-0.795555510286984,0.811363636363636,0.825925925925926,0.469473684210526,1742,"tags=17%, list=13%, signal=15%",AFAP1L2/IL2RB/IL2RG/B4GALT1/BRCA1,84632/3560/3561/2683/672,T cells,HALLMARK,Monaco_main
