ID,Description,setSize,enrichmentScore,NES,pvalue,p.adjust,qvalue,rank,leading_edge,leading_edge_symbols,leading_edge_entrez,cluster,geneset,annotation
HALLMARK_INTERFERON_ALPHA_RESPONSE,HALLMARK_INTERFERON_ALPHA_RESPONSE,60,-0.648530473053308,-2.63185176152527,1e-10,2.35e-09,1.63157894736842e-09,993,"tags=50%, list=15%, signal=43%",IFI35/SP110/ADAR/DDX60/MX1/HLA-C/B2M/SELL/PARP14/NUB1/SAMD9/TAP1/IRF1/ISG15/NMI/CASP8/SAMD9L/CD47/ISG20/PSMB9/PSMB8/LY6E/UBE2L6/IRF9/PARP9/PSME1/GBP4/EPSTI1/CD74/PSME2,3430/3431/103/55601/4599/3107/567/6402/54625/51667/54809/6890/3659/9636/9111/841/219285/961/3669/5698/5696/4061/9246/10379/83666/5720/115361/94240/972/5721,Central memory CD8 T cells,HALLMARK,Monaco_fine
HALLMARK_INTERFERON_GAMMA_RESPONSE,HALLMARK_INTERFERON_GAMMA_RESPONSE,126,-0.539630986886333,-2.49804364225779,1e-10,2.35e-09,1.63157894736842e-09,997,"tags=40%, list=15%, signal=34%",XAF1/IFI35/SP110/ADAR/MTHFD2/IRF4/TNFAIP3/NFKBIA/DDX60/MX1/APOL6/PIM1/IFNAR2/MX2/RNF213/B2M/PFKP/SOCS3/PARP14/HLA-A/TAP1/IRF1/NLRC5/STAT3/GZMA/CASP4/ISG15/ITGB7/NMI/CASP8/PSMB10/SAMD9L/ARID5B/ISG20/MT2A/HIF1A/CASP3/CD38/PSMB9/PSMB8/LY6E/UBE2L6/IRF9/PSME1/GBP4/EPSTI1/CD74/PSME2/HLA-DRB1/STAT1,54739/3430/3431/103/10797/3662/7128/4792/55601/4599/80830/5292/3455/4600/57674/567/5214/9021/54625/3105/6890/3659/84166/6774/3001/837/9636/3695/9111/841/5699/219285/84159/3669/4502/3091/836/952/5698/5696/4061/9246/10379/5720/115361/94240/972/5721/3123/6772,Central memory CD8 T cells,HALLMARK,Monaco_fine
HALLMARK_OXIDATIVE_PHOSPHORYLATION,HALLMARK_OXIDATIVE_PHOSPHORYLATION,176,-0.397082416114047,-1.92300381707265,3.48197425251526e-07,5.45509299560724e-06,3.78741059045519e-06,1895,"tags=49%, list=29%, signal=36%",POLR2F/MRPL35/IDH3B/CYB5R3/TIMM17A/ATP5MC3/ACO2/NDUFS7/POR/NDUFA9/ISCA1/ETFA/SDHD/TOMM22/CYB5A/PRDX3/ATP5PD/NNT/COX7C/CYCS/ATP5F1A/ATP5MF/NDUFS3/HADHB/NDUFB4/COX17/UQCRH/NDUFA7/ATP6V1C1/COX7B/BAX/DECR1/NDUFB7/NDUFV1/ATP6V1G1/PHYH/SLC25A6/RHOT1/MDH1/ATP6V1E1/COX7A2/NDUFA3/NDUFA5/MRPL11/SLC25A3/NDUFB5/NDUFV2/ATP5F1E/PDHA1/ATP5PO/NDUFB1/NDUFAB1/NDUFC2/UQCRB/ATP5PF/ATP5F1D/UQCR10/NDUFS2/RHOT2/IDH2/SDHB/UQCRQ/GPI/ATP6V0E1/NDUFA6/SDHC/OAT/IDH3A/NDUFB8/LDHA/MRPS15/ETFB/ATP5F1C/LDHB/COX6A1/UQCRFS1/MDH2/NDUFS8/NDUFB3/VDAC1/NDUFA1/COX10/COX5A/SLC25A5/UQCRC2/ATP5F1B/COX5B,5435/51318/3420/1727/10440/518/50/374291/5447/4704/81689/2108/6392/56993/1528/10935/10476/23530/1350/54205/498/9551/4722/3032/4710/10063/7388/4701/528/1349/581/1666/4713/4723/9550/5264/293/55288/4190/529/1347/4696/4698/65003/5250/4711/4729/514/5160/539/4707/4706/4718/7381/522/513/29796/4720/89941/3418/6390/27089/2821/8992/4700/6391/4942/3419/4714/3939/64960/2109/509/3945/1337/7386/4191/4728/4709/7416/4694/1352/9377/292/7385/506/1329,Central memory CD8 T cells,HALLMARK,Monaco_fine
HALLMARK_ALLOGRAFT_REJECTION,HALLMARK_ALLOGRAFT_REJECTION,110,-0.432223307891993,-1.96607926265271,7.85700157353788e-06,9.231976848907e-05,6.40965917841248e-05,951,"tags=32%, list=14%, signal=28%",ITK/MAP3K7/IRF4/IL2RG/CTSS/IFNAR2/CD7/TAP2/LY75/EIF5A/LCK/GALNT1/CRTAM/B2M/ETS1/CD3G/HLA-A/IL12RB1/TAP1/SRGN/GZMA/CD3D/PSMB10/PTPRC/FYB1/CSK/WAS/CD47/HIF1A/ITGB2/IL27RA/LTB/CD74/HLA-DRA/STAT1,3702/6885/3662/3561/1520/3455/924/6891/4065/1984/3932/2589/56253/567/2113/917/3105/3594/6890/5552/3001/915/5699/5788/2533/1445/7454/961/3091/3689/9466/4050/972/3122/6772,Central memory CD8 T cells,HALLMARK,Monaco_fine
HALLMARK_IL6_JAK_STAT3_SIGNALING,HALLMARK_IL6_JAK_STAT3_SIGNALING,41,-0.51943557869863,-1.94408765396817,0.000360836930670774,0.00339186714830528,0.0023549357580619,1264,"tags=41%, list=19%, signal=34%",STAT2/TNFRSF1B/IFNAR1/ITGA4/IL2RG/PIM1/TYK2/IL6ST/SOCS3/IL12RB1/IRF1/STAT3/CD38/PTPN11/IRF9/LTB/STAT1,6773/7133/3454/3676/3561/5292/7297/3572/9021/3594/3659/6774/952/5781/10379/4050/6772,Central memory CD8 T cells,HALLMARK,Monaco_fine
HALLMARK_UV_RESPONSE_UP,HALLMARK_UV_RESPONSE_UP,69,-0.420285259650604,-1.7629909493905,0.000999424996175289,0.00782882913670643,0.00543546927744456,1121,"tags=32%, list=17%, signal=27%",CYB5B/PDAP1/RASGRP1/HLA-F/AQP3/NUP58/NFKBIA/ARRB2/IL6ST/TFRC/POLR2H/NXF1/RPN1/DDX21/TAP1/PPAT/IRF1/TUBA4A/BCL2L11/CASP3/JUNB/ATF3,80777/11333/10125/3134/360/9818/4792/409/3572/7037/5437/10482/6184/9188/6890/5471/3659/7277/10018/836/3726/467,Central memory CD8 T cells,HALLMARK,Monaco_fine
HALLMARK_TNFA_SIGNALING_VIA_NFKB,HALLMARK_TNFA_SIGNALING_VIA_NFKB,111,-0.352430884660218,-1.60694195258183,0.0020477292341692,0.0137490391437075,0.00954580545251807,1429,"tags=31%, list=22%, signal=24%",BIRC2/CCNL1/KLF2/NFKB1/PTGER4/NFAT5/KLF6/ETS2/TNIP1/ZFP36/TNFAIP3/NFKBIA/BIRC3/FOSL2/LITAF/B4GALT1/IL6ST/SOCS3/ATP2B1/NFKB2/RELB/TAP1/IRF1/GADD45A/PER1/GEM/EGR2/NR4A3/PTPRE/SLC2A3/IRS2/JUNB/BCL2A1/ATF3,329/57018/10365/4790/5734/10725/1316/2114/10318/7538/7128/4792/330/2355/9516/2683/3572/9021/490/4791/5971/6890/3659/1647/5187/2669/1959/8013/5791/6515/8660/3726/597/467,Central memory CD8 T cells,HALLMARK,Monaco_fine
HALLMARK_DNA_REPAIR,HALLMARK_DNA_REPAIR,103,-0.357386603863763,-1.60655171482057,0.00237696263838089,0.0139646555004877,0.0096955054986589,1506,"tags=38%, list=23%, signal=30%",POLA1/COX17/NUDT9/USP11/AGO4/GTF2H5/MPC2/TMED2/ADA/POLR2A/SEC61A1/NT5C/POLR2C/POLB/EDF1/VPS28/POLD4/NT5C3A/ELOA/POLR1C/TAF10/APRT/SNAPC5/ARL6IP1/POLR2G/GUK1/POLR2H/RPA3/MPG/VPS37B/SDCBP/GTF2A2/XPC/HPRT1/POLR2E/IMPDH2/GTF2F1/ITPA/POLR2K,5422/10063/53343/8237/192670/404672/25874/10959/100/5430/29927/30833/5432/5423/8721/51160/57804/51251/6924/9533/6881/353/10302/23204/5436/2987/5437/6119/4350/79720/6386/2958/7508/3251/5434/3615/2962/3704/5440,Central memory CD8 T cells,HALLMARK,Monaco_fine
HALLMARK_MYC_TARGETS_V1,HALLMARK_MYC_TARGETS_V1,172,-0.296378801374078,-1.43594648167727,0.00578396541857011,0.0302051527414217,0.0209711026872132,1439,"tags=26%, list=22%, signal=21%",TRIM28/RACK1/PSMA1/EIF3J/UBE2E1/CBX3/ODC1/PPIA/ACP1/SLC25A3/TUFM/HNRNPA1/CCT5/GNL3/NDUFAB1/RPLP0/PSMD8/KPNA2/SYNCRIP/PSMD14/SMARCC1/PPM1G/STARD7/PABPC1/SNRPD2/PSMA4/ILF2/CANX/PA2G4/DDX21/LDHA/KPNB1/APEX1/HPRT1/IMPDH2/SNRPD3/VDAC1/PSMA6/C1QBP/ETF1/PSMB3/COX5A/SNRPB2/PSMD1/TFDP1,10155/10399/5682/8669/7324/11335/4953/5478/52/5250/7284/3178/22948/26354/4706/6175/5714/3838/10492/10213/6599/5496/56910/26986/6633/5685/3608/821/5036/9188/3939/3837/328/3251/3615/6634/7416/5687/708/2107/5691/9377/6629/5707/7027,Central memory CD8 T cells,HALLMARK,Monaco_fine
HALLMARK_G2M_CHECKPOINT,HALLMARK_G2M_CHECKPOINT,112,-0.323062921462233,-1.47180012324987,0.0102583331401531,0.0456963556822747,0.0317264731500676,902,"tags=31%, list=14%, signal=27%",GSPT1/CHMP1A/RAD21/SFPQ/JPT1/LBR/ODC1/NASP/UBE2S/DBF4/ODF2/DDX39A/DR1/ARID4A/KPNA2/SYNCRIP/TMPO/SMARCC1/NUP98/CDKN1B/NSD2/PRIM2/KIF20B/KPNB1/SLC7A5/MT2A/HIF1A/E2F3/KATNA1/STMN1/CENPF/TFDP1/CKS2/EZH2/SMC4,2935/5119/5885/6421/51155/3930/4953/4678/27338/10926/4957/10212/1810/5926/3838/10492/7112/6599/4928/1027/7468/5558/9585/3837/8140/4502/3091/1871/11104/3925/1063/7027/1164/2146/10051,Central memory CD8 T cells,HALLMARK,Monaco_fine
HALLMARK_MTORC1_SIGNALING,HALLMARK_MTORC1_SIGNALING,136,-0.307169387350315,-1.4357536789005,0.010694891755426,0.0456963556822747,0.0317264731500676,1232,"tags=30%, list=19%, signal=25%",ATP2A2/PPIA/CXCR4/UBE2D3/CYB5B/IDI1/ADD3/PDAP1/SEC11A/SLA/MTHFD2/SLC6A6/ARPC5L/DDX39A/ABCF2/RPA1/DAPP1/PSMD14/GPI/PSMA4/PRDX1/GGA2/HMGCS1/TFRC/CANX/RPN1/LDHA/ELOVL5/XBP1/HPRT1/NFKBIB/HSP90B1/ENO1/TUBA4A/SLC7A5/ETF1/ACTR3/SLC2A3/CALR/ITGB2/CORO1A,488/5478/7852/7323/80777/3422/120/11333/23478/6503/10797/6533/81873/10212/10061/6117/27071/10213/2821/5685/5052/23062/3157/7037/821/6184/3939/60481/7494/3251/4793/7184/2023/7277/8140/2107/10096/6515/811/3689/11151,Central memory CD8 T cells,HALLMARK,Monaco_fine
HALLMARK_APICAL_JUNCTION,HALLMARK_APICAL_JUNCTION,58,-0.372962044259189,-1.49994384313393,0.0163294950435175,0.0639571889204434,0.0444047672236001,1158,"tags=34%, list=17%, signal=29%",LIMA1/MYL12B/GNAI2/CAP1/MYH9/RAC2/B4GALT1/EXOC4/SYMPK/ARHGEF6/STX4/ARPC2/DHX16/ACTB/PTPRC/FYB1/GTF2F1/PFN1/ACTG1/CNN2,51474/103910/2771/10487/4627/5880/2683/60412/8189/9459/6810/10109/8449/60/5788/2533/2962/5216/71/1265,Central memory CD8 T cells,HALLMARK,Monaco_fine
HALLMARK_APOPTOSIS,HALLMARK_APOPTOSIS,93,-0.3275093462428,-1.44692359095204,0.023451105314709,0.0818022425118688,0.0567943900978261,1426,"tags=27%, list=22%, signal=21%",LMNA/BAX/HMGB2/DNM1L/DPYD/CASP6/PMAIP1/TSPO/BIRC3/PLCB2/RHOT2/CDKN1B/DAP/TAP1/IRF1/GADD45A/CASP4/CASP8/ETF1/BCL2L11/ISG20/CASP3/CD38/ATF3/LEF1,4000/581/3148/10059/1806/839/5366/706/330/5330/89941/1027/1611/6890/3659/1647/837/841/2107/10018/3669/836/952/467/51176,Central memory CD8 T cells,HALLMARK,Monaco_fine
HALLMARK_E2F_TARGETS,HALLMARK_E2F_TARGETS,108,-0.310976880598275,-1.40921079759484,0.0243666254290673,0.0818022425118688,0.0567943900978261,1510,"tags=32%, list=23%, signal=25%",GSPT1/ATAD2/RAD21/JPT1/HMGB2/LBR/PAICS/NASP/EXOSC8/UBE2S/LYAR/SLBP/MTHFD2/DDX39A/SMC6/SNRPB/KPNA2/RPA1/SYNCRIP/TMPO/HELLS/RAD51C/TFRC/CDKN1B/PA2G4/RPA3/PRIM2/PHF5A/IPO7/DNMT1/DCK/STMN1/CKS2/EZH2/SMC4,2935/29028/5885/51155/3148/3930/10606/4678/11340/27338/55646/7884/10797/10212/79677/6628/3838/6117/10492/7112/3070/5889/7037/1027/5036/6119/5558/84844/10527/1786/1633/3925/1164/2146/10051,Central memory CD8 T cells,HALLMARK,Monaco_fine
HALLMARK_HYPOXIA,HALLMARK_HYPOXIA,86,-0.329616451062789,-1.43431967500034,0.0269362063303646,0.0844001131684756,0.0585980628941264,1122,"tags=31%, list=17%, signal=26%",CXCR4/CASP6/KLF6/MAP3K1/GCNT2/ZFP36/SLC6A6/MYH9/TNFAIP3/FOSL2/PIM1/GPI/SIAH2/PLAC8/TPST2/CDKN1B/PFKP/ANXA2/ETS1/LDHA/CITED2/ENO1/SLC2A3/ISG20/MT2A/IRS2/ATF3,7852/839/1316/4214/2651/7538/6533/4627/7128/2355/5292/2821/6478/51316/8459/1027/5214/302/2113/3939/10370/2023/6515/3669/4502/8660/467,Central memory CD8 T cells,HALLMARK,Monaco_fine
HALLMARK_GLYCOLYSIS,HALLMARK_GLYCOLYSIS,79,-0.311961886048566,-1.34397096595488,0.049085715108479,0.144189288131157,0.100109024234398,2150,"tags=52%, list=32%, signal=35%",DLD/FAM162A/GLRX/COG2/PMM2/PGK1/PGAM1/GCLC/RBCK1/ALDH9A1/GNPDA1/PGM2/CYB5A/HSPA5/PGLS/DDIT4/ANKZF1/MDH1/PPIA/NASP/CXCR4/COPB2/CASP6/TXN/AKR1A1/B4GALT1/FUT8/GALK2/ARPP19/SDHC/PFKP/ME2/LDHA/CITED2/KIF2A/MDH2/TALDO1/ENO1/ISG20/IRS2/STMN1,1738/26355/2745/22796/5373/5230/5223/2729/10616/223/10007/55276/1528/3309/25796/54541/55139/4190/5478/4678/7852/9276/839/7295/10327/2683/2530/2585/10776/6391/5214/4200/3939/10370/3796/4191/6888/2023/3669/8660/3925,Central memory CD8 T cells,HALLMARK,Monaco_fine
HALLMARK_COMPLEMENT,HALLMARK_COMPLEMENT,88,-0.300236833124897,-1.31865408255519,0.058713024279043,0.162324243595001,0.112699922764727,1128,"tags=26%, list=17%, signal=22%",SPOCK2/GNB2/DOCK9/RASGRP1/GNAI2/TNFAIP3/CTSS/PIM1/LCK/STX4/CTSB/GZMK/IRF1/KIF2A/GZMA/CASP4/GPD2/WAS/PFN1/GATA3/CASP3/PSMB9/PIK3CG,9806/2783/23348/10125/2771/7128/1520/5292/3932/6810/1508/3003/3659/3796/3001/837/2820/7454/5216/2625/836/5698/5294,Central memory CD8 T cells,HALLMARK,Monaco_fine
HALLMARK_MITOTIC_SPINDLE,HALLMARK_MITOTIC_SPINDLE,114,-0.278337618829347,-1.26910442027072,0.072093023255814,0.188242894056848,0.130694954440365,976,"tags=18%, list=15%, signal=16%",NCK2/MYH9/RICTOR/TUBD1/TUBGCP5/RHOT2/CDC42/CAPZB/ARFGEF1/SPTBN1/TIAM1/KIF20B/ARHGAP10/EZR/BCR/CEP250/TUBA4A/BCL2L11/KATNA1/CENPF/SMC4,8440/4627/253260/51174/114791/89941/998/832/10565/6711/7074/9585/79658/7430/613/11190/7277/10018/11104/1063/10051,Central memory CD8 T cells,HALLMARK,Monaco_fine
HALLMARK_ESTROGEN_RESPONSE_LATE,HALLMARK_ESTROGEN_RESPONSE_LATE,59,-0.309434275143771,-1.25265621592599,0.118681318681319,0.29358010410642,0.203829411585644,747,"tags=24%, list=11%, signal=21%",IDH2/BAG1/SIAH2/IL6ST/DNAJC1/ELOVL5/ETFB/XBP1/MOCS2/TIAM1/HPRT1/BATF/SLC7A5/ISG20,3418/573/6478/3572/64215/60481/2109/7494/4338/7074/3251/10538/8140/3669,Central memory CD8 T cells,HALLMARK,Monaco_fine
HALLMARK_MYOGENESIS,HALLMARK_MYOGENESIS,33,0.37257358801778,1.27254907094641,0.136531365313653,0.320848708487085,0.222761701301224,1001,"tags=24%, list=15%, signal=21%",GNAO1/PRNP/ADCY9/BHLHE40/SIRT2/FLII/WWTR1/DAPK2,2775/5621/115/8553/22933/2314/25937/23604,Central memory CD8 T cells,HALLMARK,Monaco_fine
HALLMARK_PI3K_AKT_MTOR_SIGNALING,HALLMARK_PI3K_AKT_MTOR_SIGNALING,75,-0.282188683929956,-1.21037918520253,0.145124716553288,0.324802937047835,0.22550707835348,944,"tags=24%, list=14%, signal=21%",SLA/MAP3K7/IL2RG/CFL1/DAPP1/VAV3/LCK/CDKN1B/TIAM1/NFKBIB/HSP90B1/CSNK2B/PFN1/ACTR3/CALR/PPP1CA/PTPN11/ARPC3,6503/6885/3561/1072/27071/10451/3932/1027/7074/4793/7184/1460/5216/10096/811/5499/5781/10094,Central memory CD8 T cells,HALLMARK,Monaco_fine
HALLMARK_PEROXISOME,HALLMARK_PEROXISOME,53,-0.303534449977966,-1.20275299237557,0.169197396963124,0.3614671662394,0.250962646213246,1138,"tags=32%, list=17%, signal=27%",ABCD2/GSTK1/IDI1/TSPO/SMARCC1/IDH2/CAT/IDE/PABPC1/VPS4B/HSD17B11/PRDX1/CTBP1/ELOVL5/SCP2/PEX13/FIS1,225/373156/3422/706/6599/3418/847/3416/26986/9525/51170/5052/1487/60481/6342/5194/51024,Central memory CD8 T cells,HALLMARK,Monaco_fine
HALLMARK_ADIPOGENESIS,HALLMARK_ADIPOGENESIS,108,-0.256853376800917,-1.16394682231743,0.17995444191344,0.367732989997029,0.255312938183827,1534,"tags=32%, list=23%, signal=25%",RTN3/NDUFS3/MTCH2/UBC/COX7B/ATL2/G3BP2/DECR1/NDUFB7/PIM3/PHYH/NDUFA5/ATP5PO/NDUFAB1/ATP1B3/PPM1B/UQCR10/REEP5/CAT/CHUK/SDHB/UQCRQ/SDHC/IDH3A/ETFB/UCP2/COX6A1/GADD45A/MDH2/GPD2/TALDO1/CHCHD10/SCP2/DNAJC15/GHITM,10313/4722/23788/7316/1349/64225/9908/1666/4713/415116/5264/4698/539/4706/483/5495/29796/7905/847/1147/6390/27089/6391/3419/2109/7351/1337/1647/4191/2820/6888/400916/6342/29103/27069,Central memory CD8 T cells,HALLMARK,Monaco_fine
HALLMARK_FATTY_ACID_METABOLISM,HALLMARK_FATTY_ACID_METABOLISM,74,-0.266643754357219,-1.13955633937387,0.241457858769932,0.47285497342445,0.328297965871398,1092,"tags=41%, list=16%, signal=34%",ADIPOR2/DLD/ACADVL/SUCLG2/PDHB/GRHPR/IDH3B/ACO2/NBN/ALDH9A1/SDHD/HADHB/DECR1/MDH1/ODC1/IDI1/PDHA1/ERP29/SERINC1/HSD17B11/HMGCS1/SDHC/LDHA/ELOVL5/APEX1/MDH2/GPD2/UROS/UBE2L6/PSME1,79602/1738/37/8801/5162/9380/3420/50/4683/223/6392/3032/1666/4190/4953/3422/5160/10961/57515/51170/3157/6391/3939/60481/328/4191/2820/7390/9246/5720,Central memory CD8 T cells,HALLMARK,Monaco_fine
HALLMARK_WNT_BETA_CATENIN_SIGNALING,HALLMARK_WNT_BETA_CATENIN_SIGNALING,14,0.427351481673096,1.17028003099939,0.255681818181818,0.480681818181818,0.333732057416268,1398,"tags=57%, list=21%, signal=45%",ADAM17/TP53/CCND2/AXIN1/NUMB/CUL1/HDAC2/CTNNB1,6868/7157/894/8312/8650/8454/3066/1499,Central memory CD8 T cells,HALLMARK,Monaco_fine
HALLMARK_APICAL_SURFACE,HALLMARK_APICAL_SURFACE,15,-0.393766967700471,-1.15599540568309,0.289205702647658,0.491376107838455,0.341156984165556,841,"tags=33%, list=13%, signal=29%",IL2RG/B4GALT1/ADAM10/AKAP7/GATA3,3561/2683/102/9465/2625,Central memory CD8 T cells,HALLMARK,Monaco_fine
HALLMARK_KRAS_SIGNALING_DN,HALLMARK_KRAS_SIGNALING_DN,27,0.343130621884182,1.1235004535157,0.302631578947368,0.491376107838455,0.341156984165556,1188,"tags=30%, list=18%, signal=24%",PRKN/YPEL1/ASB7/DTNB/ZBTB16/CLSTN3/SIDT1/IFNG,5071/29799/140460/1838/7704/9746/54847/3458,Central memory CD8 T cells,HALLMARK,Monaco_fine
HALLMARK_REACTIVE_OXYGEN_SPECIES_PATHWAY,HALLMARK_REACTIVE_OXYGEN_SPECIES_PATHWAY,34,-0.305047837418338,-1.09438354840889,0.327510917030568,0.491376107838455,0.341156984165556,1028,"tags=32%, list=16%, signal=27%",ABCC1/TXN/NDUFS2/HMOX2/CAT/PRDX1/LSP1/NDUFA6/PFKP/PRDX2/JUNB,4363/7295/4720/3163/847/5052/4046/4700/5214/7001/3726,Central memory CD8 T cells,HALLMARK,Monaco_fine
HALLMARK_BILE_ACID_METABOLISM,HALLMARK_BILE_ACID_METABOLISM,33,0.318488531213041,1.08781807819104,0.33210332103321,0.491376107838455,0.341156984165556,737,"tags=24%, list=11%, signal=22%",NR3C2/GCLM/PEX1/PRDX5/LONP2/ABCD3/HACL1/ABCA5,4306/2730/5189/25824/83752/5825/26061/23461,Central memory CD8 T cells,HALLMARK,Monaco_fine
HALLMARK_INFLAMMATORY_RESPONSE,HALLMARK_INFLAMMATORY_RESPONSE,66,-0.258925476773935,-1.07874117237342,0.30820399113082,0.491376107838455,0.341156984165556,1270,"tags=29%, list=19%, signal=24%",NFKB1/TNFRSF1B/ATP2A2/PTGER4/KLF6/CD82/IFNAR1/RASGRP1/RGS1/NFKBIA/LCK/CCR7/SELL/ATP2B1/IRF1/NMI/PTPRE/HIF1A/LY6E,4790/7133/488/5734/1316/3732/3454/10125/5996/4792/3932/1236/6402/490/3659/9111/5791/3091/4061,Central memory CD8 T cells,HALLMARK,Monaco_fine
HALLMARK_UNFOLDED_PROTEIN_RESPONSE,HALLMARK_UNFOLDED_PROTEIN_RESPONSE,80,-0.249433910082406,-1.07537491900971,0.324137931034483,0.491376107838455,0.341156984165556,1678,"tags=31%, list=25%, signal=24%",ATF4/SPCS3/HSPA5/KHSRP/SPCS1/DDIT4/SLC30A5/TATDN2/LSM4/CNOT6/SEC11A/ATP6V0D1/PDIA6/YWHAZ/MTHFD2/HERPUD1/EXOSC9/EXOSC1/XBP1/POP4/HSP90B1/SLC7A5/TSPYL2/CALR/ATF3,468/60559/3309/8570/28972/54541/64924/9797/25804/57472/23478/9114/10130/7534/10797/9709/5393/51013/7494/10775/7184/8140/64061/811/467,Central memory CD8 T cells,HALLMARK,Monaco_fine
HALLMARK_CHOLESTEROL_HOMEOSTASIS,HALLMARK_CHOLESTEROL_HOMEOSTASIS,38,0.301153385232815,1.07063203732321,0.335174953959484,0.491376107838455,0.341156984165556,1398,"tags=32%, list=21%, signal=25%",PDK3/CPEB2/ATXN2/CD9/ERRFI1/MVD/SREBF2/LSS/CYP51A1/LGALS3/STARD4/CTNNB1,5165/132864/6311/928/54206/4597/6721/4047/1595/3958/134429/1499,Central memory CD8 T cells,HALLMARK,Monaco_fine
HALLMARK_UV_RESPONSE_DN,HALLMARK_UV_RESPONSE_DN,72,0.259089608658115,1.05105632947926,0.345008756567426,0.491376107838455,0.341156984165556,702,"tags=15%, list=11%, signal=14%",BMPR1A/AKT3/MAPK14/NR1D2/YTHDC1/BHLHE40/GCNT1/PEX14/ARHGEF9/BCKDHB/PRKCE,657/10000/1432/9975/91746/8553/2650/5195/23229/594/5581,Central memory CD8 T cells,HALLMARK,Monaco_fine
HALLMARK_IL2_STAT5_SIGNALING,HALLMARK_IL2_STAT5_SIGNALING,103,-0.219377561417886,-0.98616286586783,0.488584474885845,0.675396185871609,0.468920084255764,779,"tags=17%, list=12%, signal=16%",PIM1/PTRH2/PHTF2/NFKBIZ/ITGA6/ALCAM/GALM/SELL/XBP1/TIAM1/CTLA4/BATF/SYT11/SLC2A3/CASP3/CD81/GBP4/LTB,5292/51651/57157/64332/3655/214/130589/6402/7494/7074/1493/10538/23208/6515/836/975/115361/4050,Central memory CD8 T cells,HALLMARK,Monaco_fine
HALLMARK_EPITHELIAL_MESENCHYMAL_TRANSITION,HALLMARK_EPITHELIAL_MESENCHYMAL_TRANSITION,32,-0.272377651582126,-0.965015931379736,0.521551724137931,0.700369458128079,0.486258750324086,477,"tags=16%, list=7%, signal=15%",WIPF1/GADD45A/GEM/TPM4/PPIB,7456/1647/2669/7171/5479,Central memory CD8 T cells,HALLMARK,Monaco_fine
HALLMARK_KRAS_SIGNALING_UP,HALLMARK_KRAS_SIGNALING_UP,62,-0.221247468281306,-0.907521159772168,0.639380530973451,0.83474680432645,0.579555452051959,1251,"tags=26%, list=19%, signal=21%",TNFRSF1B/CXCR4/MAP3K1/PRELID3B/ATG10/CBR4/TNFAIP3/BIRC3/IL2RG/CTSS/TOR1AIP2/ETS1/GYPC/TRIB2/PSMB8/ITGB2,7133/7852/4214/51012/83734/84869/7128/330/3561/1520/163590/2113/2995/28951/5696/3689,Central memory CD8 T cells,HALLMARK,Monaco_fine
HALLMARK_HEME_METABOLISM,HALLMARK_HEME_METABOLISM,94,0.205237283826628,0.868902106216275,0.735714285714286,0.934555984555985,0.648851859378175,1413,"tags=27%, list=21%, signal=21%",SYNJ1/BMP2K/GCLM/MFHAS1/RCL1/TRAK2/ARHGEF12/GMPS/FBXO7/MGST3/FOXO3/CDC27/ACSL6/NCOA4/XPO7/DCUN1D1/ADD1/RIOK3/NEK7/HAGH/CAST/CCND3/VEZF1/TNRC6B/BTRC,8867/55589/2730/9258/10171/66008/23365/8833/25793/4259/2309/996/23305/8031/23039/54165/118/8780/140609/3029/831/896/7716/23112/8945,Central memory CD8 T cells,HALLMARK,Monaco_fine
HALLMARK_P53_PATHWAY,HALLMARK_P53_PATHWAY,105,0.198778019167736,0.860582075894986,0.763250883392226,0.944020829458806,0.655423196264793,1280,"tags=22%, list=19%, signal=18%",PERP/MXD1/PPM1D/SESN1/MKNK2/NDRG1/ERCC5/FOXO3/UPP1/TSC22D1/TP53/SP1/KIF13B/CYFIP2/CCND2/ZBTB16/CCP110/SLC35D1/ZMAT3/MDM2/CCND3/RRP8/MAPKAPK3,64065/4084/8493/27244/2872/10397/2073/2309/7378/8848/7157/6667/23303/26999/894/7704/9738/23169/64393/4193/896/23378/7867,Central memory CD8 T cells,HALLMARK,Monaco_fine
HALLMARK_ANDROGEN_RESPONSE,HALLMARK_ANDROGEN_RESPONSE,65,0.203501037422579,0.811766669839118,0.806859205776173,0.944694132334582,0.655890662987056,1766,"tags=29%, list=27%, signal=22%",NDRG1/GSR/ANKH/TSC22D1/ABCC4/NCOA4/ACSL3/SLC38A2/CDK6/HERC3/APPBP2/CCND3/VAPA/RPS6KA3/PTK2B/UBE2I/IQGAP2/ITGAV/TPD52,10397/2936/56172/8848/10257/8031/2181/54407/1021/8916/10513/896/9218/6197/2185/7329/10788/3685/7163,Central memory CD8 T cells,HALLMARK,Monaco_fine
HALLMARK_PROTEIN_SECRETION,HALLMARK_PROTEIN_SECRETION,81,-0.183625772018568,-0.794441735093584,0.88631090487239,0.944694132334582,0.655890662987056,1459,"tags=22%, list=22%, signal=18%",M6PR/DNM1L/TMED2/CLTA/ARFGEF2/NAPG/COPB2/COPB1/COPE/ARCN1/STAM/CLN5/VPS4B/ADAM10/SEC22B/BET1/RAB5A/ARFGEF1,4074/10059/10959/1211/10564/8774/9276/1315/11316/372/8027/1203/9525/102/9554/10282/5868/10565,Central memory CD8 T cells,HALLMARK,Monaco_fine
HALLMARK_XENOBIOTIC_METABOLISM,HALLMARK_XENOBIOTIC_METABOLISM,64,-0.186391420051612,-0.770909793570461,0.883002207505519,0.944694132334582,0.655890662987056,1232,"tags=34%, list=19%, signal=28%",GCLC/ACO2/POR/ALDH9A1/CYB5A/LPIN2/GSTO1/ATP2A2/ACP1/ABCD2/CASP6/ETS2/GCNT2/SLC6A6/CAT/SERTAD1/SLC46A3/ARPP19/ELOVL5/HPRT1/PSMB10/MT2A,2729/50/5447/223/1528/9663/9446/488/52/225/839/2114/2651/6533/847/29950/283537/10776/60481/3251/5699/4502,Central memory CD8 T cells,HALLMARK,Monaco_fine
HALLMARK_ESTROGEN_RESPONSE_EARLY,HALLMARK_ESTROGEN_RESPONSE_EARLY,66,-0.182887376484682,-0.761949520686348,0.898004434589801,0.944694132334582,0.655890662987056,1710,"tags=32%, list=26%, signal=24%",FOS/BCL11B/LRIG1/RBBP8/SLC16A1/FCMR/NXT1/SH3BP5/PMAIP1/ADD3/RASGRP1/AQP3/BAG1/SIAH2/B4GALT1/IL6ST/ELOVL5/UGCG/XBP1/TIAM1/SLC7A5,2353/64919/26018/5932/6566/9214/29107/9467/5366/120/10125/360/573/6478/2683/3572/60481/7357/7494/7074/8140,Central memory CD8 T cells,HALLMARK,Monaco_fine
HALLMARK_SPERMATOGENESIS,HALLMARK_SPERMATOGENESIS,35,-0.20923435378016,-0.75531787794347,0.875,0.944694132334582,0.655890662987056,1292,"tags=20%, list=20%, signal=16%",TOPBP1/TSN/MLF1/DBF4/IDE/TALDO1/EZH2,11073/7247/4291/10926/3416/6888/2146,Central memory CD8 T cells,HALLMARK,Monaco_fine
HALLMARK_TGF_BETA_SIGNALING,HALLMARK_TGF_BETA_SIGNALING,37,0.207307152341958,0.735100659374671,0.88,0.944694132334582,0.655890662987056,1440,"tags=27%, list=22%, signal=21%",BMPR1A/BMPR2/KLF10/SMURF1/PPM1A/WWTR1/ID2/SMURF2/CTNNB1/SMAD7,657/659/7071/57154/5494/25937/3398/64750/1499/4092,Central memory CD8 T cells,HALLMARK,Monaco_fine
HALLMARK_NOTCH_SIGNALING,HALLMARK_NOTCH_SIGNALING,10,0.258541191521443,0.641964628886068,0.904494382022472,0.944694132334582,0.655890662987056,2427,"tags=50%, list=37%, signal=32%",CUL1/SAP30/SKP1/MAML2/NOTCH2,8454/8819/6500/84441/4853,Central memory CD8 T cells,HALLMARK,Monaco_fine
HALLMARK_COAGULATION,HALLMARK_COAGULATION,24,0.197632948753792,0.625462677342662,0.935672514619883,0.956013221459446,0.663749381080466,648,"tags=12%, list=10%, signal=11%",CD9/SIRT2/RABIF,928/22933/5877,Central memory CD8 T cells,HALLMARK,Monaco_fine
HALLMARK_MYC_TARGETS_V2,HALLMARK_MYC_TARGETS_V2,29,-0.184960119440645,-0.638834719506098,0.956896551724138,0.956896551724138,0.664362667490443,2279,"tags=45%, list=34%, signal=30%",LAS1L/MYC/DDX18/NDUFAF4/UTP20/DUSP2/SRM/NIP7/CBX3/PPAN/GNL3/PA2G4/WDR74,81887/4609/8886/29078/27340/1844/6723/51388/11335/56342/26354/5036/54663,Central memory CD8 T cells,HALLMARK,Monaco_fine
HALLMARK_INTERFERON_ALPHA_RESPONSE,HALLMARK_INTERFERON_ALPHA_RESPONSE,17,-0.570523244434722,-1.71835975276001,0.0169013473453027,0.556428571428571,0.556428571428571,333,"tags=82%, list=25%, signal=62%",ELF1/RIPK2/PSME1/TXNIP/IFI30/CASP1/HLA-C/B2M/BST2/SP110/CD74/PSME2/IRF1/PARP14,1997/8767/5720/10628/10437/834/3107/567/684/3431/972/5721/3659/54625,Classical monocytes,HALLMARK,Monaco_fine
HALLMARK_DNA_REPAIR,HALLMARK_DNA_REPAIR,10,-0.564221154847605,-1.4453334251181,0.0866666666666667,0.556428571428571,0.556428571428571,174,"tags=50%, list=13%, signal=44%",RBX1/GTF2B/VPS37B/ARL6IP1/REV3L,9978/2959/79720/23204/5980,Classical monocytes,HALLMARK,Monaco_fine
HALLMARK_HEME_METABOLISM,HALLMARK_HEME_METABOLISM,23,0.462082757545323,1.42233571603527,0.0655172413793104,0.556428571428571,0.556428571428571,199,"tags=39%, list=15%, signal=34%",FBXO34/CCND3/USP15/ELL2/PICALM/CAST/AGPAT4/SLC25A37/NCOA4,55030/896/9958/22936/8301/831/56895/51312/8031,Classical monocytes,HALLMARK,Monaco_fine
HALLMARK_ADIPOGENESIS,HALLMARK_ADIPOGENESIS,23,-0.430616740917463,-1.3986745095296,0.0876777251184834,0.556428571428571,0.556428571428571,169,"tags=39%, list=13%, signal=35%",APLP2/CD302/PLIN2/ARL4A/GBE1/PPP1R15B/UBC/COX6A1/GHITM,334/9936/123/10124/2632/84919/7316/1337/27069,Classical monocytes,HALLMARK,Monaco_fine
HALLMARK_INFLAMMATORY_RESPONSE,HALLMARK_INFLAMMATORY_RESPONSE,42,0.382785183597946,1.35837632606089,0.0648464163822526,0.556428571428571,0.556428571428571,262,"tags=33%, list=20%, signal=28%",AQP9/EREG/NFKB1/GCH1/LCP2/FPR1/PDE4B/IFNGR2/IL1B/GNAI3/CSF3R/NFKBIA/TLR2/PSEN1,366/2069/4790/2643/3937/2357/5142/3460/3553/2773/1441/4792/7097/5663,Classical monocytes,HALLMARK,Monaco_fine
HALLMARK_INTERFERON_GAMMA_RESPONSE,HALLMARK_INTERFERON_GAMMA_RESPONSE,47,-0.342129275006322,-1.34378756747021,0.091566265060241,0.556428571428571,0.556428571428571,236,"tags=38%, list=18%, signal=33%",CASP1/B2M/CD86/SOCS3/BST2/SP110/ARL4A/HLA-B/CD74/HLA-DRB1/SAMHD1/PSME2/IRF1/HLA-A/RNF213/FGL2/STAT1/PARP14,834/567/942/9021/684/3431/10124/3106/972/3123/25939/5721/3659/3105/57674/10875/6772/54625,Classical monocytes,HALLMARK,Monaco_fine
HALLMARK_MYC_TARGETS_V1,HALLMARK_MYC_TARGETS_V1,55,-0.317637499751521,-1.28061902987328,0.1025,0.556428571428571,0.556428571428571,328,"tags=29%, list=25%, signal=23%",EIF1AX/PGK1/HNRNPA2B1/TRA2B/YWHAE/SLC25A3/EIF4A1/RPL22/RPL18/DDX18/PABPC1/PSMA4/XRCC6/HSPE1/SRSF7/SET,1964/5230/3181/6434/7531/5250/1973/6146/6141/8886/26986/5685/2547/3336/6432/6418,Classical monocytes,HALLMARK,Monaco_fine
HALLMARK_IL6_JAK_STAT3_SIGNALING,HALLMARK_IL6_JAK_STAT3_SIGNALING,20,0.422591579879669,1.24700180859098,0.174740484429066,0.739328,0.739328,326,"tags=55%, list=25%, signal=42%",IL1R2/STAT3/IL17RA/CD44/IFNGR2/IL1B/CSF3R/TLR2/IL13RA1/GRB2/PIK3R5,7850/6774/23765/960/3460/3553/1441/7097/3597/2885/23533,Classical monocytes,HALLMARK,Monaco_fine
HALLMARK_P53_PATHWAY,HALLMARK_P53_PATHWAY,33,-0.331664857344721,-1.18332798618929,0.191142191142191,0.739328,0.739328,244,"tags=52%, list=18%, signal=43%",BTG1/VAMP8/TXNIP/IFI30/RPS12/CASP1/HINT1/BTG2/FOS/FOXO3/RPL18/KLF4/ZFP36L1/HBEGF/SAT1/PTPRE/ATF3,694/8673/10628/10437/6206/834/3094/7832/2353/2309/6141/9314/677/1839/6303/5791/467,Classical monocytes,HALLMARK,Monaco_fine
HALLMARK_EPITHELIAL_MESENCHYMAL_TRANSITION,HALLMARK_EPITHELIAL_MESENCHYMAL_TRANSITION,27,0.360805888049735,1.15286386242433,0.255613126079447,0.739328,0.739328,366,"tags=41%, list=28%, signal=30%",THBS1/SNTB1/VIM/CD44/GLIPR1/NOTCH2/BASP1/VCAN/COPA/EMP3/LRP1,7057/6641/7431/960/11010/4853/10409/1462/1314/2014/4035,Classical monocytes,HALLMARK,Monaco_fine
HALLMARK_MITOTIC_SPINDLE,HALLMARK_MITOTIC_SPINDLE,25,0.369076500096545,1.14775335657675,0.259649122807018,0.739328,0.739328,258,"tags=32%, list=19%, signal=26%",ARFGEF1/CCDC88A/AKAP13/SSH2/MYH9/CDC42/CAPZB/NOTCH2,10565/55704/11214/85464/4627/998/832/4853,Classical monocytes,HALLMARK,Monaco_fine
HALLMARK_OXIDATIVE_PHOSPHORYLATION,HALLMARK_OXIDATIVE_PHOSPHORYLATION,31,-0.326609547925803,-1.14354855304243,0.239336492890995,0.739328,0.739328,437,"tags=42%, list=33%, signal=29%",ATP5MG/UQCRB/ATP6V1F/COX6B1/ATP5MC3/SLC25A5/HADHA/SLC25A3/ATP6V0E1/HSPA9/ATP6V1G1/ATP5F1A/COX6A1,10632/7381/9296/1340/518/292/3030/5250/8992/3313/9550/498/1337,Classical monocytes,HALLMARK,Monaco_fine
HALLMARK_COMPLEMENT,HALLMARK_COMPLEMENT,51,0.301722294406707,1.11618054752028,0.301694915254237,0.739328,0.739328,377,"tags=43%, list=28%, signal=32%",GCA/USP15/LCP2/S100A9/CALM1/LTA4H/FYN/GNAI3/HSPA5/S100A12/PSEN1/CTSC/GRB2/CPQ/JAK2/PIK3R5/KYNU/PLEK/GNAI2/LRP1/LGALS3/TIMP2,25801/9958/3937/6280/801/4048/2534/2773/3309/6283/5663/1075/2885/10404/3717/23533/8942/5341/2771/4035/3958/7077,Classical monocytes,HALLMARK,Monaco_fine
HALLMARK_UV_RESPONSE_UP,HALLMARK_UV_RESPONSE_UP,29,-0.324565684888054,-1.10681397703399,0.293103448275862,0.739328,0.739328,179,"tags=28%, list=13%, signal=24%",FOSB/BTG2/FOS/JUNB/HLA-F/IRF1/ATF3/NR4A1,2354/7832/2353/3726/3134/3659/467/3164,Classical monocytes,HALLMARK,Monaco_fine
HALLMARK_MYOGENESIS,HALLMARK_MYOGENESIS,15,0.395361498719474,1.07940196428047,0.356896551724138,0.739328,0.739328,228,"tags=40%, list=17%, signal=34%",IFRD1/SVIL/ACSL1/TPM3/MYH9/CFD,3475/6840/2180/7170/4627/1675,Classical monocytes,HALLMARK,Monaco_fine
HALLMARK_XENOBIOTIC_METABOLISM,HALLMARK_XENOBIOTIC_METABOLISM,18,0.376123319686232,1.07830204159363,0.383680555555556,0.739328,0.739328,129,"tags=17%, list=10%, signal=15%",AQP9/GCH1/TPST1,366/2643/8460,Classical monocytes,HALLMARK,Monaco_fine
HALLMARK_PI3K_AKT_MTOR_SIGNALING,HALLMARK_PI3K_AKT_MTOR_SIGNALING,24,0.349699470731039,1.07645913140034,0.376760563380282,0.739328,0.739328,304,"tags=42%, list=23%, signal=33%",GSK3B/VAV3/PRKCB/CSNK2B/ACTR2/PLCB1/ACTR3/CXCR4/GRB2/RAC1,2932/10451/5579/1460/10097/23236/10096/7852/2885/5879,Classical monocytes,HALLMARK,Monaco_fine
HALLMARK_HYPOXIA,HALLMARK_HYPOXIA,39,-0.276103809059516,-1.02046163430609,0.394736842105263,0.739328,0.739328,393,"tags=46%, list=30%, signal=33%",JUN/EXT1/TPI1/DUSP1/ZFP36/BTG1/PGK1/MT2A/IRS2/PLIN2/NAGK/FOS/FOXO3/CITED2/GBE1/GLRX/KLF6/ATF3,3725/2131/7167/1843/7538/694/5230/4502/8660/123/55577/2353/2309/10370/2632/2745/1316/467,Classical monocytes,HALLMARK,Monaco_fine
HALLMARK_GLYCOLYSIS,HALLMARK_GLYCOLYSIS,21,0.339031869819955,1.0158397805335,0.446917808219178,0.739328,0.739328,337,"tags=48%, list=25%, signal=36%",B4GALT1/TPST1/CD44/HSPA5/IER3/CXCR4/TALDO1/IL13RA1/VCAN/ENO1,2683/8460/960/3309/8870/7852/6888/3597/1462/2023,Classical monocytes,HALLMARK,Monaco_fine
HALLMARK_IL2_STAT5_SIGNALING,HALLMARK_IL2_STAT5_SIGNALING,31,-0.289825041186104,-1.01475602470483,0.428909952606635,0.739328,0.739328,230,"tags=29%, list=17%, signal=25%",GSTO1/CD86/PLIN2/ARL4A/GADD45B/CTSZ/KLF6/FGL2/CDC42SE2,9446/942/123/10124/4616/1522/1316/10875/56990,Classical monocytes,HALLMARK,Monaco_fine
HALLMARK_MTORC1_SIGNALING,HALLMARK_MTORC1_SIGNALING,45,-0.261700294260287,-1.01298147609124,0.421686746987952,0.739328,0.739328,278,"tags=47%, list=21%, signal=38%",NAMPT/PPIA/PRDX1/TPI1/LDLR/PGK1/SLA/IFI30/CCT6A/ITGB2/M6PR/ELOVL5/BTG2/HSPA9/PSMA4/UBE2D3/GBE1/HSPE1/GLRX/SKAP2/FGL2,10135/5478/5052/7167/3949/5230/6503/10437/908/3689/4074/60481/7832/3313/5685/7323/2632/3336/2745/8935/10875,Classical monocytes,HALLMARK,Monaco_fine
HALLMARK_COAGULATION,HALLMARK_COAGULATION,16,0.360791660803132,1.00174909322689,0.469458987783595,0.739328,0.739328,366,"tags=56%, list=28%, signal=41%",THBS1/LTA4H/FYN/CFD/RAC1/CPQ/PLEK/ANXA1/LRP1,7057/4048/2534/1675/5879/10404/5341/301/4035,Classical monocytes,HALLMARK,Monaco_fine
HALLMARK_G2M_CHECKPOINT,HALLMARK_G2M_CHECKPOINT,21,-0.31814695029313,-1.00069688254078,0.430622009569378,0.739328,0.739328,335,"tags=62%, list=25%, signal=47%",SYNCRIP/SAP30/HNRNPD/PAFAH1B1/KIF5B/NCL/YTHDC1/EWSR1/TRA2B/MT2A/NUP98/SFPQ/ATRX,10492/8819/3184/5048/3799/4691/91746/2130/6434/4502/4928/6421/546,Classical monocytes,HALLMARK,Monaco_fine
HALLMARK_KRAS_SIGNALING_UP,HALLMARK_KRAS_SIGNALING_UP,32,0.298502189354748,0.991744202512101,0.456445993031359,0.739328,0.739328,167,"tags=19%, list=13%, signal=17%",G0S2/EREG/CD37/EVI5/PTGS2/IL1B,50486/2069/951/7813/5743/3553,Classical monocytes,HALLMARK,Monaco_fine
HALLMARK_TNFA_SIGNALING_VIA_NFKB,HALLMARK_TNFA_SIGNALING_VIA_NFKB,75,0.24543499523328,0.981139809091733,0.4864,0.739328,0.739328,167,"tags=19%, list=13%, signal=17%",G0S2/PNRC1/NFKB1/CFLAR/GCH1/SOD2/BCL2A1/PDE4B/B4GALT1/CD44/PTGS2/IFNGR2/SLC2A3/IL1B,50486/10957/4790/8837/2643/6648/597/5142/2683/960/5743/3460/6515/3553,Classical monocytes,HALLMARK,Monaco_fine
HALLMARK_ALLOGRAFT_REJECTION,HALLMARK_ALLOGRAFT_REJECTION,43,0.2720827720316,0.973019070062214,0.510169491525424,0.745632333767927,0.745632333767927,167,"tags=21%, list=13%, signal=19%",EREG/CCND3/LCP2/EIF4G3/PRKCB/UBE2D1/FGR/IFNGR2/IL1B,2069/896/3937/8672/5579/7321/2268/3460/3553,Classical monocytes,HALLMARK,Monaco_fine
HALLMARK_ESTROGEN_RESPONSE_EARLY,HALLMARK_ESTROGEN_RESPONSE_EARLY,18,0.324879312786307,0.931391402535878,0.553819444444445,0.748753894080997,0.748753894080997,130,"tags=22%, list=10%, signal=20%",SVIL/AFF1/B4GALT1/CD44,6840/4299/2683/960,Classical monocytes,HALLMARK,Monaco_fine
HALLMARK_PEROXISOME,HALLMARK_PEROXISOME,11,-0.347382587922956,-0.924060019348758,0.558498896247241,0.748753894080997,0.748753894080997,239,"tags=36%, list=18%, signal=30%",HSD17B11/ELOVL5/PABPC1/GSTK1,51170/60481/26986/373156,Classical monocytes,HALLMARK,Monaco_fine
HALLMARK_FATTY_ACID_METABOLISM,HALLMARK_FATTY_ACID_METABOLISM,15,0.333407098458075,0.910256254456507,0.58448275862069,0.748753894080997,0.748753894080997,84,"tags=13%, list=6%, signal=13%",G0S2/ACSL1,50486/2180,Classical monocytes,HALLMARK,Monaco_fine
HALLMARK_ANDROGEN_RESPONSE,HALLMARK_ANDROGEN_RESPONSE,26,-0.268339815576184,-0.902987425618622,0.591121495327103,0.748753894080997,0.748753894080997,223,"tags=31%, list=17%, signal=26%",B2M/RPS6KA3/ELOVL5/RRP12/XRCC6/DBI/PTK2B/SAT1,567/6197/60481/23223/2547/1622/2185/6303,Classical monocytes,HALLMARK,Monaco_fine
HALLMARK_APOPTOSIS,HALLMARK_APOPTOSIS,41,0.247952283363978,0.87336008719929,0.685374149659864,0.79472827193161,0.79472827193161,377,"tags=37%, list=28%, signal=27%",EREG/CFLAR/GCH1/SOD2/CD44/IL1B/IGF2R/IER3/PSEN1/CREBBP/DPYD/SQSTM1/ANXA1/LGALS3/TIMP2,2069/8837/2643/6648/960/3553/3482/8870/5663/1387/1806/8878/301/3958/7077,Classical monocytes,HALLMARK,Monaco_fine
HALLMARK_TGF_BETA_SIGNALING,HALLMARK_TGF_BETA_SIGNALING,13,0.319725883188191,0.843611608567507,0.664323374340949,0.79472827193161,0.79472827193161,170,"tags=23%, list=13%, signal=20%",THBS1/IFNGR2/SKIL,7057/3460/6498,Classical monocytes,HALLMARK,Monaco_fine
HALLMARK_ESTROGEN_RESPONSE_LATE,HALLMARK_ESTROGEN_RESPONSE_LATE,21,0.278477262016675,0.834400261193198,0.710616438356164,0.79472827193161,0.79472827193161,130,"tags=14%, list=10%, signal=13%",S100A9/AFF1/CD44,6280/4299/960,Classical monocytes,HALLMARK,Monaco_fine
HALLMARK_PROTEIN_SECRETION,HALLMARK_PROTEIN_SECRETION,20,0.28215008904026,0.832580884426272,0.711072664359862,0.79472827193161,0.79472827193161,188,"tags=25%, list=14%, signal=22%",ARFGEF1/SNX2/SGMS1/RAB2A/IGF2R,10565/6643/259230/5862/3482,Classical monocytes,HALLMARK,Monaco_fine
HALLMARK_APICAL_JUNCTION,HALLMARK_APICAL_JUNCTION,27,0.242309327736725,0.774238106218199,0.815198618307427,0.871929824561404,0.871929824561403,343,"tags=33%, list=26%, signal=25%",B4GALT1/MSN/CAP1/MYH9/SYK/PTPRC/VCAN/VASP/GNAI2,2683/4478/10487/4627/6850/5788/1462/7408/2771,Classical monocytes,HALLMARK,Monaco_fine
HALLMARK_UV_RESPONSE_DN,HALLMARK_UV_RESPONSE_DN,25,0.234608118888615,0.729583855553326,0.871929824561404,0.871929824561404,0.871929824561403,369,"tags=40%, list=28%, signal=29%",NFKB1/PRKCE/TGFBR2/FYN/NOTCH2/SIPA1L1/NR3C1/CELF2/RUNX1/ATXN1,4790/5581/7048/2534/4853/26037/2908/10659/861/6310,Classical monocytes,HALLMARK,Monaco_fine
HALLMARK_UNFOLDED_PROTEIN_RESPONSE,HALLMARK_UNFOLDED_PROTEIN_RESPONSE,24,-0.216662247413251,-0.722903651553979,0.861751152073733,0.871929824561404,0.871929824561403,35,"tags=17%, list=3%, signal=17%",EIF4A1/HSPA9/ATF4/ATF3,1973/3313/468/467,Classical monocytes,HALLMARK,Monaco_fine
HALLMARK_CHOLESTEROL_HOMEOSTASIS,HALLMARK_CHOLESTEROL_HOMEOSTASIS,12,0.274322053675012,0.700976574114751,0.844364937388193,0.871929824561404,0.871929824561403,162,"tags=17%, list=12%, signal=15%",PNRC1/S100A11,10957/6282,Classical monocytes,HALLMARK,Monaco_fine
HALLMARK_INTERFERON_ALPHA_RESPONSE,HALLMARK_INTERFERON_ALPHA_RESPONSE,68,-0.628864799483208,-2.64106233156528,1e-10,1.6e-09,1.08771929824561e-09,1083,"tags=50%, list=14%, signal=43%",TRIM14/EPSTI1/NMI/PSMB8/ISG20/IRF9/IRF7/IRF1/CASP8/RIPK2/LAP3/GBP2/IRF2/SAMD9L/IFIH1/STAT2/DDX60/BST2/IFIT2/ELF1/TRIM26/NUB1/ISG15/SP110/PSMB9/TAP1/LPAR6/PARP9/PARP14/GBP4/UBE2L6/PSME1/PLSCR1/PSME2,9830/94240/9111/5696/3669/10379/3665/3659/841/8767/51056/2634/3660/219285/64135/6773/55601/684/3433/1997/7726/51667/9636/3431/5698/6890/10161/83666/54625/115361/9246/5720/5359/5721,Effector memory CD8 T cells,HALLMARK,Monaco_fine
HALLMARK_INTERFERON_GAMMA_RESPONSE,HALLMARK_INTERFERON_GAMMA_RESPONSE,143,-0.538613817202973,-2.59875208083091,1e-10,1.6e-09,1.08771929824561e-09,1257,"tags=52%, list=16%, signal=45%",MX2/PSMA2/SOCS3/NUP93/XCL1/IL15/AUTS2/LY6E/TAPBP/STAT4/XAF1/RBCK1/CD69/IFI35/CD38/PML/ISOC1/TRIM14/CASP7/MVP/GPR18/EPSTI1/SRI/NMI/LCP2/MYD88/PSMB8/PTPN1/ISG20/IRF9/HLA-DQA1/IRF7/CASP3/CCL5/IRF1/CASP8/RIPK2/LAP3/IRF2/SAMD9L/STAT3/IFIH1/STAT2/DDX60/APOL6/KLRK1/MTHFD2/BST2/UPP1/HLA-DRB1/IFIT2/TRIM26/SAMHD1/OAS2/ITGB7/BPGM/PTPN6/ISG15/SP110/GZMA/RAPGEF6/PSMB9/TAP1/PIM1/PARP14/RNF213/PSMB10/CASP4/GBP4/UBE2L6/PSMB2/PSME1/PLSCR1/PSME2/STAT1,4600/5683/9021/9688/6375/3600/26053/4061/6892/6775/54739/10616/969/3430/952/5371/51015/9830/840/9961/2841/94240/6717/9111/3937/4615/5696/5770/3669/10379/3117/3665/836/6352/3659/841/8767/51056/3660/219285/6774/64135/6773/55601/80830/22914/10797/684/7378/3123/3433/7726/25939/4939/3695/669/5777/9636/3431/3001/51735/5698/6890/5292/54625/57674/5699/837/115361/9246/5690/5720/5359/5721/6772,Effector memory CD8 T cells,HALLMARK,Monaco_fine
HALLMARK_OXIDATIVE_PHOSPHORYLATION,HALLMARK_OXIDATIVE_PHOSPHORYLATION,191,-0.493197637495801,-2.45578202788009,1e-10,1.6e-09,1.08771929824561e-09,2055,"tags=51%, list=26%, signal=39%",ATP5PB/NDUFB7/NDUFA2/CYC1/NDUFB3/SURF1/UQCRH/MRPS22/MRPS12/NDUFC1/POR/BAX/MTRR/COX6B1/NDUFB8/TIMM10/DLAT/PDP1/ATP5F1D/ACAA1/NDUFB5/ATP6V1E1/UQCR10/IDH3G/MRPL35/ALAS1/ACAT1/NDUFA5/DLD/NDUFA7/NDUFA9/NDUFA8/FDX1/CYB5A/ETFB/AFG3L2/TIMM13/NDUFS8/GPI/COX10/UQCRC1/ETFA/ATP5F1E/SLC25A6/CASP7/ATP5F1C/COX7A2/ACAA2/OPA1/UQCRFS1/RHOT2/HSD17B10/TOMM22/NQO2/UQCRQ/ATP5PF/MDH1/MDH2/ECHS1/NDUFS6/ATP6V1F/MFN2/SUPV3L1/COX5B/SLC25A12/ATP5F1B/SDHD/ATP5MF/NDUFA6/NDUFV2/VDAC1/UQCR11/SLC25A3/COX6A1/ATP6V0B/NDUFS7/COX8A/COX6C/NDUFB2/PHYH/MRPL11/UQCRC2/ATP5MC1/ATP5MG/SLC25A4/ATP5PD/IDH3A/COX5A/COX7B/NDUFB4/SLC25A5/ATP5MC3/NDUFB6/LDHB/CYCS/LDHA/IDH2/SUCLG1,515/4713/4695/1537/4709/6834/7388/56945/6183/4717/5447/581/4552/1340/4714/26519/1737/54704/513/30/4711/529/29796/3421/51318/211/38/4698/1738/4701/4704/4702/2230/1528/2109/10939/26517/4728/2821/1352/7384/2108/514/293/840/509/1347/10449/4976/7386/89941/3028/56993/4835/27089/522/4190/4191/1892/4726/9296/9927/6832/1329/8604/506/6392/9551/4700/4729/7416/10975/5250/1337/533/374291/1351/1345/4708/5264/65003/7385/516/10632/291/10476/3419/9377/1349/4710/292/518/4712/3945/54205/3939/3418/8802,Effector memory CD8 T cells,HALLMARK,Monaco_fine
HALLMARK_MYC_TARGETS_V1,HALLMARK_MYC_TARGETS_V1,180,-0.409782875215286,-2.02926031650597,7.70473685207323e-08,9.24568422248788e-07,6.28544322142816e-07,1383,"tags=41%, list=18%, signal=35%",CYC1/TCP1/NOLC1/MYC/SNRPD2/MCM6/HDGF/C1QBP/NOP56/PPIA/PSMA2/KPNB1/MCM7/NCBP2/HPRT1/CCT2/VBP1/PSMD8/PA2G4/PCBP1/DDX21/HDDC2/HNRNPR/SYNCRIP/EIF4A1/TYMS/PSMD7/CCT3/ERH/SNRPB2/NME1/PSMA7/APEX1/HNRNPA3/EIF4E/PRPS2/DEK/TRA2B/TFDP1/RANBP1/XRCC6/NHP2/SNRPG/PSMC6/KPNA2/ODC1/PWP1/RAN/MAD2L1/SET/PGK1/PSMC4/PSMA6/VDAC1/NCBP1/SNRPD1/SLC25A3/SERBP1/SRM/CLNS1A/ILF2/LSM2/STARD7/CCT7/PSMD14/CANX/EIF2S1/CTPS1/COX5A/PSMA4/PSMB3/PSMA1/LDHA/PSMB2,1537/6950/9221/4609/6633/4175/3068/708/10528/5478/5683/3837/4176/22916/3251/10576/7411/5714/5036/5093/9188/51020/10236/10492/1973/7298/5713/7203/2079/6629/4830/5688/328/220988/1977/5634/7913/6434/7027/5902/2547/55651/6637/5706/3838/4953/11137/5901/4085/6418/5230/5704/5687/7416/4686/6632/5250/26135/6723/1207/3608/57819/56910/10574/10213/821/1965/1503/9377/5685/5691/5682/3939/5690,Effector memory CD8 T cells,HALLMARK,Monaco_fine
HALLMARK_ALLOGRAFT_REJECTION,HALLMARK_ALLOGRAFT_REJECTION,122,-0.417287554398254,-1.96068894087063,3.67927925483398e-06,3.12391612058787e-05,2.12371490654e-05,1135,"tags=31%, list=15%, signal=27%",NME1/TGFB1/IL10/HLA-E/LCP2/TPD52/LCK/HLA-DQA1/IRF7/HCLS1/CXCL13/CCL5/RIPK2/CAPG/UBE2N/GBP2/IL2RG/DEGS1/CD96/LTB/KLRD1/CD3D/PTPN6/TAP2/GZMA/HLA-DRA/GPR65/CSK/TAP1/FASLG/GZMB/CD8B/CD3G/PSMB10/CD8A/CTSS/CD7/STAT1,4830/7040/3586/3133/3937/7163/3932/3117/3665/3059/10563/6352/8767/822/7334/2634/3561/8560/10225/4050/3824/915/5777/6891/3001/3122/8477/1445/6890/356/3002/926/917/5699/925/1520/924/6772,Effector memory CD8 T cells,HALLMARK,Monaco_fine
HALLMARK_MTORC1_SIGNALING,HALLMARK_MTORC1_SIGNALING,150,-0.395967184811333,-1.91094661650691,3.90489515073484e-06,3.12391612058787e-05,2.12371490654e-05,1751,"tags=43%, list=23%, signal=34%",SC5D/LTA4H/PPIA/SLA/PDK1/GLRX/DAPP1/RRM2/HPRT1/RPN1/ABCF2/TFRC/NFIL3/PDAP1/NFYC/ARPC5L/TPI1/CYP51A1/PSMD12/NIBAN1/SLC2A3/GPI/PNO1/ENO1/SERP1/CD9/PSME3/PSMD13/EDEM1/ELOVL6/ATP2A2/DDX39A/PSMC2/TBK1/GSR/IDI1/PSMC6/BUB1/DDIT4/PSMB5/RDH11/XBP1/PGK1/PSMC4/UBE2D3/MTHFD2/CTSC/DHFR/PSMD14/SDF2L1/SHMT2/CANX/ATP5MC1/ACTR2/CORO1A/GAPDH/PSMA4/CCT6A/HSPA5/HSP90B1/LDHA/PPA1/ACTR3/CALR/CYB5B,6309/4048/5478/6503/5163/2745/27071/6241/3251/6184/10061/7037/4783/11333/4802/81873/7167/1595/5718/116496/6515/2821/56902/2023/27230/928/10197/5719/9695/79071/488/10212/5701/29110/2936/3422/5706/699/54541/5693/51109/7494/5230/5704/7323/10797/1075/1719/10213/23753/6472/821/516/10097/11151/2597/5685/908/3309/7184/3939/5464/10096/811/80777,Effector memory CD8 T cells,HALLMARK,Monaco_fine
HALLMARK_UNFOLDED_PROTEIN_RESPONSE,HALLMARK_UNFOLDED_PROTEIN_RESPONSE,83,-0.42450240546379,-1.84832862205984,0.000376425251899718,0.00247442599950093,0.00168217556983616,1099,"tags=31%, list=14%, signal=27%",BANF1/SERP1/EIF4E/EDEM1/ERN1/SPCS1/DNAJB9/NHP2/EIF4A3/SPCS3/DDIT4/CEBPB/DDX10/XBP1/MTHFD2/PAIP1/EIF2S1/HERPUD1/DNAJC3/PDIA6/LSM1/HSPA5/GOSR2/HSP90B1/ATF3/CALR,8815/27230/1977/9695/2081/28972/4189/55651/9775/60559/54541/1051/1662/7494/10797/10605/1965/9709/5611/10130/27257/3309/9570/7184/467/811,Effector memory CD8 T cells,HALLMARK,Monaco_fine
HALLMARK_APICAL_JUNCTION,HALLMARK_APICAL_JUNCTION,63,-0.441924995776067,-1.83196780374363,0.000412404333250155,0.00247442599950093,0.00168217556983616,517,"tags=24%, list=7%, signal=22%",PTEN/IKBKG/STX4/CNN2/PECAM1/ZYX/YWHAH/CAP1/MYL12B/EVL/RAC2/PFN1/ACTG1/ACTB/ARPC2,5728/8517/6810/1265/5175/7791/7533/10487/103910/51466/5880/5216/71/60/10109,Effector memory CD8 T cells,HALLMARK,Monaco_fine
HALLMARK_UV_RESPONSE_UP,HALLMARK_UV_RESPONSE_UP,80,-0.40329071221101,-1.75048720706001,0.00109713241530637,0.00575640123330648,0.0039133429436952,1671,"tags=36%, list=21%, signal=29%",HLA-F/AP2S1/ACAA1/SELENOW/RPN1/JUNB/ALAS1/TFRC/PDAP1/AGO2/POLR2H/DDX21/MARK2/STK25/BTG3/CASP3/RAB27A/ATP6V1F/IRF1/STARD3/CLTB/BAK1/SLC25A4/TAP1/BCL2L11/ARRB2/ATF3/CYB5B/ABCB1,3134/1175/30/6415/6184/3726/211/7037/11333/27161/5437/9188/2011/10494/10950/836/5873/9296/3659/10948/1212/578/291/6890/10018/409/467/80777/5243,Effector memory CD8 T cells,HALLMARK,Monaco_fine
HALLMARK_COMPLEMENT,HALLMARK_COMPLEMENT,95,-0.3784042368874,-1.70118217166034,0.00119925025693885,0.00575640123330648,0.0039133429436952,1071,"tags=31%, list=14%, signal=27%",ANXA5/CASP7/RABIF/LCP2/ATOX1/LCK/IRF7/CASP3/DOCK10/CCL5/IRF1/CEBPB/CALM3/LAP3/IRF2/GNG2/STX4/CTSC/DUSP5/GZMA/PSMB9/GNGT2/PIM1/HSPA5/GZMB/PFN1/CTSS/CASP4/PLSCR1,308/840/5877/3937/475/3932/3665/836/55619/6352/3659/1051/808/51056/3660/54331/6810/1075/1847/3001/5698/2793/5292/3309/3002/5216/1520/837/5359,Effector memory CD8 T cells,HALLMARK,Monaco_fine
HALLMARK_IL6_JAK_STAT3_SIGNALING,HALLMARK_IL6_JAK_STAT3_SIGNALING,45,-0.459444782214153,-1.79083945827141,0.0033671915595832,0.0124327072969226,0.00845205978518861,1226,"tags=40%, list=16%, signal=34%",CD38/TGFB1/CD9/MYD88/PTPN1/IRF9/CXCL13/IL18R1/IRF1/HAX1/STAT3/IL2RG/STAT2/TNFRSF1A/LTB/BAK1/PIM1/STAT1,952/7040/928/4615/5770/10379/10563/8809/3659/10456/6774/3561/6773/7132/4050/578/5292/6772,Effector memory CD8 T cells,HALLMARK,Monaco_fine
HALLMARK_PI3K_AKT_MTOR_SIGNALING,HALLMARK_PI3K_AKT_MTOR_SIGNALING,83,-0.390327906247991,-1.69952921778765,0.00323469805444068,0.0124327072969226,0.00845205978518861,1048,"tags=30%, list=13%, signal=26%",EIF4E/CSNK2B/MYD88/CDK1/LCK/CAMK4/TBK1/AP2M1/UBE2N/PPP1CA/IL2RG/PTEN/STAT2/ARF1/UBE2D3/TNFRSF1A/ACTR2/ARHGDIA/CFL1/FASLG/ARPC3/PFN1/HSP90B1/ACTR3/CALR,1977/1460/4615/983/3932/814/29110/1173/7334/5499/3561/5728/6773/375/7323/7132/10097/396/1072/356/10094/5216/7184/10096/811,Effector memory CD8 T cells,HALLMARK,Monaco_fine
HALLMARK_XENOBIOTIC_METABOLISM,HALLMARK_XENOBIOTIC_METABOLISM,75,-0.394285150241343,-1.69468752219546,0.00307828029408021,0.0124327072969226,0.00845205978518861,1932,"tags=41%, list=25%, signal=31%",GART/MT2A/POR/COMT/SLC35B1/SSR3/CYFIP2/HPRT1/ALAS1/ABCD2/MTHFD1/DCXR/CYB5A/SLC46A3/DHRS1/ID2/PGD/DHPS/ATP2A2/DDT/PGRMC1/GSR/UPP1/TNFRSF1A/SHMT2/MAN1A1/NPC1/GABARAPL1/LPIN2/PSMB10/ADH5,2618/4502/5447/1312/10237/6747/26999/3251/211/225/4522/51181/1528/283537/115817/3398/5226/1725/488/1652/10857/2936/7378/7132/6472/4121/4864/23710/9663/5699/128,Effector memory CD8 T cells,HALLMARK,Monaco_fine
HALLMARK_DNA_REPAIR,HALLMARK_DNA_REPAIR,116,-0.338013262600908,-1.57485393098517,0.00393555378925856,0.0134933272774579,0.00917309529827182,1726,"tags=34%, list=22%, signal=27%",USP11/DCTN4/POLD4/NCBP2/TAF12/HPRT1/POLR2E/RFC2/POLR3GL/SNAPC5/POLR2H/NELFCD/TYMS/SUPT4H1/RBX1/GMPR2/NME1/NELFE/MPG/TAF13/TAF10/NUDT9/SSRP1/HCLS1/POLR2G/DGUOK/POLB/SF3A3/POLR2J/DDB1/POLR2I/SDCBP/APRT/GUK1/SEC61A1/POLR2K/ITPA/VPS37B/TMED2,8237/51164/57804/22916/6883/3251/5434/5982/84265/10302/5437/51497/7298/6827/9978/51292/4830/7936/4350/6884/6881/53343/6749/3059/5436/1716/5423/10946/5439/1642/5438/6386/353/2987/29927/5440/3704/79720/10959,Effector memory CD8 T cells,HALLMARK,Monaco_fine
HALLMARK_ADIPOGENESIS,HALLMARK_ADIPOGENESIS,121,-0.301664852401352,-1.41674488374059,0.0189221317732804,0.0605508216744974,0.0411639357874873,1557,"tags=31%, list=20%, signal=25%",UQCR10/IDH3G/TALDO1/NDUFA5/DLD/PDCD4/ETFB/GHITM/SAMM50/UQCRC1/TANK/RIOK3/ACAA2/DNAJC15/ELOVL6/DDT/UBC/PPP1R15B/UQCRQ/DNAJB9/MDH2/G3BP2/ECHS1/SLC66A3/ESRRA/UQCR11/COX6A1/COX8A/PHYH/ATP1B3/BCL6/IDH3A/UCP2/COX7B/CHCHD10/SUCLG1/STOM,29796/3421/6888/4698/1738/27250/2109/27069/25813/7384/10010/8780/10449/29103/79071/1652/7316/84919/27089/4189/4191/9908/1892/130814/2101/10975/1337/1351/5264/483/604/3419/7351/1349/400916/8802/2040,Effector memory CD8 T cells,HALLMARK,Monaco_fine
HALLMARK_E2F_TARGETS,HALLMARK_E2F_TARGETS,134,-0.295607863618912,-1.4087286674097,0.0206036487538225,0.0618109462614676,0.042020599432138,1952,"tags=46%, list=25%, signal=35%",EZH2/HUS1/CKS1B/WEE1/RAD51C/MCM4/BRCA2/CDKN1B/PRKDC/NOLC1/MYC/CENPM/MCM6/BRMS1L/HMGB2/UBE2S/NOP56/MKI67/CDKN2A/MCM7/RRM2/RFC2/DCK/TFRC/PAICS/TMPO/ILF3/PA2G4/PTTG1/SYNCRIP/DNMT1/LMNB1/NME1/CNOT9/SMC6/SHMT1/DEK/TRA2B/LBR/SMC1A/HMGA1/CDK1/DDX39A/RANBP1/XRCC6/ANP32E/IPO7/SSRP1/CKS2/KPNA2/RAN/SMC4/MAD2L1/MTHFD2/SNRPB/JPT1/PHF5A/PRPS1/EIF2S1/HELLS/CTPS1,2146/3364/1163/7465/5889/4173/675/1027/5591/9221/4609/79019/4175/84312/3148/27338/10528/4288/1029/4176/6241/5982/1633/7037/10606/7112/3609/5036/9232/10492/1786/4001/4830/9125/79677/6470/7913/6434/3930/8243/3159/983/10212/5902/2547/81611/10527/6749/1164/3838/5901/10051/4085/10797/6628/51155/84844/5631/1965/3070/1503,Effector memory CD8 T cells,HALLMARK,Monaco_fine
HALLMARK_UV_RESPONSE_DN,HALLMARK_UV_RESPONSE_DN,74,0.358766236515117,1.45246857824947,0.0289538162967742,0.0817519518967742,0.0555769848421053,952,"tags=23%, list=12%, signal=20%",PTPRM/ADD3/ICA1/NEK7/PHF3/NR1D2/TENT4A/ATRX/SCAF8/ATP2B1/SMAD3/MAPK14/ARHGEF9/DYRK1A/GCNT1/SIPA1L1/PDLIM5,5797/120/3382/140609/23469/9975/11044/546/22828/490/4088/1432/23229/1859/2650/26037/10611,Effector memory CD8 T cells,HALLMARK,Monaco_fine
HALLMARK_FATTY_ACID_METABOLISM,HALLMARK_FATTY_ACID_METABOLISM,90,-0.310342431953739,-1.38636281125512,0.0558529188732953,0.148941116995454,0.101253829536383,1650,"tags=28%, list=21%, signal=22%",ACAA1/UROS/ECI2/IDH3G/HSPH1/DLD/MIF/APEX1/ACAA2/BCKDHB/HSD17B10/MDH1/OSTC/MDH2/IDI1/ECHS1/ODC1/SDHD/RDH11/GABARAPL1/YWHAH/LDHA/SUCLG1/UBE2L6/PSME1,30/7390/10455/3421/10808/1738/4282/328/10449/594/3028/4190/58505/4191/3422/1892/4953/6392/51109/23710/7533/3939/8802/9246/5720,Effector memory CD8 T cells,HALLMARK,Monaco_fine
HALLMARK_G2M_CHECKPOINT,HALLMARK_G2M_CHECKPOINT,134,-0.272185771987721,-1.29710994547308,0.0742402650912974,0.187554353914857,0.127504056389486,2263,"tags=45%, list=29%, signal=32%",EZH2/HUS1/BUB3/CKS1B/AMD1/BRCA2/SLC7A1/ODF2/DTYMK/CDKN1B/NOLC1/HMGN2/MYC/LIG3/MT2A/MCM6/SLC12A2/UBE2S/SFPQ/MKI67/KPNB1/WRN/TOP1/TMPO/ILF3/PTTG1/SYNCRIP/MNAT1/KIF11/PML/EWSR1/KIF20B/LMNB1/SMC2/TGFB1/KNL1/TRA2B/LBR/SMC1A/TFDP1/HMGA1/CDK1/DDX39A/NUSAP1/CCNT1/PRC1/CKS2/CENPF/BUB1/DR1/KPNA2/FBXO5/ODC1/SMC4/FANCC/MAD2L1/CHMP1A/SNRPD1/JPT1/NDC80,2146/3364/9184/1163/262/675/6541/4957/1841/1027/9221/3151/4609/3980/4502/4175/6558/27338/6421/4288/3837/7486/7150/7112/3609/9232/10492/4331/3832/5371/2130/9585/4001/10592/7040/57082/6434/3930/8243/7027/3159/983/10212/51203/904/9055/1164/1063/699/1810/3838/26271/4953/10051/2176/4085/5119/6632/51155/10403,Effector memory CD8 T cells,HALLMARK,Monaco_fine
HALLMARK_HYPOXIA,HALLMARK_HYPOXIA,94,-0.28840687763182,-1.28681614689541,0.0810810810810811,0.194594594594595,0.132290184921764,1692,"tags=31%, list=22%, signal=24%",XPNPEP1/PDK1/GLRX/PRDX5/ETS1/NFIL3/NOCT/TPI1/MIF/SLC2A3/GPI/CITED2/ENO1/BNIP3L/PGM2/MYH9/NR3C1/TPD52/ISG20/DDIT4/UGP2/PGK1/GAPDH/FOSL2/RORA/PIM1/HSPA5/LDHA/ATF3,7511/5163/2745/25824/2113/4783/25819/7167/4282/6515/2821/10370/2023/665/55276/4627/2908/7163/3669/54541/7360/5230/2597/2355/6095/5292/3309/3939/467,Effector memory CD8 T cells,HALLMARK,Monaco_fine
HALLMARK_APOPTOSIS,HALLMARK_APOPTOSIS,97,-0.276369987165712,-1.25377074794498,0.0945626477541371,0.216143194866599,0.146939452650539,1300,"tags=25%, list=17%, signal=21%",PDCD4/CD69/CD38/BCL2L1/BIRC3/CASP7/BNIP3L/GADD45B/MADD/DNM1L/ISG20/RHOT2/BTG3/CASP3/GSR/IRF1/CASP8/DNAJC3/PAK1/TAP1/BCL2L11/FASLG/CASP4/ATF3,27250/969/952/598/330/840/665/4616/8567/10059/3669/89941/10950/836/2936/3659/841/5611/5058/6890/10018/356/837/467,Effector memory CD8 T cells,HALLMARK,Monaco_fine
HALLMARK_MYC_TARGETS_V2,HALLMARK_MYC_TARGETS_V2,33,-0.357749008670064,-1.29468106563028,0.120253164556962,0.250963126031921,0.170610897083104,1945,"tags=58%, list=25%, signal=43%",RRP12/DUSP2/GNL3/PPAN/HSPD1/MCM4/NOLC1/MYC/NOP56/NDUFAF4/WDR74/PA2G4/RABEPK/NOP2/SUPV3L1/MRTO4/SRM/WDR43/NIP7,23223/1844/26354/56342/3329/4173/9221/4609/10528/29078/54663/5036/10244/4839/6832/51154/6723/23160/51388,Effector memory CD8 T cells,HALLMARK,Monaco_fine
HALLMARK_MITOTIC_SPINDLE,HALLMARK_MITOTIC_SPINDLE,130,-0.251066863433861,-1.19425657677286,0.115107913669065,0.250963126031921,0.170610897083104,1186,"tags=23%, list=15%, signal=20%",KIF11/KIF20B/LMNB1/RAB3GAP1/RASA2/PREX1/ARHGEF3/MYH9/CD2AP/DLG1/RHOT2/SMC1A/CDK1/NUSAP1/SSH2/PRC1/CENPF/BUB1/FBXO5/BIN1/SMC4/CLIP1/KNTC1/ARHGDIA/ARF6/RAPGEF6/CEP57/BCL2L11/NDC80/CAPZB,3832/9585/4001/22930/5922/57580/50650/4627/23607/1739/89941/8243/983/51203/85464/9055/1063/699/26271/274/10051/6249/9735/396/382/51735/9702/10018/10403/832,Effector memory CD8 T cells,HALLMARK,Monaco_fine
HALLMARK_WNT_BETA_CATENIN_SIGNALING,HALLMARK_WNT_BETA_CATENIN_SIGNALING,17,0.445891062006198,1.3267473170274,0.134790528233151,0.25879781420765,0.175937110535903,2525,"tags=47%, list=32%, signal=32%",NUMB/NCOR2/ADAM17/CUL1/HDAC2/AXIN1/NCSTN/CTNNB1,8650/9612/6868/8454/3066/8312/23385/1499,Effector memory CD8 T cells,HALLMARK,Monaco_fine
HALLMARK_ANDROGEN_RESPONSE,HALLMARK_ANDROGEN_RESPONSE,72,0.305552700291167,1.23909029429866,0.133333333333333,0.25879781420765,0.175937110535903,1712,"tags=32%, list=22%, signal=25%",IQGAP2/APPBP2/TNFAIP8/ANKH/MAF/SLC38A2/HERC3/PTK2B/TSC22D1/CCND3/DHCR24/PDLIM5/MAP7/PGM3/SGK1/ACSL3/GNAI3/FADS1/NGLY1/VAPA/ELL2/ARID5B/ELK4,10788/10513/25816/56172/4094/54407/8916/2185/8848/896/1718/10611/9053/5238/6446/2181/2773/3992/55768/9218/22936/84159/2005,Effector memory CD8 T cells,HALLMARK,Monaco_fine
HALLMARK_HEME_METABOLISM,HALLMARK_HEME_METABOLISM,107,0.278140695811579,1.20601955782851,0.14453781512605,0.266839043309632,0.181403735583302,1080,"tags=20%, list=14%, signal=17%",MFHAS1/RCL1/MKRN1/NEK7/BACH1/MINPP1/CTSB/RANBP10/BTRC/FOXO3/KDM7A/BLVRA/BMP2K/SLC25A37/EZH1/TNRC6B/CCND3/GMPS/MAP2K3/CDR2/HTRA2,9258/10171/23608/140609/571/9562/1508/57610/8945/2309/80853/644/55589/51312/2145/23112/896/8833/5606/1039/27429,Effector memory CD8 T cells,HALLMARK,Monaco_fine
HALLMARK_GLYCOLYSIS,HALLMARK_GLYCOLYSIS,85,-0.272443565710317,-1.192786720052,0.157004830917874,0.279119699409554,0.18975242723018,1533,"tags=33%, list=20%, signal=27%",PPIA/GLRX/TALDO1/DLD/PMM2/RBCK1/TPI1/MIF/CYB5A/B4GALT4/ECD/CITED2/ENO1/PGM2/ISG20/ME2/CDK1/MDH1/MDH2/DDIT4/UGP2/HAX1/PGK1/PSMC4/PAXIP1/PRPS1/HSPA5/LDHA,5478/2745/6888/1738/5373/10616/7167/4282/1528/8702/11319/10370/2023/55276/3669/4200/983/4190/4191/54541/7360/10456/5230/5704/22976/5631/3309/3939,Effector memory CD8 T cells,HALLMARK,Monaco_fine
HALLMARK_APICAL_SURFACE,HALLMARK_APICAL_SURFACE,18,0.410615274982959,1.23978518896884,0.191605839416058,0.306569343065693,0.208413369189397,873,"tags=28%, list=11%, signal=25%",EFNA5/HSPB1/NCOA6/AKAP7/ADAM10,1946/3315/23054/9465/102,Effector memory CD8 T cells,HALLMARK,Monaco_fine
HALLMARK_INFLAMMATORY_RESPONSE,HALLMARK_INFLAMMATORY_RESPONSE,74,-0.272516053654526,-1.17357696971915,0.185779816513761,0.306569343065693,0.208413369189397,1590,"tags=28%, list=20%, signal=23%",IL15/LY6E/TAPBP/TNFRSF9/IFITM1/CD69/IL10/SRI/NMI/LCP2/ATP2A2/LCK/IRF7/PTGER4/IL18R1/AHR/CCL5/IRF1/RIPK2/BST2/CXCR6,3600/4061/6892/3604/8519/969/3586/6717/9111/3937/488/3932/3665/5734/8809/196/6352/3659/8767/684/10663,Effector memory CD8 T cells,HALLMARK,Monaco_fine
HALLMARK_IL2_STAT5_SIGNALING,HALLMARK_IL2_STAT5_SIGNALING,112,-0.24546464864215,-1.13462651225314,0.190594059405941,0.306569343065693,0.208413369189397,1247,"tags=25%, list=16%, signal=21%",SLC2A3/PRKCH/TWSG1/BCL2L1/DCPS/IL10/NOP2/GADD45B/CASP3/GLIPR2/IL18R1/AHR/ODC1/CAPG/RHOH/SERPINB6/XBP1/NFKBIZ/LTB/GABARAPL1/GPR65/ITGAE/RORA/PIM1/CISH/GBP4/PLSCR1/ABCB1,6515/5583/57045/598/28960/3586/4839/4616/836/152007/8809/196/4953/822/399/5269/7494/64332/4050/23710/8477/3682/6095/5292/1154/115361/5359/5243,Effector memory CD8 T cells,HALLMARK,Monaco_fine
HALLMARK_ESTROGEN_RESPONSE_LATE,HALLMARK_ESTROGEN_RESPONSE_LATE,65,-0.278198624018784,-1.15417176082236,0.200956937799043,0.311159129495292,0.211533618735835,1387,"tags=26%, list=18%, signal=22%",FABP5/DCXR/PDCD4/ETFB/ID2/FDFT1/CD9/ISG20/RBBP8/BTG3/CLIC3/XBP1/COX6C/PTPN6/SNX10/CISH/IDH2,2171/51181/27250/2109/3398/2222/928/3669/5932/10950/9022/7494/1345/5777/29887/1154/3418,Effector memory CD8 T cells,HALLMARK,Monaco_fine
HALLMARK_CHOLESTEROL_HOMEOSTASIS,HALLMARK_CHOLESTEROL_HOMEOSTASIS,42,-0.296080273437454,-1.12783932226653,0.272311212814645,0.408466819221968,0.277685776225461,2004,"tags=43%, list=26%, signal=32%",EBP/FDPS/HMGCS1/ETHE1/SC5D/NFIL3/FABP5/CYP51A1/NIBAN1/FDFT1/ANXA5/CD9/IDI1/TP53INP1/FBXO6/ACTG1/ATF3/PLSCR1,10682/2224/3157/23474/6309/4783/2171/1595/116496/2222/308/928/3422/94241/26270/71/467/5359,Effector memory CD8 T cells,HALLMARK,Monaco_fine
HALLMARK_EPITHELIAL_MESENCHYMAL_TRANSITION,HALLMARK_EPITHELIAL_MESENCHYMAL_TRANSITION,40,0.305621181565854,1.11500183774957,0.289982425307557,0.421792618629174,0.286744981962816,1042,"tags=22%, list=13%, signal=20%",CD59/GADD45A/CD44/ITGB1/CADM1/ACTA2/RHOB/EMP3/TPM1,966/1647/960/3688/23705/59/388/2014/7168,Effector memory CD8 T cells,HALLMARK,Monaco_fine
HALLMARK_REACTIVE_OXYGEN_SPECIES_PATHWAY,HALLMARK_REACTIVE_OXYGEN_SPECIES_PATHWAY,37,-0.2842527322511,-1.0622809301347,0.347732181425486,0.488495575221239,0.332091290172334,1628,"tags=32%, list=21%, signal=26%",GLRX/JUNB/GCLM/FTL/LAMTOR5/ATOX1/MBP/PDLIM1/STK25/GSR/NDUFA6/NDUFB4,2745/3726/2730/2512/10542/475/4155/9124/10494/2936/4700/4710,Effector memory CD8 T cells,HALLMARK,Monaco_fine
HALLMARK_BILE_ACID_METABOLISM,HALLMARK_BILE_ACID_METABOLISM,43,-0.274767314118201,-1.05828190488675,0.356194690265487,0.488495575221239,0.332091290172334,1584,"tags=30%, list=20%, signal=24%",PRDX5/ABCD2/GCLM/ISOC1/PEX26/LCK/PEX16/LONP2/IDI1/PNPLA8/PHYH/NPC1/IDH2,25824/225/2730/51015/55670/3932/9409/83752/3422/50640/5264/4864/3418,Effector memory CD8 T cells,HALLMARK,Monaco_fine
HALLMARK_KRAS_SIGNALING_UP,HALLMARK_KRAS_SIGNALING_UP,71,-0.238931895398864,-1.0160579670751,0.408675799086758,0.544901065449011,0.370437127827178,1114,"tags=20%, list=14%, signal=17%",ID2/BIRC3/PSMB8/MMD/ZNF639/IL2RG/LCP1/PECAM1/BPGM/GADD45G/CTSS/GYPC/TRIB2/ABCB1,3398/330/5696/23531/51193/3561/3936/5175/669/10912/1520/2995/28951/5243,Effector memory CD8 T cells,HALLMARK,Monaco_fine
HALLMARK_ESTROGEN_RESPONSE_EARLY,HALLMARK_ESTROGEN_RESPONSE_EARLY,73,0.240381225892339,0.977351850706204,0.507826086956522,0.658801410105758,0.44786937967716,1851,"tags=26%, list=24%, signal=20%",ADD3/MYBL1/ABAT/FCMR/CD44/SNX24/LRIG1/TIAM1/DHRS3/NCOR2/BCL2/SLC37A1/NADSYN1/MREG/DYNLT3/AFF1/ARL3/UGCG/CHPT1,120/4603/18/9214/960/28966/26018/7074/9249/9612/596/54020/55191/55686/6990/4299/403/7357/56994,Effector memory CD8 T cells,HALLMARK,Monaco_fine
HALLMARK_KRAS_SIGNALING_DN,HALLMARK_KRAS_SIGNALING_DN,29,0.287024964660423,0.955449734708518,0.531190926275992,0.670978012138096,0.456147332813179,2877,"tags=41%, list=37%, signal=26%",CAMK1D/DTNB/ZBTB16/ASB7/SGK1/MTHFR/CLSTN3/CDKAL1/RYR2/CPEB3/SLC16A7/SIDT1,57118/1838/7704/140460/6446/4524/9746/54901/6262/22849/9194/54847,Effector memory CD8 T cells,HALLMARK,Monaco_fine
HALLMARK_COAGULATION,HALLMARK_COAGULATION,26,0.288442314978089,0.938917222030975,0.553072625698324,0.680704770090245,0.462759821771877,1085,"tags=23%, list=14%, signal=20%",CTSB/A2M/CAPN2/APOA1/DUSP6/PREP,1508/2/824/335/1848/5550,Effector memory CD8 T cells,HALLMARK,Monaco_fine
HALLMARK_MYOGENESIS,HALLMARK_MYOGENESIS,38,0.250326564682866,0.895815450821656,0.600725952813067,0.720871143375681,0.490065908873818,1111,"tags=24%, list=14%, signal=20%",PDE4DIP/PRNP/ITGB1/MEF2D/IGF1/SPTAN1/SH2B1/RIT1/ATP6AP1,9659/5621/3688/4209/3479/6709/25970/6016/537,Effector memory CD8 T cells,HALLMARK,Monaco_fine
HALLMARK_TGF_BETA_SIGNALING,HALLMARK_TGF_BETA_SIGNALING,37,0.247450061992776,0.876083770345736,0.649350649350649,0.760215394361736,0.516813097044163,1043,"tags=19%, list=13%, signal=16%",FNTA/TGIF1/APC/SMAD1/SMAD3/BMPR2/NCOR2,2339/7050/324/4086/4088/659/9612,Effector memory CD8 T cells,HALLMARK,Monaco_fine
HALLMARK_HEDGEHOG_SIGNALING,HALLMARK_HEDGEHOG_SIGNALING,10,0.320755496604556,0.799920828896527,0.706666666666667,0.807619047619048,0.549039264828739,1600,"tags=30%, list=21%, signal=24%",LDB1/RASA1/TLE3,8861/5921/7090,Effector memory CD8 T cells,HALLMARK,Monaco_fine
HALLMARK_SPERMATOGENESIS,HALLMARK_SPERMATOGENESIS,42,-0.224315989020242,-0.854472302706721,0.734553775743707,0.819967005481347,0.557433709866706,1761,"tags=29%, list=23%, signal=22%",SLC12A2/GFI1/AGFG1/TALDO1/IL12RB2/TOPBP1/CDK1/CAMK4/BUB1/RPL39L/MLF1/LPIN1,6558/2672/3267/6888/3595/11073/983/814/699/116832/4291/23175,Effector memory CD8 T cells,HALLMARK,Monaco_fine
HALLMARK_PEROXISOME,HALLMARK_PEROXISOME,65,-0.205892795697032,-0.854194198078551,0.782296650717703,0.853333333333333,0.580116959064328,806,"tags=17%, list=10%, signal=15%",ISOC1/MVP/LONP2/IDI1/RDH11/ITGB1BP1/YWHAH/SLC25A4/CTPS1/IDH2/ABCB1,51015/9961/83752/3422/51109/9270/7533/291/1503/3418/5243,Effector memory CD8 T cells,HALLMARK,Monaco_fine
HALLMARK_PROTEIN_SECRETION,HALLMARK_PROTEIN_SECRETION,84,-0.192521236313196,-0.841715680054301,0.8,0.853333333333333,0.580116959064328,1188,"tags=30%, list=15%, signal=25%",SEC24D/RER1/AP2S1/STX16/ARFGEF2/MAPK1/RPS6KA3/CLTA/GALC/LMAN1/VPS45/CD63/COPE/DNM1L/TPD52/ANP32E/SGMS1/NAPA/AP1G1/AP2M1/SEC22B/ARF1/CTSC/TMED2/GOSR2,9871/11079/1175/8675/10564/5594/6197/1211/2581/3998/11311/967/11316/10059/7163/81611/259230/8775/164/1173/9554/375/1075/10959/9570,Effector memory CD8 T cells,HALLMARK,Monaco_fine
HALLMARK_TNFA_SIGNALING_VIA_NFKB,HALLMARK_TNFA_SIGNALING_VIA_NFKB,118,0.187451438670956,0.827803455389097,0.826890756302521,0.862842528315674,0.586581543372498,2124,"tags=30%, list=27%, signal=22%",PHLDA1/DRAM1/GADD45A/TNFAIP8/PDE4B/CD44/TGIF1/NFE2L2/ATP2B1/SMAD3/TSC22D1/GPR183/LITAF/RHOB/PDLIM5/MAP2K3/SGK1/EHD1/DUSP1/PNRC1/CFLAR/RELB/TNF/SQSTM1/FOSB/KLF2/EGR2/IER5/NR4A1/CEBPD/BHLHE40/RNF19B/IL7R/IL6ST/CD83,22822/55332/1647/25816/5142/960/7050/4780/490/4088/8848/1880/9516/388/10611/5606/6446/10938/1843/10957/8837/5971/7124/8878/2354/10365/1959/51278/3164/1052/8553/127544/3575/3572/9308,Effector memory CD8 T cells,HALLMARK,Monaco_fine
HALLMARK_P53_PATHWAY,HALLMARK_P53_PATHWAY,119,0.173030922836303,0.763840741968712,0.933333333333333,0.953191489361702,0.648002986188877,2220,"tags=29%, list=29%, signal=21%",ABAT/ANKRA2/DRAM1/GADD45A/RALGDS/FOXO3/TSC22D1/WRAP73/PMM1/CCND3/APAF1/SP1/TSPYL2/ZBTB16/MKNK2/DGKA/ZFP36L1/S100A4/RHBDF2/CD82/POM121/HINT1/DDB2/CCP110/IER5/PPM1D/HDAC3/RNF19B/RAP2B/CASP1/POLH/PVT1/FAS/EI24/ZMAT3,18/57763/55332/1647/5900/2309/8848/49856/5372/896/317/6667/64061/7704/2872/1606/677/6275/79651/3732/9883/3094/1643/9738/51278/8493/8841/127544/5912/834/5429/5820/355/9538/64393,Effector memory CD8 T cells,HALLMARK,Monaco_fine
HALLMARK_NOTCH_SIGNALING,HALLMARK_NOTCH_SIGNALING,12,0.18339651996099,0.487333566116838,0.986988847583643,0.986988847583643,0.670979260418705,2620,"tags=33%, list=34%, signal=22%",CUL1/FBXW11/MAML2/PRKCA,8454/23291/84441/5578,Effector memory CD8 T cells,HALLMARK,Monaco_fine
HALLMARK_UNFOLDED_PROTEIN_RESPONSE,HALLMARK_UNFOLDED_PROTEIN_RESPONSE,79,0.522385452088024,2.28423259730342,1.1631600279387e-07,2.73342606565594e-06,1.71413056748861e-06,985,"tags=46%, list=19%, signal=37%",PSAT1/SLC7A5/MTHFD2/TSPYL2/SRPRB/CEBPB/RPS14/SERP1/HERPUD1/ATF4/HSPA9/HSPA5/PDIA6/EDEM1/ERO1A/PDIA5/WIPI1/HSP90B1/HYOU1/DNAJB9/DKC1/SPCS1/SEC11A/ERN1/DDIT4/CALR/SPCS3/CEBPG/SEC31A/FKBP14/DNAJC3/YIF1A/ALDH18A1/NOLC1/SRPRA/EEF2,29968/8140/10797/64061/58477/1051/6208/27230/9709/468/3313/3309/10130/9695/30001/10954/55062/7184/10525/4189/1736/28972/23478/2081/54541/811/60559/1054/22872/55033/5611/10897/5832/9221/6734/1938,Exhausted B cells,HALLMARK,Monaco_fine
HALLMARK_E2F_TARGETS,HALLMARK_E2F_TARGETS,84,-0.505720793303324,-2.27265157789647,8.24354185966146e-08,2.73342606565594e-06,1.71413056748861e-06,1558,"tags=68%, list=30%, signal=48%",AK2/IPO7/STAG1/SMC3/NUDT21/NAP1L1/SMC1A/EIF2S1/CBX5/SMC4/NUP153/PSIP1/DCK/DUT/TFRC/SLBP/XRCC6/MLH1/EED/PCNA/NBN/RFC1/CNOT9/SSRP1/RAD50/HNRNPD/NAA38/ING3/RAN/HMGA1/DEK/HUS1/PRKDC/PRIM2/CTCF/NASP/LBR/SNRPB/TMPO/RBBP7/HMGB2/BARD1/ILF3/CKS2/RPA3/DDX39A/SMC6/TUBB/ANP32E/DNMT1/PDS5B/RANBP1/JPT1/USP1/EZH2/XPO1/BRCA2,204/10527/10274/9126/11051/4673/8243/1965/23468/10051/9972/11168/1633/1854/7037/7884/2547/4292/8726/5111/4683/5981/9125/6749/10111/3184/84316/54556/5901/3159/7913/3364/5591/5558/10664/4678/3930/6628/7112/5931/3148/580/3609/1164/6119/10212/79677/203068/81611/1786/23047/5902/51155/7398/2146/7514/675,Exhausted B cells,HALLMARK,Monaco_fine
HALLMARK_G2M_CHECKPOINT,HALLMARK_G2M_CHECKPOINT,92,-0.470615300481586,-2.15104807084131,2.77731257910607e-07,4.35112304059951e-06,2.72858779701649e-06,803,"tags=40%, list=16%, signal=35%",SLC38A1/KIF5B/E2F3/HNRNPD/HMGA1/HUS1/DR1/HMGN2/CUL3/PRIM2/CTCF/NUP50/NASP/LBR/SMARCC1/MAPK14/TMPO/KIF20B/BARD1/ILF3/SLC12A2/HIF1A/CKS2/SQLE/BUB3/EWSR1/DDX39A/PDS5B/SNRPD1/SS18/G3BP1/JPT1/EZH2/HNRNPU/MTF2/XPO1/BRCA2,81539/3799/1871/3184/3159/3364/1810/3151/8452/5558/10664/10762/4678/3930/6599/1432/7112/9585/580/3609/6558/3091/1164/6713/9184/2130/10212/23047/6632/6760/10146/51155/2146/3192/22823/7514/675,Exhausted B cells,HALLMARK,Monaco_fine
HALLMARK_APICAL_JUNCTION,HALLMARK_APICAL_JUNCTION,46,-0.588358976477156,-2.34866776638526,4.11724418694145e-07,4.8377619196562e-06,3.03375887458843e-06,1060,"tags=57%, list=21%, signal=45%",PTEN/PIK3CB/HADH/WASL/MSN/GNAI2/NF1/ITGB1/SYK/CAP1/ACTG1/CNN2/MAPK14/VASP/EVL/RAC2/MYH9/YWHAH/SKAP2/ACTB/PTK2/PFN1/PTPRC/ARHGEF6/ARPC2/CD86,5728/5291/3033/8976/4478/2771/4763/3688/6850/10487/71/1265/1432/7408/51466/5880/4627/7533/8935/60/5747/5216/5788/9459/10109/942,Exhausted B cells,HALLMARK,Monaco_fine
HALLMARK_INTERFERON_GAMMA_RESPONSE,HALLMARK_INTERFERON_GAMMA_RESPONSE,101,-0.42447216748074,-1.98602924391583,7.51239624136516e-06,7.06165246688325e-05,4.42835988964683e-05,797,"tags=37%, list=15%, signal=32%",CD69/PTPN6/STAT1/BTG1/IRF9/IRF2/TNFSF10/SPPL2A/PTPN2/IRF8/BANK1/PSMB2/PARP14/SAMD9L/HIF1A/IFITM2/NCOA3/RNF213/EPSTI1/HLA-DMA/HLA-DRB1/CD38/SP110/HLA-B/PSME2/CD74/CIITA/HLA-DQA1/PIM1/RAPGEF6/IL10RA/PSMB10/PSMB8/PELI1/PSMB9/CD86/HLA-A,969/5777/6772/694/10379/3660/8743/84888/5771/3394/55024/5690/54625/219285/3091/10581/8202/57674/94240/3108/3123/952/3431/3106/5721/972/4261/3117/5292/51735/3587/5699/5696/57162/5698/942/3105,Exhausted B cells,HALLMARK,Monaco_fine
HALLMARK_MITOTIC_SPINDLE,HALLMARK_MITOTIC_SPINDLE,96,-0.389787810215539,-1.80441156550257,0.000244780755599351,0.00191744925219491,0.00120243178189155,1609,"tags=53%, list=31%, signal=37%",KLC1/TLK1/STAU1/TRIO/SMC3/FGD4/RANBP9/SMC1A/SMC4/ARF6/TSC1/KNTC1/RAPGEF5/CD2AP/PCNT/HOOK3/NCK2/CDK5RAP2/TUBGCP3/CDC42/SSH2/RALBP1/ARHGDIA/SEPTIN9/CNTRL/WASL/AKAP13/CEP192/ARHGEF12/RFC1/KIF5B/NF1/RABGAP1/CCDC88A/STK38L/MYO9B/CKAP5/ROCK1/PPP4R2/CEP57/KIF20B/MYH9/NIN/DOCK2/PREX1/ARHGEF7/CAPZB/RAPGEF6/NEDD9/PCM1/BRCA2,3831/9874/6780/7204/9126/121512/10048/8243/10051/382/7248/9735/9771/23607/5116/84376/8440/55755/10426/998/85464/10928/396/10801/11064/8976/11214/55125/23365/5981/3799/4763/23637/55704/23012/4650/9793/6093/151987/9702/9585/4627/51199/1794/57580/8874/832/51735/4739/5108/675,Exhausted B cells,HALLMARK,Monaco_fine
HALLMARK_KRAS_SIGNALING_UP,HALLMARK_KRAS_SIGNALING_UP,50,-0.471790091120632,-1.8944492407945,0.000298241737190495,0.0020024802354219,0.00125575468290735,851,"tags=42%, list=17%, signal=35%",BIRC3/PTBP2/HDAC9/CCSER2/TSPAN13/IRF8/ETS1/USP12/LAPTM5/CXCR4/ATG10/NIN/DOCK2/CD37/ADAM17/LAT2/IKZF1/IL10RA/PSMB8/RABGAP1L/LCP1,330/58155/9734/54462/27075/3394/2113/219333/7805/7852/83734/51199/1794/951/6868/7462/10320/3587/5696/9910/3936,Exhausted B cells,HALLMARK,Monaco_fine
HALLMARK_HYPOXIA,HALLMARK_HYPOXIA,75,0.421679274834567,1.80619550508468,0.000514871944310538,0.00302487267282441,0.00189689663693356,919,"tags=39%, list=18%, signal=32%",P4HA1/DDIT3/MXI1/FOXO3/TIPARP/CDKN1A/S100A4/HSPA5/FOS/DUSP1/CDKN1B/BNIP3L/ERO1A/HDLBP/JUN/RORA/CAV1/DDIT4/NAGK/MT1E/TPST2/ANXA2/MT2A/BCL2/TMEM45A/KDM3A/PNRC1/PLAC8/KLHL24,5033/1649/4601/2309/25976/1026/6275/3309/2353/1843/1027/665/30001/3069/3725/6095/857/54541/55577/4493/8459/302/4502/596/55076/55818/10957/51316/54800,Exhausted B cells,HALLMARK,Monaco_fine
HALLMARK_INTERFERON_ALPHA_RESPONSE,HALLMARK_INTERFERON_ALPHA_RESPONSE,41,-0.48282386087354,-1.85570110242906,0.000731559824502278,0.00382036797240078,0.00239575147205424,797,"tags=32%, list=15%, signal=27%",IRF9/IRF2/NUB1/PARP14/SAMD9L/ELF1/IFITM2/EPSTI1/SP110/PSME2/CD74/PSMB8/PSMB9,10379/3660/51667/54625/219285/1997/10581/94240/3431/5721/972/5696/5698,Exhausted B cells,HALLMARK,Monaco_fine
HALLMARK_TNFA_SIGNALING_VIA_NFKB,HALLMARK_TNFA_SIGNALING_VIA_NFKB,88,0.383451225010806,1.69943093943373,0.00145429613276466,0.00683519182399392,0.00428634649656954,1473,"tags=47%, list=29%, signal=34%",CD44/EIF1/KLF2/CEBPB/CCL4/TIPARP/CDKN1A/FOS/DUSP1/LITAF/NFE2L2/JUN/NR4A3/ZBTB10/FOSB/IL6ST/PMEPA1/SOD2/MARCKS/CCNL1/KDM6B/MXD1/RHOB/IRF1/PNRC1/TNIP1/SQSTM1/NR4A2/BTG2/NR4A1/IL7R/IER2/IER5/JUNB/GADD45A/NFKBIA/PPP1R15A/CFLAR/KLF6/ZFP36/DNAJB4,960/10209/10365/1051/6351/25976/1026/2353/1843/9516/4780/3725/8013/65986/2354/3572/56937/6648/4082/57018/23135/4084/388/3659/10957/10318/8878/4929/7832/3164/3575/9592/51278/3726/1647/4792/23645/8837/1316/7538/11080,Exhausted B cells,HALLMARK,Monaco_fine
HALLMARK_PI3K_AKT_MTOR_SIGNALING,HALLMARK_PI3K_AKT_MTOR_SIGNALING,60,-0.40435205554908,-1.69099297808092,0.00242145496698846,0.0103462166771325,0.00648810900245712,1060,"tags=40%, list=21%, signal=32%",PTEN/ARHGDIA/SMAD2/VAV3/ITPR2/UBE2N/AP2M1/ACTR3/PPP1CA/EIF4E/GSK3B/PTPN11/CLTC/TBK1/GRB2/CXCR4/ACTR2/YWHAB/CFL1/ARPC3/CAMK4/DAPP1/PFN1/PRKCB,5728/396/4087/10451/3709/7334/1173/10096/5499/1977/2932/5781/1213/29110/2885/7852/10097/7529/1072/10094/814/27071/5216/5579,Exhausted B cells,HALLMARK,Monaco_fine
HALLMARK_ALLOGRAFT_REJECTION,HALLMARK_ALLOGRAFT_REJECTION,85,-0.350986380571467,-1.58081939773864,0.0037543118529466,0.0147043880907075,0.00922111683179867,969,"tags=33%, list=19%, signal=27%",PTPN6/ITGAL/STAT1/UBE2N/HDAC9/WAS/EIF4G3/LY86/IRF8/LY75/NCF4/ETS1/MTIF2/CSK/HIF1A/HLA-E/LYN/HLA-DMA/CD74/HLA-DRA/PTPRC/HLA-DMB/HLA-DQA1/PRKCB/LTB/PSMB10/CD86/HLA-A,5777/3683/6772/7334/9734/7454/8672/9450/3394/4065/4689/2113/4528/1445/3091/3133/4067/3108/972/3122/5788/3109/3117/5579/4050/5699/942/3105,Exhausted B cells,HALLMARK,Monaco_fine
HALLMARK_MTORC1_SIGNALING,HALLMARK_MTORC1_SIGNALING,116,0.333496348389903,1.54673939503625,0.00489584401362713,0.0177003591261904,0.0110998892616648,643,"tags=24%, list=12%, signal=22%",PSAT1/P4HA1/SLC7A5/MTHFD2/DDIT3/SLC1A5/SHMT2/UFM1/SERP1/USO1/CDKN1A/HSPA9/HSPA5/LGMN/EDEM1/ERO1A/HSP90B1/NFKBIB/HSPD1/CD9/PHGDH/ATP2A2/SEC11A/DDIT4/NIBAN1/GLA/CALR/PSMD13,29968/5033/8140/10797/1649/6510/6472/51569/27230/8615/1026/3313/3309/5641/9695/30001/7184/4793/3329/928/26227/488/23478/54541/116496/2717/811/5719,Exhausted B cells,HALLMARK,Monaco_fine
HALLMARK_EPITHELIAL_MESENCHYMAL_TRANSITION,HALLMARK_EPITHELIAL_MESENCHYMAL_TRANSITION,31,0.474190328674265,1.68978489845679,0.0070076234246424,0.0235255929255852,0.0147528914202998,1603,"tags=65%, list=31%, signal=45%",CD44/VIM/DST/EMP3/JUN/SDC1/LGALS1/PPIB/PMEPA1/TIMP1/RHOB/NOTCH2/IL15/CALU/GLIPR1/GADD45A/CAPG/TGFB1/CD59/ANPEP,960/7431/667/2014/3725/6382/3956/5479/56937/7076/388/4853/3600/813/11010/1647/822/7040/966/290,Exhausted B cells,HALLMARK,Monaco_fine
HALLMARK_GLYCOLYSIS,HALLMARK_GLYCOLYSIS,65,0.381619625908558,1.59067887865962,0.0100122960971136,0.0313718611042892,0.0196732835592407,894,"tags=32%, list=17%, signal=27%",P4HA1/CD44/MXI1/GMPPB/GFPT1/HSPA5/ERO1A/TXN/HDLBP/SPAG4/CLN6/SDC1/DDIT4/HAX1/CYB5A/CHPF/SLC35A3/NDUFV3/SDHC/MERTK/CHST12,5033/960/4601/29925/2673/3309/30001/7295/3069/6676/54982/6382/54541/10456/1528/79586/23443/4731/6391/10461/55501,Exhausted B cells,HALLMARK,Monaco_fine
HALLMARK_SPERMATOGENESIS,HALLMARK_SPERMATOGENESIS,29,-0.45430331458479,-1.62188301553008,0.0125058634618972,0.0367359739193231,0.0230371169034949,1189,"tags=48%, list=23%, signal=37%",RAD17/CSNK2A2/CHFR/DBF4/MLLT10/TALDO1/DCC/TOPBP1/COIL/SLC12A2/AGFG1/CAMK4/MAST2/EZH2,5884/1459/55743/10926/8028/6888/1630/11073/8161/6558/3267/814/23139/2146,Exhausted B cells,HALLMARK,Monaco_fine
HALLMARK_P53_PATHWAY,HALLMARK_P53_PATHWAY,80,0.34149211017354,1.49202286162107,0.0235569514355602,0.0651280422041958,0.0408417733867297,1162,"tags=40%, list=23%, signal=31%",TSPYL2/RPL18/SLC3A2/DDIT3/FOXO3/CDKN1A/S100A4/FOS/TOB1/JUN/RPS12/SDC1/HEXIM1/RPL36/DDIT4/ISCU/SEC61A1/HINT1/RACK1/MXD1/CTSD/RPS27L/DNTTIP2/CCND2/IRAK1/SLC35D1/PRMT2/KIF13B/RHBDF2/CDKN2AIP/NOL8/BTG2,64061/6141/6520/1649/2309/1026/6275/2353/10140/3725/6206/6382/10614/25873/54541/23479/29927/3094/10399/4084/1509/51065/30836/894/3654/23169/3275/23303/79651/55602/55035/7832,Exhausted B cells,HALLMARK,Monaco_fine
HALLMARK_APOPTOSIS,HALLMARK_APOPTOSIS,75,0.331839227169041,1.42138007792448,0.0305743657163698,0.0798330660371877,0.0500632888923014,963,"tags=31%, list=19%, signal=25%",CD44/PAK1/DDIT3/HSPB1/TIMP2/LGALS3/CDKN1A/CDKN1B/BNIP3L/LMNA/DPYD/JUN/IGF2R/CAV1/ADD1/SOD2/TIMP1/DNAJC3/RHOB/IRF1/PDCD4/CCND2/GPX4,960/5058/1649/3315/7077/3958/1026/1027/665/4000/1806/3725/3482/857/118/6648/7076/5611/388/3659/27250/894/2879,Exhausted B cells,HALLMARK,Monaco_fine
HALLMARK_XENOBIOTIC_METABOLISM,HALLMARK_XENOBIOTIC_METABOLISM,49,0.375245948953964,1.47881861788495,0.0449343031537037,0.11115327622232,0.0697041821774905,982,"tags=33%, list=19%, signal=27%",IGF1/SLC1A5/SHMT2/SSR3/SAR1B/ESR1/SPINT2/ATP2A2/HACL1/CYB5A/TMBIM6/MT2A/SERTAD1/SLC35B1/ALDH9A1/SLC35D1,3479/6510/6472/6747/51128/2099/10653/488/26061/1528/7009/4502/29950/10237/223/23169,Exhausted B cells,HALLMARK,Monaco_fine
HALLMARK_CHOLESTEROL_HOMEOSTASIS,HALLMARK_CHOLESTEROL_HOMEOSTASIS,32,0.400961973377504,1.43516508976527,0.0533596837944664,0.125395256916996,0.0786353234865821,926,"tags=34%, list=18%, signal=28%",HSD17B7/LGALS3/ATF5/LGMN/S100A11/CD9/NIBAN1/ACSS2/GLDC/PNRC1/STX5,51478/3958/22809/5641/6282/928/116496/55902/2731/10957/6811,Exhausted B cells,HALLMARK,Monaco_fine
HALLMARK_FATTY_ACID_METABOLISM,HALLMARK_FATTY_ACID_METABOLISM,64,0.334631418846361,1.39012935518047,0.0616808449262392,0.136791645266222,0.0857819947918075,1383,"tags=34%, list=27%, signal=25%",ACSS1/SERINC1/PTPRG/HSD17B7/OSTC/DLST/MCEE/HSDL2/LGALS1/AUH/HIBCH/PCBD1/HSPH1/HSP90AA1/SDHC/ALDH9A1/RAP1GDS1/ACAA2/ECI1/SUCLG1/FABP1/CPT1A,84532/57515/5793/51478/58505/1743/84693/84263/3956/549/26275/5092/10808/3320/6391/223/5910/10449/1632/8802/2168/1374,Exhausted B cells,HALLMARK,Monaco_fine
HALLMARK_UV_RESPONSE_UP,HALLMARK_UV_RESPONSE_UP,62,0.32291170959222,1.3294886288258,0.064030131826742,0.136791645266222,0.0857819947918075,1650,"tags=53%, list=32%, signal=37%",MGAT1/PLCL1/NXF1/HSPA13/FOS/SLC25A4/AQP3/FOSB/IL6ST/SELENOW/SOD2/CEBPG/ATP6V1F/TMBIM6/RHOB/IRF1/EIF5/DNAJB1/NUP58/SQSTM1/BTG2/NR4A1/JUNB/GLS/NFKBIA/RPN1/BSG/DNAJA1/CASP3/CCND3/AMD1/AGO2/PPP1R2,4245/5334/10482/6782/2353/291/360/2354/3572/6415/6648/1054/9296/7009/388/3659/1983/3337/9818/8878/7832/3164/3726/2744/4792/6184/682/3301/836/896/262/27161/5504,Exhausted B cells,HALLMARK,Monaco_fine
HALLMARK_ESTROGEN_RESPONSE_LATE,HALLMARK_ESTROGEN_RESPONSE_LATE,53,0.317432434359703,1.27483949441105,0.119705340699816,0.244615261430058,0.15339814826521,1069,"tags=32%, list=21%, signal=26%",SLC7A5/CD44/MDK/FOS/TOB1/CD9/CAV1/LSR/GLA/IL6ST/BCL2/CHPT1/JAK2/DNAJC1/PDCD4/UNC13B/AFF1,8140/960/4192/2353/10140/928/857/51599/2717/3572/596/56994/3717/64215/27250/10497/4299,Exhausted B cells,HALLMARK,Monaco_fine
HALLMARK_ESTROGEN_RESPONSE_EARLY,HALLMARK_ESTROGEN_RESPONSE_EARLY,51,0.31426893329151,1.24547717900392,0.143129770992366,0.280295801526718,0.175773402973082,1459,"tags=41%, list=28%, signal=30%",SLC7A5/CD44/TIPARP/FOS/KAZN/TOB1/AQP3/GLA/IL6ST/BCL2/CHPT1/SH3BP5/JAK2/AFF1/GAB2/BAG1/XBP1/KDM4B/RRP12/NAV2/SLC1A4,8140/960/25976/2353/23254/10140/360/2717/3572/596/56994/9467/3717/4299/9846/573/7494/23030/23223/89797/6509,Exhausted B cells,HALLMARK,Monaco_fine
HALLMARK_ANDROGEN_RESPONSE,HALLMARK_ANDROGEN_RESPONSE,55,0.301993056568868,1.21825942228242,0.160747663551402,0.289137121580055,0.181317791808321,908,"tags=24%, list=18%, signal=20%",SLC38A2/IQGAP2/SEC24D/PGM3/DNAJB9/ZBTB10/SPCS3/PMEPA1/LMAN1/APPBP2/MERTK/PIAS1/UAP1,54407/10788/9871/5238/4189/65986/60559/56937/3998/10513/10461/8554/6675,Exhausted B cells,HALLMARK,Monaco_fine
HALLMARK_PROTEIN_SECRETION,HALLMARK_PROTEIN_SECRETION,76,0.279040047086523,1.19999285586355,0.155844155844156,0.289137121580055,0.181317791808321,920,"tags=26%, list=18%, signal=22%",SEC24D/USO1/ARCN1/BET1/ARFGAP3/DST/CD63/ERGIC3/VPS4B/STX16/GBF1/IGF2R/NAPG/GLA/YIPF6/LMAN1/SEC22B/SEC31A/RAB2A/LAMP2,9871/8615/372/10282/26286/667/967/51614/9525/8675/8729/3482/8774/2717/286451/3998/9554/22872/5862/3920,Exhausted B cells,HALLMARK,Monaco_fine
HALLMARK_UV_RESPONSE_DN,HALLMARK_UV_RESPONSE_DN,61,-0.283767301390085,-1.1994721393346,0.173640167364017,0.289137121580055,0.181317791808321,760,"tags=26%, list=15%, signal=23%",ADD3/NIPBL/DYRK1A/CDK13/WDR37/SIPA1L1/MAPK14/SYNE1/PRKCE/PEX14/PRDM2/ABCC1/SFMBT1/ATP2B1/SCAF8/RUNX1,120/25836/1859/8621/22884/26037/1432/23345/5581/5195/7799/4363/51460/490/22828/861,Exhausted B cells,HALLMARK,Monaco_fine
HALLMARK_DNA_REPAIR,HALLMARK_DNA_REPAIR,82,-0.257516686904284,-1.15087833838406,0.177874186550976,0.289137121580055,0.181317791808321,1533,"tags=37%, list=30%, signal=26%",RALA/NT5C3A/TAF10/NUDT21/MPC2/UPF3B/TAF9/NT5C/POLR2G/AGO4/GTF2A2/GTF2H3/EIF1B/SUPT5H/DUT/SUPT4H1/PCNA/POLD4/SF3A3/TSG101/POLR3GL/DCTN4/SSRP1/POLR2A/USP11/REV3L/POLR2E/ALYREF/RPA3/RBX1,5898/51251/6881/11051/25874/65109/6880/30833/5436/192670/2958/2967/10289/6829/1854/6827/5111/57804/10946/7251/84265/51164/6749/5430/8237/5980/5434/10189/6119/9978,Exhausted B cells,HALLMARK,Monaco_fine
HALLMARK_MYC_TARGETS_V1,HALLMARK_MYC_TARGETS_V1,162,-0.225286469313731,-1.13312267177589,0.178403755868545,0.289137121580055,0.181317791808321,1508,"tags=34%, list=29%, signal=25%",PSMD14/PGK1/PSMA1/PPIA/SET/NAP1L1/EIF2S1/SNRPA1/PSMC6/TXNL4A/SF3B3/LDHA/TOMM70/PPM1G/HDGF/SNRPA/DUT/C1QBP/YWHAQ/VDAC1/XRCC6/PSMC4/SLC25A3/PCNA/TARDBP/PRDX3/SRSF3/HNRNPD/RAN/DEK/CCT3/EIF4E/PSMB2/SNRPG/CBX3/SMARCC1/UBA2/STARD7/PSMA7/BUB3/ERH/HNRNPA2B1/PCBP1/HNRNPA3/PSMA4/SNRPD1/RANBP1/PSMD1/G3BP1/UBE2L3/USP1/NCBP1/CCT5/HNRNPU/XPO1,10213/5230/5682/5478/6418/4673/1965/6627/5706/10907/23450/3939/9868/5496/3068/6626/1854/708/10971/7416/2547/5704/5250/5111/23435/10935/6428/3184/5901/7913/7203/1977/5690/6637/11335/6599/10054/56910/5688/9184/2079/3181/5093/220988/5685/6632/5902/5707/10146/7332/7398/4686/22948/3192/7514,Exhausted B cells,HALLMARK,Monaco_fine
HALLMARK_KRAS_SIGNALING_DN,HALLMARK_KRAS_SIGNALING_DN,15,0.411784786583652,1.22812627707004,0.211881188118812,0.318985533130916,0.200035720664404,1162,"tags=53%, list=23%, signal=41%",CPEB3/TENT5C/MFSD6/CAMK1D/VPS50/PRKN/NR4A2/BTG2,22849/54855/54842/57118/55610/5071/4929/7832,Exhausted B cells,HALLMARK,Monaco_fine
HALLMARK_NOTCH_SIGNALING,HALLMARK_NOTCH_SIGNALING,10,0.461936139560734,1.20886124610229,0.223968565815324,0.318985533130916,0.200035720664404,959,"tags=40%, list=19%, signal=33%",ST3GAL6/PSENEN/MAML2/NOTCH2,10402/55851/84441/4853,Exhausted B cells,HALLMARK,Monaco_fine
HALLMARK_COAGULATION,HALLMARK_COAGULATION,22,0.369837423856376,1.20656646378561,0.215568862275449,0.318985533130916,0.200035720664404,920,"tags=36%, list=18%, signal=30%",SIRT2/LGMN/CAPN2/CD9/ARF4/ISCU/TIMP1/LAMP2,22933/5641/824/928/378/23479/7076/3920,Exhausted B cells,HALLMARK,Monaco_fine
HALLMARK_MYOGENESIS,HALLMARK_MYOGENESIS,29,-0.32804774361037,-1.17114501823721,0.223340040241449,0.318985533130916,0.200035720664404,677,"tags=28%, list=13%, signal=24%",ITGB1/LARGE1/TPM3/MYH9/MEF2A/LSP1/MEF2C/RB1,3688/9215/7170/4627/4205/4046/4208/5925,Exhausted B cells,HALLMARK,Monaco_fine
HALLMARK_HEME_METABOLISM,HALLMARK_HEME_METABOLISM,81,0.247352676029461,1.08388779720776,0.294332723948812,0.406871706635122,0.255149110543862,1592,"tags=36%, list=31%, signal=25%",EPB41/MXI1/FOXO3/TENT5C/BNIP3L/YPEL5/CAST/ADIPOR1/MGST3/AQP3/HBB/ADD1/CCDC28A/TNRC6B/XPO7/ATG4A/LAMP2/OPTN/BTG2/HAGH/EIF2AK1/FBXO9/FBXO7/BSG/MARK3/ELL2/SEC14L1/PSMD9/CCND3,2035/4601/2309/54855/665/51646/831/51094/4259/360/3043/118/25901/23112/23039/115201/3920/10133/7832/3029/27102/26268/25793/682/4140/22936/6397/5715/896,Exhausted B cells,HALLMARK,Monaco_fine
HALLMARK_BILE_ACID_METABOLISM,HALLMARK_BILE_ACID_METABOLISM,23,0.339233465275524,1.12290490375381,0.306772908366534,0.41195219123506,0.258335080729713,1059,"tags=30%, list=21%, signal=24%",BMP6/ABCA5/ATXN1/HACL1/ALDH9A1/OPTN/NR3C2,654/23461/6310/26061/223/10133/4306,Exhausted B cells,HALLMARK,Monaco_fine
HALLMARK_TGF_BETA_SIGNALING,HALLMARK_TGF_BETA_SIGNALING,36,-0.285091813579882,-1.07307898746946,0.346774193548387,0.452732974910394,0.283908696472364,688,"tags=25%, list=13%, signal=22%",BMPR2/CTNNB1/RHOA/PPP1CA/HDAC1/SLC20A1/RAB31/NCOR2/BCAR3,659/1499/387/5499/3065/6574/11031/9612/8412,Exhausted B cells,HALLMARK,Monaco_fine
HALLMARK_COMPLEMENT,HALLMARK_COMPLEMENT,72,-0.236047880443365,-1.0312363637352,0.405639913232104,0.515272322213754,0.323127100156441,819,"tags=24%, list=16%, signal=20%",AKAP10/PLEK/IRF2/GNAI2/CR1/WAS/PIK3R5/CTSH/ERAP2/CR2/GRB2/LYN/PFN1/DOCK10/PIM1/PSMB9/CBLB,11216/5341/3660/2771/1378/7454/23533/1512/64167/1380/2885/4067/5216/55619/5292/5698/868,Exhausted B cells,HALLMARK,Monaco_fine
HALLMARK_APICAL_SURFACE,HALLMARK_APICAL_SURFACE,10,0.372178841388453,0.973971377085984,0.475442043222004,0.588046737669321,0.368763911640335,726,"tags=30%, list=14%, signal=26%",HSPB1/NCOA6/IL2RG,3315/23054/3561,Exhausted B cells,HALLMARK,Monaco_fine
HALLMARK_IL2_STAT5_SIGNALING,HALLMARK_IL2_STAT5_SIGNALING,73,-0.223417819423211,-0.982671996621605,0.508547008547009,0.597542735042735,0.374718848403059,754,"tags=22%, list=15%, signal=19%",TNFSF10/MAP3K8/IRF8/GSTO1/HOPX/RHOH/PHTF2/CD79B/NCOA3/POU2F1/SWAP70/PIM1/LTB/IL10RA/RABGAP1L/CD86,8743/1326/3394/9446/84525/399/57157/974/8202/5451/23075/5292/4050/3587/9910/942,Exhausted B cells,HALLMARK,Monaco_fine
HALLMARK_INFLAMMATORY_RESPONSE,HALLMARK_INFLAMMATORY_RESPONSE,51,0.245719694403199,0.973810133269285,0.50763358778626,0.597542735042735,0.374718848403059,1492,"tags=37%, list=29%, signal=27%",SLC7A1/IFNAR1/SELENOS/CDKN1A/EMP3/ATP2A2/CD48/TIMP1/MXD1/IRF1/IL15/GNAI3/BTG2/IL7R/SRI/NFKBIA/KLF6/CD55/SLAMF1,6541/3454/55829/1026/2014/488/962/7076/4084/3659/3600/2773/7832/3575/6717/4792/1316/1604/6504,Exhausted B cells,HALLMARK,Monaco_fine
HALLMARK_MYC_TARGETS_V2,HALLMARK_MYC_TARGETS_V2,18,0.29032241277671,0.903089821047869,0.583826429980276,0.669264444123731,0.419695508073113,1472,"tags=44%, list=29%, signal=32%",GNL3/HSPD1/DDX18/NOLC1/WDR74/RRP12/CDK4/SRM,26354/3329/8886/9221/54663/23223/1019/6723,Exhausted B cells,HALLMARK,Monaco_fine
HALLMARK_IL6_JAK_STAT3_SIGNALING,HALLMARK_IL6_JAK_STAT3_SIGNALING,33,-0.244215529769107,-0.902139143797999,0.615384615384615,0.688644688644689,0.431848852901484,1036,"tags=33%, list=20%, signal=27%",CBL/STAT1/IRF9/MAP3K8/PTPN2/PIK3R5/PTPN11/GRB2/CD38/PIM1/LTB,867/6772/10379/1326/5771/23533/5781/2885/952/5292/4050,Exhausted B cells,HALLMARK,Monaco_fine
HALLMARK_ADIPOGENESIS,HALLMARK_ADIPOGENESIS,83,0.208299639951975,0.914705625067543,0.637707948243993,0.691176470588235,0.43343653250774,1639,"tags=37%, list=32%, signal=26%",SLC1A5/TOB1/MGST3/DNAJB9/RREB1/UBC/UBQLN1/GPHN/RTN3/HIBCH/REEP5/SDHC/MAP4K3/CYC1/PDCD4/GPX4/PLIN2/GHITM/ACAA2/NDUFA5/SUCLG1/PPP1R15B/GADD45A/YWHAG/UQCR11/SOD1/PREB/NDUFAB1/PTCD3/NMT1/UQCRQ,6510/10140/4259/4189/6239/7316/29979/10243/10313/26275/7905/6391/8491/1537/27250/2879/123/27069/10449/4698/8802/84919/1647/7532/10975/6647/10113/4706/55037/4836/27089,Exhausted B cells,HALLMARK,Monaco_fine
HALLMARK_WNT_BETA_CATENIN_SIGNALING,HALLMARK_WNT_BETA_CATENIN_SIGNALING,10,-0.32281856626896,-0.846470198540006,0.647058823529412,0.691176470588235,0.43343653250774,299,"tags=30%, list=6%, signal=28%",CTNNB1/NCOR2/ADAM17,1499/9612/6868,Exhausted B cells,HALLMARK,Monaco_fine
HALLMARK_REACTIVE_OXYGEN_SPECIES_PATHWAY,HALLMARK_REACTIVE_OXYGEN_SPECIES_PATHWAY,26,0.236623767758127,0.808663190943731,0.768774703557312,0.80294246815986,0.503524952037538,745,"tags=23%, list=14%, signal=20%",FTL/SELENOS/TXN/SOD2/ATOX1/PRDX4,2512/55829/7295/6648/475/10549,Exhausted B cells,HALLMARK,Monaco_fine
HALLMARK_PEROXISOME,HALLMARK_PEROXISOME,42,0.197991038464544,0.751992145140562,0.865384615384615,0.884197324414716,0.554479845097694,1130,"tags=21%, list=22%, signal=17%",ATXN1/SLC25A4/VPS4B/CLN6/SOD2/PEX2/CNBP/ALDH9A1/TSPO,6310/291/9525/54982/6648/5828/7555/223/706,Exhausted B cells,HALLMARK,Monaco_fine
HALLMARK_OXIDATIVE_PHOSPHORYLATION,HALLMARK_OXIDATIVE_PHOSPHORYLATION,147,-0.151270412658408,-0.75243226018799,0.945823927765237,0.945823927765237,0.59312586735558,1408,"tags=27%, list=27%, signal=20%",ATP5PD/SLC25A5/ECHS1/ETFB/NDUFB3/NDUFV2/LDHA/TOMM70/COX11/NDUFA6/VDAC1/ATP6V1E1/HSD17B10/NDUFA2/NDUFS7/PDHX/NDUFC1/SLC25A3/VDAC2/ACADM/COX8A/PRDX3/BAX/UQCRFS1/ABCB7/IDH2/ATP5MF/UQCR10/NDUFB8/ATP5MC1/CYB5R3/ATP5F1C/ATP6V1D/NNT/HADHA/NDUFB2/UQCRC2/TIMM8B/LDHB,10476/292/1892/2109/4709/4729/3939/9868/1353/4700/7416/529/3028/4695/374291/8050/4717/5250/7417/34/1351/10935/581/7386/22/3418/9551/29796/4714/516/1727/509/51382/23530/3030/4708/7385/26521/3945,Exhausted B cells,HALLMARK,Monaco_fine
HALLMARK_ALLOGRAFT_REJECTION,HALLMARK_ALLOGRAFT_REJECTION,63,-0.577097680599216,-2.32004903870826,2.29937143100029e-08,9.65736001020123e-07,8.47136843000108e-07,556,"tags=56%, list=24%, signal=44%",ITGB2/RPS9/LCP2/NPM1/CSK/EIF4G3/CXCL13/LTB/RPS19/RPS3A/ST8SIA4/HLA-E/CD4/ETS1/RPL9/CCND2/UBE2N/HIF1A/SOCS1/NCK1/CD74/CD2/IL2RG/CD28/CD3G/SRGN/FYB1/ITGAL/PTPRC/CD3D/B2M/ABI1/ZAP70/HLA-A/HCLS1,3689/6203/3937/4869/1445/8672/10563/4050/6223/6189/7903/3133/920/2113/6133/894/7334/3091/8651/4690/972/914/3561/940/917/5552/2533/3683/5788/915/567/10006/7535/3105/3059,Follicular helper T cells,HALLMARK,Monaco_fine
HALLMARK_APICAL_JUNCTION,HALLMARK_APICAL_JUNCTION,29,-0.627846256850883,-2.17025241568908,4.00530352568903e-05,0.000841113740394697,0.000737819070521664,137,"tags=38%, list=6%, signal=36%",CAP1/RAC2/MYL12B/ACTG1/FYB1/EVL/PTPRC/ARPC2/PFN1/ACTB/LIMA1,10487/5880/103910/71/2533/51466/5788/10109/5216/60/51474,Follicular helper T cells,HALLMARK,Monaco_fine
HALLMARK_PI3K_AKT_MTOR_SIGNALING,HALLMARK_PI3K_AKT_MTOR_SIGNALING,38,-0.552703290929654,-2.01928373031097,0.000111571209650795,0.00156199693511113,0.00137017275009748,397,"tags=45%, list=17%, signal=38%",CSNK2B/ARF1/YWHAB/GRB2/PIKFYVE/CDKN1B/UBE2N/CFL1/ITPR2/NCK1/IL2RG/CXCR4/ACTR3/SLA/CALR/ARPC3/PFN1,1460/375/7529/2885/200576/1027/7334/1072/3709/4690/3561/7852/10096/6503/811/10094/5216,Follicular helper T cells,HALLMARK,Monaco_fine
HALLMARK_OXIDATIVE_PHOSPHORYLATION,HALLMARK_OXIDATIVE_PHOSPHORYLATION,48,-0.470700607728614,-1.83216008248658,0.000758785251990658,0.00796724514590191,0.0069888115314929,578,"tags=56%, list=24%, signal=43%",ATP5MC3/LDHA/UQCRC2/HADHA/ATP5F1D/COX6C/GLUD1/CYCS/DECR1/ATP5F1B/ATP5F1C/UQCRB/SLC25A5/COX5B/COX7C/NDUFB8/LDHB/ATP6V0E1/SLC25A6/NDUFA1/NDUFB4/COX4I1/ATP5F1E/COX7A2/ATP5MG/NDUFV2/ISCU,518/3939/7385/3030/513/1345/2746/54205/1666/506/509/7381/292/1329/1350/4714/3945/8992/293/4694/4710/1327/514/1347/10632/4729/23479,Follicular helper T cells,HALLMARK,Monaco_fine
HALLMARK_UV_RESPONSE_DN,HALLMARK_UV_RESPONSE_DN,44,0.44544926490857,1.68273953372315,0.0056423802297314,0.0473959939297437,0.041575433271705,580,"tags=45%, list=25%, signal=35%",AKT3/SCAF8/NR1D2/YTHDC1/RUNX1/SPOP/CDK13/LDLR/SMAD3/PRDM2/ATP2B1/INPP4B/NEK7/SYNE1/DYRK1A/ICA1/DLG1/NIPBL/DUSP1/NFKB1,10000/22828/9975/91746/861/8405/8621/3949/4088/7799/490/8821/140609/23345/1859/3382/1739/25836/1843/4790,Follicular helper T cells,HALLMARK,Monaco_fine
HALLMARK_INTERFERON_GAMMA_RESPONSE,HALLMARK_INTERFERON_GAMMA_RESPONSE,60,-0.371238442102453,-1.50212475139043,0.0174398717363962,0.122079102154773,0.107086931714713,528,"tags=35%, list=22%, signal=28%",RNF213/LCP2/TNFAIP3/PTPN2/SAMHD1/ARID5B/NCOA3/ST8SIA4/BTG1/TXNIP/PSME2/HIF1A/PSME1/ADAR/SOCS1/HLA-B/CD74/CASP8/SPPL2A/B2M/HLA-A,57674/3937/7128/5771/25939/84159/8202/7903/694/10628/5721/3091/5720/103/8651/3106/972/841/84888/567/3105,Follicular helper T cells,HALLMARK,Monaco_fine
HALLMARK_FATTY_ACID_METABOLISM,HALLMARK_FATTY_ACID_METABOLISM,20,0.505790104599836,1.570533173124,0.0379663723119275,0.227798233871565,0.199823012168039,259,"tags=25%, list=11%, signal=22%",S100A10/SUCLG2/AUH/HIBCH/ADIPOR2,6281/8801/549/26275/79602,Follicular helper T cells,HALLMARK,Monaco_fine
HALLMARK_MITOTIC_SPINDLE,HALLMARK_MITOTIC_SPINDLE,63,0.330611076192818,1.33000046535696,0.0568627450980392,0.298529411764706,0.26186790505676,566,"tags=37%, list=24%, signal=29%",PCGF5/RFC1/ARFGEF1/RABGAP1/RANBP9/EPB41/CNTRL/RALBP1/RAPGEF6/YWHAE/ARHGAP5/DYNC1H1/CD2AP/RAB3GAP1/KLC1/LRPPRC/NIN/SMC4/ARHGEF3/CDK5RAP2/DLG1/HOOK3/UXT,84333/5981/10565/23637/10048/2035/11064/10928/51735/7531/394/1778/23607/22930/3831/10128/51199/10051/50650/55755/1739/84376/8409,Follicular helper T cells,HALLMARK,Monaco_fine
HALLMARK_INTERFERON_ALPHA_RESPONSE,HALLMARK_INTERFERON_ALPHA_RESPONSE,28,-0.41081096779353,-1.40569161270208,0.073558648111332,0.343273691186216,0.301117272970365,323,"tags=29%, list=14%, signal=25%",TXNIP/PSME2/PSME1/ADAR/CD74/HLA-C/CASP8/B2M,10628/5721/5720/103/972/3107/841/567,Follicular helper T cells,HALLMARK,Monaco_fine
HALLMARK_REACTIVE_OXYGEN_SPECIES_PATHWAY,HALLMARK_REACTIVE_OXYGEN_SPECIES_PATHWAY,12,-0.533869945723784,-1.42776359822997,0.082815734989648,0.347826086956522,0.30511060259344,184,"tags=50%, list=8%, signal=46%",GPX4/PRDX1/LSP1/NDUFB4/JUNB/SOD1,2879/5052/4046/4710/3726/6647,Follicular helper T cells,HALLMARK,Monaco_fine
HALLMARK_ADIPOGENESIS,HALLMARK_ADIPOGENESIS,29,-0.376304966199944,-1.3007591476733,0.124248496993988,0.474403352158863,0.416143291367424,357,"tags=31%, list=15%, signal=27%",GHITM/TANK/UCP2/NABP1/PLIN2/CMPK1/SOD1/ATP1B3/SCP2,27069/10010/7351/64859/123/51727/6647/483/6342,Follicular helper T cells,HALLMARK,Monaco_fine
HALLMARK_DNA_REPAIR,HALLMARK_DNA_REPAIR,24,-0.36764617733583,-1.2050302235647,0.214990138067061,0.627599243856333,0.550525652505555,741,"tags=46%, list=31%, signal=32%",ARL6IP1/POLR1D/BCAP31/DAD1/EDF1/TAF10/SUPT5H/APRT/GTF2B/VPS37B/HCLS1,23204/51082/10134/1603/8721/6881/6829/353/2959/79720/3059,Follicular helper T cells,HALLMARK,Monaco_fine
HALLMARK_HYPOXIA,HALLMARK_HYPOXIA,46,-0.307809311023418,-1.17501617958927,0.187747035573123,0.627599243856333,0.550525652505555,562,"tags=37%, list=24%, signal=29%",RORA/ENO1/PNRC1/HK1/TNFAIP3/ZNF292/BTG1/HDLBP/ETS1/CDKN1B/EXT1/PLIN2/GAPDH/UGP2/CXCR4/NR3C1/TIPARP,6095/2023/10957/3098/7128/23036/694/3069/2113/1027/2131/123/2597/7360/7852/2908/25976,Follicular helper T cells,HALLMARK,Monaco_fine
HALLMARK_ESTROGEN_RESPONSE_LATE,HALLMARK_ESTROGEN_RESPONSE_LATE,28,-0.340378834955332,-1.1646906021226,0.242544731610338,0.627599243856333,0.550525652505555,331,"tags=25%, list=14%, signal=22%",DNAJC1/DUSP2/AREG/BATF/FKBP5/IL6ST/ID2,64215/1844/374/10538/2289/3572/3398,Follicular helper T cells,HALLMARK,Monaco_fine
HALLMARK_PEROXISOME,HALLMARK_PEROXISOME,13,-0.41551401334811,-1.1413332949339,0.268145161290323,0.627599243856333,0.550525652505555,83,"tags=46%, list=4%, signal=45%",PRDX1/VPS4B/CNBP/PABPC1/SOD1/SCP2,5052/9525/7555/26986/6647/6342,Follicular helper T cells,HALLMARK,Monaco_fine
HALLMARK_MYC_TARGETS_V1,HALLMARK_MYC_TARGETS_V1,94,-0.260919682965336,-1.13768698551081,0.224409448818898,0.627599243856333,0.550525652505555,664,"tags=36%, list=28%, signal=27%",PPIA/HNRNPU/RAN/RPS5/PCBP1/RPS6/CNBP/PPM1G/PSMA1/PSMB3/RPS2/NPM1/RACK1/SNRPD2/GSPT1/EIF4A1/ODC1/RPS10/SYNCRIP/FBL/RNPS1/RPS3/PABPC1/HNRNPA3/RPL18/RPL6/HNRNPD/RPLP0/PSMA7/CCT3/DEK/HNRNPA1/UBE2L3/PSMA6,5478/3192/5901/6193/5093/6194/7555/5496/5682/5691/6187/4869/10399/6633/2935/1973/4953/6204/10492/2091/10921/6188/26986/220988/6141/6128/3184/6175/5688/7203/7913/3178/7332/5687,Follicular helper T cells,HALLMARK,Monaco_fine
HALLMARK_IL2_STAT5_SIGNALING,HALLMARK_IL2_STAT5_SIGNALING,41,-0.299652259493373,-1.12354811741716,0.238747553816047,0.627599243856333,0.550525652505555,601,"tags=41%, list=25%, signal=31%",HIPK2/RORA/GALM/RABGAP1L/HUWE1/ODC1/LTB/NCOA3/RHOH/CCND2/CD48/PLIN2/SOCS1/NFKBIZ/BATF/CTLA4/PHTF2,28996/6095/130589/9910/10075/4953/4050/8202/399/894/962/123/8651/64332/10538/1493/57157,Follicular helper T cells,HALLMARK,Monaco_fine
HALLMARK_APOPTOSIS,HALLMARK_APOPTOSIS,46,0.293938680844335,1.12288787050006,0.278225806451613,0.627599243856333,0.550525652505555,305,"tags=22%, list=13%, signal=19%",SC5D/IGF2R/CREBBP/LEF1/DPYD/JUN/BIRC3/IRF1/CD44/GADD45B,6309/3482/1387/51176/1806/3725/330/3659/960/4616,Follicular helper T cells,HALLMARK,Monaco_fine
HALLMARK_UNFOLDED_PROTEIN_RESPONSE,HALLMARK_UNFOLDED_PROTEIN_RESPONSE,33,-0.31383196692773,-1.11569535276326,0.295546558704453,0.627599243856333,0.550525652505555,663,"tags=48%, list=28%, signal=35%",MTHFD2/RPS14/SSR1/DNAJC3/NPM1/HSP90B1/EIF4A1/KIF5B/SERP1/NABP1/SRPRA/SPCS1/EEF2/CALR/TSPYL2/PDIA6,10797/6208/6745/5611/4869/7184/1973/3799/27230/64859/6734/28972/1938/811/64061/10130,Follicular helper T cells,HALLMARK,Monaco_fine
HALLMARK_ESTROGEN_RESPONSE_EARLY,HALLMARK_ESTROGEN_RESPONSE_EARLY,24,-0.338769213297063,-1.11038048537438,0.303747534516765,0.627599243856333,0.550525652505555,195,"tags=21%, list=8%, signal=19%",AREG/FKBP5/IL6ST/ABLIM1/TIPARP,374/2289/3572/3983/25976,Follicular helper T cells,HALLMARK,Monaco_fine
HALLMARK_XENOBIOTIC_METABOLISM,HALLMARK_XENOBIOTIC_METABOLISM,12,-0.410022031115871,-1.0965489538953,0.343685300207039,0.627599243856333,0.550525652505555,458,"tags=42%, list=19%, signal=34%",TMBIM6/ATP2A2/NPC1/MAN1A1/ID2,7009/488/4864/4121/3398,Follicular helper T cells,HALLMARK,Monaco_fine
HALLMARK_EPITHELIAL_MESENCHYMAL_TRANSITION,HALLMARK_EPITHELIAL_MESENCHYMAL_TRANSITION,17,-0.36778123839049,-1.09220957493251,0.34349593495935,0.627599243856333,0.550525652505555,195,"tags=41%, list=8%, signal=38%",TNFAIP3/IL32/AREG/TPM4/PPIB/ID2/WIPF1,7128/9235/374/7171/5479/3398/7456,Follicular helper T cells,HALLMARK,Monaco_fine
HALLMARK_KRAS_SIGNALING_UP,HALLMARK_KRAS_SIGNALING_UP,32,-0.310409679809664,-1.09155006384903,0.323770491803279,0.627599243856333,0.550525652505555,598,"tags=41%, list=25%, signal=31%",LCP1/ITGB2/RABGAP1L/TNFAIP3/USP12/PRDM1/ETS1/CCND2/LAPTM5/IL2RG/CXCR4/GYPC/ID2,3936/3689/9910/7128/219333/639/2113/894/7805/3561/7852/2995/3398,Follicular helper T cells,HALLMARK,Monaco_fine
HALLMARK_GLYCOLYSIS,HALLMARK_GLYCOLYSIS,26,-0.313919262978376,-1.05950428511151,0.379576107899807,0.664258188824663,0.58268262177602,401,"tags=31%, list=17%, signal=26%",ZNF292/HDLBP/ME2/HAX1/EXT1/UGP2/CXCR4/SOD1,23036/3069/4200/10456/2131/7360/7852/6647,Follicular helper T cells,HALLMARK,Monaco_fine
HALLMARK_BILE_ACID_METABOLISM,HALLMARK_BILE_ACID_METABOLISM,11,-0.37850463292458,-0.996670601434201,0.471544715447155,0.733514001806685,0.643433334918145,83,"tags=36%, list=4%, signal=35%",LCK/NPC1/SOD1/SCP2,3932/4864/6647/6342,Follicular helper T cells,HALLMARK,Monaco_fine
HALLMARK_TGF_BETA_SIGNALING,HALLMARK_TGF_BETA_SIGNALING,16,0.340959346352824,0.994646537992966,0.441117764471058,0.733514001806685,0.643433334918145,220,"tags=25%, list=9%, signal=23%",SMURF2/ARID4B/SMAD3/PPP1R15A,64750/51742/4088/23645,Follicular helper T cells,HALLMARK,Monaco_fine
HALLMARK_IL6_JAK_STAT3_SIGNALING,HALLMARK_IL6_JAK_STAT3_SIGNALING,22,0.309953857186328,0.991671122682852,0.457831325301205,0.733514001806685,0.643433334918145,342,"tags=32%, list=14%, signal=27%",PIK3R5/PTPN1/JUN/IRF1/ITGA4/CD44/IRF9,23533/5770/3725/3659/3676/960/10379,Follicular helper T cells,HALLMARK,Monaco_fine
HALLMARK_PROTEIN_SECRETION,HALLMARK_PROTEIN_SECRETION,33,0.275922572615769,0.97964278871773,0.507874015748032,0.761811023622047,0.668255283878989,211,"tags=18%, list=9%, signal=17%",ARFGEF1/IGF2R/SEC31A/ATP1A1/AP2B1/RAB14,10565/3482/22872/476/163/51552,Follicular helper T cells,HALLMARK,Monaco_fine
HALLMARK_P53_PATHWAY,HALLMARK_P53_PATHWAY,45,-0.250565783707409,-0.956553280417998,0.530571992110454,0.768414609263416,0.674047902862645,408,"tags=29%, list=17%, signal=24%",RPS12/RPL18/FBXW7/BTG1/TXNIP/DEF6/LDHB/CCND2/RPS27L/SOCS1/HINT1/TSPYL2/ISCU,6206/6141/55294/694/10628/50619/3945/894/51065/8651/3094/64061/23479,Follicular helper T cells,HALLMARK,Monaco_fine
HALLMARK_TNFA_SIGNALING_VIA_NFKB,HALLMARK_TNFA_SIGNALING_VIA_NFKB,61,0.238978420033893,0.949801752162797,0.565922920892495,0.774849397590361,0.679692454026633,385,"tags=25%, list=16%, signal=21%",NR4A1/KLF2/JUN/SGK1/CCNL1/BIRC3/LDLR/SMAD3/PPP1R15A/IRF1/KLF9/CD44/GADD45B/ATP2B1/TNFAIP8,3164/10365/3725/6446/57018/330/3949/4088/23645/3659/687/960/4616/490/25816,Follicular helper T cells,HALLMARK,Monaco_fine
HALLMARK_ANDROGEN_RESPONSE,HALLMARK_ANDROGEN_RESPONSE,37,-0.25504195389782,-0.929490524730802,0.590361445783133,0.774849397590361,0.679692454026633,272,"tags=19%, list=12%, signal=17%",CDK6/ZBTB10/MAF/LMAN1/FKBP5/STK39/B2M,1021/65986/4094/3998/2289/27347/567,Follicular helper T cells,HALLMARK,Monaco_fine
HALLMARK_COMPLEMENT,HALLMARK_COMPLEMENT,43,0.247932135632376,0.927841972432719,0.57319587628866,0.774849397590361,0.679692454026633,626,"tags=40%, list=26%, signal=30%",HSPA1A/PIK3R5/DOCK9/PIK3CA/DOCK10/ZEB1/IRF1/HSPA5/KIF2A/CBLB/DGKH/DUSP6/USP16/GNAI3/CD46/GNG2/IRF2,3303/23533/23348/5290/55619/6935/3659/3309/3796/868/160851/1848/10600/2773/4179/54331/3660,Follicular helper T cells,HALLMARK,Monaco_fine
HALLMARK_INFLAMMATORY_RESPONSE,HALLMARK_INFLAMMATORY_RESPONSE,34,-0.23960733083011,-0.857647578273409,0.717842323651452,0.840041897351489,0.736878857325868,293,"tags=56%, list=12%, signal=50%",AHR/RASGRP1/TAPBP/CD55/BTG2/IFITM1/BST2/GPR183/CD82/LCK/SEMA4D/LCP2/ATP2A2/RGS1/CD48/HIF1A/PTGER4/ABI1/SLAMF1,196/10125/6892/1604/7832/8519/684/1880/3732/3932/10507/3937/488/5996/962/3091/5734/10006/6504,Follicular helper T cells,HALLMARK,Monaco_fine
HALLMARK_MTORC1_SIGNALING,HALLMARK_MTORC1_SIGNALING,61,-0.207893483442091,-0.836890097829566,0.791748526522593,0.840041897351489,0.736878857325868,144,"tags=13%, list=6%, signal=13%",GAPDH/CXCR4/ACTR3/SLA/UFM1/CALR/CTSC/NIBAN1,2597/7852/10096/6503/51569/811/1075/116496,Follicular helper T cells,HALLMARK,Monaco_fine
HALLMARK_SPERMATOGENESIS,HALLMARK_SPERMATOGENESIS,11,0.319207807802133,0.836255705269929,0.67843137254902,0.840041897351489,0.736878857325868,540,"tags=27%, list=23%, signal=21%",SIRT1/CAMK4/MAP7,23411/814/9053,Follicular helper T cells,HALLMARK,Monaco_fine
HALLMARK_G2M_CHECKPOINT,HALLMARK_G2M_CHECKPOINT,53,0.214187290749674,0.83603884865173,0.772357723577236,0.840041897351489,0.736878857325868,472,"tags=23%, list=20%, signal=19%",PDS5B/MTF2/YTHDC1/XPO1/SMAD3/SLC38A1/PRIM2/NUP98/FOXN3/SRSF2/STAG1/SMC4,23047/22823/91746/7514/4088/81539/5558/4928/1112/6427/10274/10051,Follicular helper T cells,HALLMARK,Monaco_fine
HALLMARK_CHOLESTEROL_HOMEOSTASIS,HALLMARK_CHOLESTEROL_HOMEOSTASIS,16,0.281840871353952,0.822186134375805,0.706586826347305,0.840041897351489,0.736878857325868,344,"tags=19%, list=15%, signal=16%",SC5D/LDLR/CYP51A1,6309/3949/1595,Follicular helper T cells,HALLMARK,Monaco_fine
HALLMARK_KRAS_SIGNALING_DN,HALLMARK_KRAS_SIGNALING_DN,15,0.279075599703266,0.807339728021315,0.73767258382643,0.840041897351489,0.736878857325868,120,"tags=13%, list=5%, signal=13%",CDKAL1/SGK1,54901/6446,Follicular helper T cells,HALLMARK,Monaco_fine
HALLMARK_E2F_TARGETS,HALLMARK_E2F_TARGETS,44,0.211920007566501,0.800553963855465,0.820040899795501,0.840041897351489,0.736878857325868,472,"tags=23%, list=20%, signal=19%",RFC1/PDS5B/XPO1/PSIP1/PRIM2/NUP153/SRSF2/TUBB/STAG1/SMC4,5981/23047/7514/11168/5558/9972/6427/203068/10274/10051,Follicular helper T cells,HALLMARK,Monaco_fine
HALLMARK_HEME_METABOLISM,HALLMARK_HEME_METABOLISM,34,-0.219183895365736,-0.784544180704728,0.815352697095436,0.840041897351489,0.736878857325868,309,"tags=21%, list=13%, signal=18%",UCP2/CTSB/YPEL5/TENT5C/KAT2B/GYPC/NR3C1,7351/1508/51646/54855/8850/2995/2908,Follicular helper T cells,HALLMARK,Monaco_fine
HALLMARK_MYOGENESIS,HALLMARK_MYOGENESIS,13,0.276263928794117,0.764279895131863,0.770750988142293,0.840041897351489,0.736878857325868,552,"tags=38%, list=23%, signal=30%",MEF2A/ITGB1/GADD45B/PDE4DIP/RB1,4205/3688/4616/9659/5925,Follicular helper T cells,HALLMARK,Monaco_fine
HALLMARK_UV_RESPONSE_UP,HALLMARK_UV_RESPONSE_UP,33,-0.212326801135962,-0.754837142989434,0.866396761133603,0.866396761133603,0.759997158889126,173,"tags=33%, list=7%, signal=31%",TFRC/TMBIM6/HNRNPU/DNAJA1/AMD1/RAB27A/BTG1/JUNB/IL6ST/NUP58/HLA-F,7037/7009/3192/3301/262/5873/694/3726/3572/9818/3134,Follicular helper T cells,HALLMARK,Monaco_fine
HALLMARK_OXIDATIVE_PHOSPHORYLATION,HALLMARK_OXIDATIVE_PHOSPHORYLATION,110,-0.619525751166346,-3.18030161887805,1e-10,4.4e-09,2.94736842105263e-09,615,"tags=55%, list=19%, signal=46%",ATP5PB/PRDX3/ATP5MC2/ATP6V1G1/UQCR10/UQCRB/SLC25A5/ATP5ME/ATP5MC3/COX7A2L/ATP6AP1/UQCRFS1/SDHC/ATP5F1E/COX5B/SUCLG1/NDUFA1/NDUFB1/NDUFA6/NDUFV2/ATP5F1D/IDH2/SDHD/COX5A/COX7B/ATP5MC1/VDAC2/ECH1/ATP6V0C/ATP5F1C/NDUFC2/ATP5MF/COX4I1/ETFB/MGST3/ACAA2/NDUFAB1/ATP6V0B/ATP6V0E1/ATP5PD/CYCS/NDUFB5/UQCRH/MDH2/LDHA/COX7A2/UQCR11/COX8A/ATP5F1B/ATP6V1F/NDUFA2/ATP6V1E1/NDUFB2/NDUFB3/COX6A1/ACAT1/ECHS1/VDAC3/COX6C/VDAC1,515/10935/517/9550/29796/7381/292/521/518/9167/537/7386/6391/514/1329/8802/4694/4707/4700/4729/513/3418/6392/9377/1349/516/7417/1891/527/509/4718/9551/1327/2109/4259/10449/4706/533/8992/10476/54205/4711/7388/4191/3939/1347/10975/1351/506/9296/4695/529/4708/4709/1337/38/1892/7419/1345/7416,Intermediate monocytes,HALLMARK,Monaco_fine
HALLMARK_MYC_TARGETS_V1,HALLMARK_MYC_TARGETS_V1,122,-0.464082174134407,-2.44360397147016,2.13237095620886e-10,4.69121610365948e-09,3.14244140914989e-09,1038,"tags=64%, list=33%, signal=45%",PSMC4/RPS2/SNRPD2/PTGES3/CCT3/GLO1/RACK1/PSMC6/DUT/RPS6/C1QBP/RPS5/RNPS1/SRSF3/EIF3J/HNRNPA1/LSM7/HNRNPD/KPNB1/RPLP0/RPL14/RPS3/PCBP1/SERBP1/STARD7/SNRPD1/RPL22/SLC25A3/SNRPB2/EEF1B2/SET/IFRD1/RPL18/EIF4G2/PSMB3/CBX3/NPM1/PRDX3/PPIA/CCT4/EIF3D/SRSF1/PSMA7/PSMA4/RANBP1/PSMD1/UBE2L3/RPS10/SSB/EIF1AX/RAD23B/YWHAE/DDX18/PPM1G/HNRNPA3/HDAC2/CANX/CLNS1A/EIF4H/COX5A/SYNCRIP/PSMD7/EIF2S2/GSPT1/NDUFAB1/XRCC6/PGK1/PA2G4/LDHA/DEK/SNRPG/CCT5/PSMB2/HDGF/PSMA2/VDAC3/VDAC1/RAN,5704/6187/6633/10728/7203/2739/10399/5706/1854/6194/708/6193/10921/6428/8669/3178/51690/3184/3837/6175/9045/6188/5093/26135/56910/6632/6146/5250/6629/1933/6418/3475/6141/1982/5691/11335/4869/10935/5478/10575/8664/6426/5688/5685/5902/5707/7332/6204/6741/1964/5887/7531/8886/5496/220988/3066/821/1207/7458/9377/10492/5713/8894/2935/4706/2547/5230/5036/3939/7913/6637/22948/5690/3068/5683/7419/7416/5901,Intermediate monocytes,HALLMARK,Monaco_fine
HALLMARK_INTERFERON_GAMMA_RESPONSE,HALLMARK_INTERFERON_GAMMA_RESPONSE,97,-0.44118707194486,-2.18902527159526,1.93397184973754e-07,2.83649204628172e-06,1.90004251904039e-06,470,"tags=33%, list=15%, signal=29%",IRF8/APOL6/ITGB7/ARID5B/IRF1/PSMB8/LAP3/HLA-A/SERPING1/PSME1/UBE2L6/PSMA3/CD38/LGALS3BP/B2M/VAMP8/CXCL9/NMI/SECTM1/IFI30/PSMB9/PSMB10/SRI/IFITM3/PSMB2/GBP4/TAPBP/STAT1/HLA-B/PSME2/PSMA2/LY6E,3394/80830/3695/84159/3659/5696/51056/3105/710/5720/9246/5684/952/3959/567/8673/4283/9111/6398/10437/5698/5699/6717/10410/5690/115361/6892/6772/3106/5721/5683/4061,Intermediate monocytes,HALLMARK,Monaco_fine
HALLMARK_INTERFERON_ALPHA_RESPONSE,HALLMARK_INTERFERON_ALPHA_RESPONSE,39,-0.526190520613422,-2.17028714350498,2.48943441839237e-05,0.00027383778602316,0.00018343200977628,527,"tags=46%, list=17%, signal=39%",EPSTI1/NUB1/IRF1/PSMB8/LAP3/PSME1/UBE2L6/PSMA3/LGALS3BP/B2M/NMI/IFI30/PSMB9/IFITM3/HLA-C/GBP4/PSME2/LY6E,94240/51667/3659/5696/51056/5720/9246/5684/3959/567/9111/10437/5698/10410/3107/115361/5721/4061,Intermediate monocytes,HALLMARK,Monaco_fine
HALLMARK_KRAS_SIGNALING_DN,HALLMARK_KRAS_SIGNALING_DN,11,0.749460619645211,1.95564472219048,0.000414332030162239,0.00364612186542771,0.00244237828306162,338,"tags=64%, list=11%, signal=57%",NR4A2/CPEB3/ZBTB16/CAMK1D/PRKN/SKIL/BTG2,4929/22849/7704/57118/5071/6498/7832,Intermediate monocytes,HALLMARK,Monaco_fine
HALLMARK_TNFA_SIGNALING_VIA_NFKB,HALLMARK_TNFA_SIGNALING_VIA_NFKB,96,0.395812109065515,1.73481768301476,0.000561275795044895,0.0041160224969959,0.00275714425636089,1321,"tags=64%, list=41%, signal=38%",PER1/NR4A2/ATP2B1/FOSB/ATF3/CD83/NR4A1/PPP1R15A/REL/DUSP1/KLF6/CCNL1/FOS/EGR1/IL6ST/MCL1/BTG2/IER3/KLF4/SAT1/IL18/ETS2/HBEGF/NFE2L2/DUSP2/NFAT5/NAMPT/BCL2A1/IL1B/RIPK2/GADD45B/TNFAIP8/TIPARP/PNRC1/JUN/NFKB1/TANK/CCL4/ABCA1/PFKFB3/NFKBIA/JUNB/PTPRE/BTG1/GCH1/TLR2/TNF/IER2/ZFP36/RHOB/SQSTM1/TNFAIP2/KYNU/GPR183/KLF2/ICAM1/MXD1/CEBPB/EGR3/HES1/NR4A3,5187/4929/490/2354/467/9308/3164/23645/5966/1843/1316/57018/2353/1958/3572/4170/7832/8870/9314/6303/3606/2114/1839/4780/1844/10725/10135/597/3553/8767/4616/25816/25976/10957/3725/4790/10010/6351/19/5209/4792/3726/5791/694/2643/7097/7124/9592/7538/388/8878/7127/8942/1880/10365/3383/4084/1051/1960/3280/8013,Intermediate monocytes,HALLMARK,Monaco_fine
HALLMARK_ADIPOGENESIS,HALLMARK_ADIPOGENESIS,75,-0.369248868990175,-1.75018948323328,0.00110979152618873,0.00697583245032915,0.0046728064260578,728,"tags=40%, list=23%, signal=32%",SLC66A3/GPX4/TKT/DNAJC15/GHITM/ALDH2/PRDX3/REEP5/UQCR10/UCP2/SDHC/TALDO1/SUCLG1/STOM/SCP2/COX7B/ECH1/ETFB/MGST3/ACAA2/NDUFAB1/ENPP2/SQOR/MDH2/UQCR11/COX8A/CHCHD10/DDT/COX6A1/ECHS1,130814/2879/7086/29103/27069/217/10935/7905/29796/7351/6391/6888/8802/2040/6342/1349/1891/2109/4259/10449/4706/5168/58472/4191/10975/1351/400916/1652/1337/1892,Intermediate monocytes,HALLMARK,Monaco_fine
HALLMARK_FATTY_ACID_METABOLISM,HALLMARK_FATTY_ACID_METABOLISM,56,-0.395062600043451,-1.77761948641696,0.00222568019571835,0.0122412410764509,0.00819987440527812,536,"tags=38%, list=17%, signal=32%",MIF/PRDX6/BLVRA/SDHC/HSD17B11/SUCLG1/YWHAH/CBR1/PSME1/UBE2L6/ERP29/SDHD/ECH1/ALDH1A1/S100A10/ACAA2/MDH2/LDHA/CD1D/LGALS1/ECHS1,4282/9588/644/6391/51170/8802/7533/873/5720/9246/10961/6392/1891/216/6281/10449/4191/3939/912/3956/1892,Intermediate monocytes,HALLMARK,Monaco_fine
HALLMARK_DNA_REPAIR,HALLMARK_DNA_REPAIR,35,-0.448795187734349,-1.81584760657733,0.00268170713997856,0.0131105682398952,0.00878219882098241,716,"tags=49%, list=22%, signal=38%",RBX1/GPX4/COX17/BCAP31/ALYREF/POLD4/EDF1/DAD1/ARL6IP1/POLR2J/VPS28/APRT/SUPT4H1/GUK1/EIF1B/TMED2/POLR2E,9978/2879/10063/10134/10189/57804/8721/1603/23204/5439/51160/353/6827/2987/10289/10959/5434,Intermediate monocytes,HALLMARK,Monaco_fine
HALLMARK_GLYCOLYSIS,HALLMARK_GLYCOLYSIS,52,-0.37547195992224,-1.6712606562806,0.00386841691382727,0.01702103442084,0.0114016498512804,741,"tags=44%, list=23%, signal=35%",STMN1/COPB2/GLRX/NDUFV3/HOMER1/PPIA/UGP2/AKR1A1/MIF/TPI1/HSPA5/SDHC/SRD5A3/TALDO1/PGLS/GUSB/PKM/ENO1/PGK1/TXN/MDH2/LDHA/SDC3,3925/9276/2745/4731/9456/5478/7360/10327/4282/7167/3309/6391/79644/6888/25796/2990/5315/2023/5230/7295/4191/3939/9672,Intermediate monocytes,HALLMARK,Monaco_fine
HALLMARK_E2F_TARGETS,HALLMARK_E2F_TARGETS,44,-0.396272764084498,-1.67209628741216,0.00719790869122883,0.0250235714500553,0.0167622009713289,376,"tags=32%, list=12%, signal=28%",SMC1A/SMC3/DNMT1/SYNCRIP/HMGB2/ANP32E/GSPT1/TUBB/XRCC6/LBR/PA2G4/DEK/SNRPB/RAN,8243/9126/1786/10492/3148/81611/2935/203068/2547/3930/5036/7913/6628/5901,Intermediate monocytes,HALLMARK,Monaco_fine
HALLMARK_MITOTIC_SPINDLE,HALLMARK_MITOTIC_SPINDLE,76,0.375414799857284,1.58160758854448,0.00739332792842543,0.0250235714500553,0.0167622009713289,856,"tags=39%, list=27%, signal=30%",PPP4R2/DOCK4/MYO9B/FGD4/CKAP5/ITSN1/EPB41L2/SSH2/PCM1/ABL1/CNTRL/NIN/NF1/RAB3GAP1/NOTCH2/STK38L/ABR/AKAP13/NEDD9/RASA2/RAPGEF6/RICTOR/TRIO/ROCK1/SEPTIN9/PREX1/CLASP1/WASF2/HOOK3/DOCK2,151987/9732/4650/121512/9793/6453/2037/85464/5108/25/11064/51199/4763/22930/4853/23012/29/11214/4739/5922/51735/253260/7204/6093/10801/57580/23332/10163/84376/1794,Intermediate monocytes,HALLMARK,Monaco_fine
HALLMARK_ALLOGRAFT_REJECTION,HALLMARK_ALLOGRAFT_REJECTION,80,-0.313384578139495,-1.52567301747266,0.00682068510332465,0.0250235714500553,0.0167622009713289,643,"tags=32%, list=20%, signal=27%",NPM1/CCR1/NCF4/CTSS/RPS9/EIF3D/EIF3A/IRF8/MRPL3/IL2RG/UBE2D1/IL2RA/LY86/HLA-A/IGSF6/IFNGR2/WAS/SPI1/C2/B2M/EIF5A/CXCL9/PSMB10/CD1D/TAPBP/STAT1,4869/1230/4689/1520/6203/8664/8661/3394/11222/3561/7321/3559/9450/3105/10261/3460/7454/6688/717/567/1984/4283/5699/912/6892/6772,Intermediate monocytes,HALLMARK,Monaco_fine
HALLMARK_UV_RESPONSE_DN,HALLMARK_UV_RESPONSE_DN,51,0.412332573551897,1.60046822013866,0.00912895406921918,0.0286909985032603,0.0192188506720404,1172,"tags=65%, list=37%, signal=42%",ATP2B1/WDR37/CITED2/DUSP1/PRKCA/CDKN1B/NOTCH2/MAPK14/PTEN/NR3C1/CELF2/SIPA1L1/RASA2/INPP4B/CDK13/ABCC1/NIPBL/PRDM2/DYRK1A/PRKCE/NFKB1/MT1E/ZMIZ1/INSIG1/PIK3R3/ADD3/RUNX1/NRP1/ATXN1/ATRN/SPOP/DAB2/TGFBR2,490/22884/10370/1843/5578/1027/4853/1432/5728/2908/10659/26037/5922/8821/8621/4363/25836/7799/1859/5581/4790/4493/57178/3638/8503/120/861/8829/6310/8455/8405/1601/7048,Intermediate monocytes,HALLMARK,Monaco_fine
HALLMARK_COMPLEMENT,HALLMARK_COMPLEMENT,80,-0.302853809052421,-1.47440530562555,0.0122732776578631,0.0360016144630652,0.0241159139943977,895,"tags=41%, list=28%, signal=30%",FCN1/CTSC/CALM3/FCER1G/CASP1/GRB2/CCL5/PLSCR1/ADAM9/LAMP2/PLA2G7/CTSS/ATOX1/HSPA5/ANXA5/GCA/PLEK/IRF1/GNAI2/LAP3/CALM1/SERPING1/GNB2/PPP4C/USP14/WAS/PFN1/C2/CTSL/CTSH/RHOG/PRCP/PSMB9,2219/1075/808/2207/834/2885/6352/5359/8754/3920/7941/1520/475/3309/308/25801/5341/3659/2771/51056/801/710/2783/5531/9097/7454/5216/717/1514/1512/391/5547/5698,Intermediate monocytes,HALLMARK,Monaco_fine
HALLMARK_MTORC1_SIGNALING,HALLMARK_MTORC1_SIGNALING,87,-0.286092972631449,-1.40742562153731,0.0167556544489476,0.046078049734606,0.0308656792480614,1053,"tags=48%, list=33%, signal=33%",ME1/CFP/PSMC4/DAPP1/M6PR/ITGB2/PSMC6/IMMT/GGA2/HSP90B1/CTSC/CACYBP/USO1/PRDX1/SERP1/RPN1/PSMD12/GLRX/IFRD1/XBP1/HSPA4/PPIA/PSMA4/CORO1A/TPI1/HSPA5/TXNRD1/CANX/RIT1/CALR/PSMA3/ATP5MC1/TCEA1/ACTR3/PPA1/EIF2S2/GAPDH/ENO1/PGK1/IFI30/LDHA/PSMC2,4199/5199/5704/27071/4074/3689/5706/10989/23062/7184/1075/27101/8615/5052/27230/6184/5718/2745/3475/7494/3308/5478/5685/11151/7167/3309/7296/821/6016/811/5684/516/6917/10096/5464/8894/2597/2023/5230/10437/3939/5701,Intermediate monocytes,HALLMARK,Monaco_fine
HALLMARK_COAGULATION,HALLMARK_COAGULATION,31,-0.357671794460568,-1.40519886044834,0.0628131332115304,0.162575168312196,0.10890202662061,460,"tags=35%, list=14%, signal=31%",ADAM9/LAMP2/THBS1/GSN/PLEK/APOC2/SERPING1/GNB2/C2/CTSH/RAC1,8754/3920/7057/2934/5341/344/710/2783/717/1512/5879,Intermediate monocytes,HALLMARK,Monaco_fine
HALLMARK_ESTROGEN_RESPONSE_EARLY,HALLMARK_ESTROGEN_RESPONSE_EARLY,43,0.361752272941631,1.35239196026981,0.0801749271137026,0.195983155166829,0.131280582408402,959,"tags=44%, list=30%, signal=31%",ELF1/MED13L/AFF1/FOS/IL6ST/KLF4/FKBP5/ELOVL5/GAB2/NCOR2/SIAH2/PMAIP1/NRIP1/GLA/TIPARP/FDFT1/PAPSS2/RAB31/ADD3,1997/23389/4299/2353/3572/9314/2289/60481/9846/9612/6478/5366/8204/2717/25976/2222/9060/11031/120,Intermediate monocytes,HALLMARK,Monaco_fine
HALLMARK_XENOBIOTIC_METABOLISM,HALLMARK_XENOBIOTIC_METABOLISM,50,-0.296317877110019,-1.29883373896533,0.0865384615384615,0.200404858299595,0.134242488813126,723,"tags=36%, list=23%, signal=28%",REG1A/IGFBP4/TMEM176B/TMBIM6/EPHX1/ALDH2/CNDP2/IRF8/PPARD/CBR1/SLC46A3/NINJ1/ECH1/PGD/SPINT2/GSTO1/PSMB10/DDT,5967/3487/28959/7009/2052/217/55748/3394/5467/873/283537/4814/1891/5226/10653/9446/5699/1652,Intermediate monocytes,HALLMARK,Monaco_fine
HALLMARK_REACTIVE_OXYGEN_SPECIES_PATHWAY,HALLMARK_REACTIVE_OXYGEN_SPECIES_PATHWAY,24,-0.363336414514645,-1.3291378418928,0.111979166666667,0.246354166666667,0.165021929824561,1046,"tags=62%, list=33%, signal=42%",NDUFB4/LAMTOR5/SOD2/NDUFS2/CAT/PRDX1/GPX4/GLRX/ATOX1/PRDX6/TXNRD1/NDUFA6/SELENOS/FTL/TXN,4710/10542/6648/4720/847/5052/2879/2745/475/9588/7296/4700/55829/2512/7295,Intermediate monocytes,HALLMARK,Monaco_fine
HALLMARK_KRAS_SIGNALING_UP,HALLMARK_KRAS_SIGNALING_UP,55,0.313686627826364,1.2304380749763,0.155653450807636,0.326131039787428,0.218460983589664,856,"tags=33%, list=27%, signal=24%",HDAC9/PPP1R15A/WDR33/SDCCAG8/NIN/PECAM1/CBL/KLF4/CSF2RA/MAP3K1/ST6GAL1/HBEGF/IL1B/EVI5/TNFRSF1B/IKZF1/DUSP6/DOCK2,9734/23645/55339/10806/51199/5175/867/9314/1438/4214/6480/1839/3553/7813/7133/10320/1848/1794,Intermediate monocytes,HALLMARK,Monaco_fine
HALLMARK_ANDROGEN_RESPONSE,HALLMARK_ANDROGEN_RESPONSE,51,-0.266786536286918,-1.1777153947197,0.182108626198083,0.364217252396166,0.243973279117049,227,"tags=18%, list=7%, signal=17%",LMAN1/B2M/XRCC6/UBE2I/ABHD2/PA2G4/SPCS3/MYL12A/CCND1,3998/567/2547/7329/11057/5036/60559/10627/595,Intermediate monocytes,HALLMARK,Monaco_fine
HALLMARK_TGF_BETA_SIGNALING,HALLMARK_TGF_BETA_SIGNALING,26,0.319178732101213,1.07092679360481,0.349683544303797,0.588756257219869,0.394382181869769,1042,"tags=46%, list=33%, signal=31%",PPP1R15A/SKIL/HIPK2/NCOR2/UBE2D3/CDKN1C/TGFBR1/ARID4B/JUNB/RAB31/XIAP/CTNNB1,23645/6498/28996/9612/7323/1028/7046/51742/3726/11031/331/1499,Intermediate monocytes,HALLMARK,Monaco_fine
HALLMARK_P53_PATHWAY,HALLMARK_P53_PATHWAY,64,0.263848297073192,1.07075026844502,0.339410939691445,0.588756257219869,0.394382181869769,636,"tags=25%, list=20%, signal=20%",SESN1/ATF3/PPP1R15A/FOXO3/ZBTB16/FOS/BTG2/CCND3/IER3/KLF4/SAT1/ZFP36L1/KIF13B/HBEGF/FBXW7/ABCC5,27244/467/23645/2309/7704/2353/7832/896/8870/9314/6303/677/23303/1839/55294/10057,Intermediate monocytes,HALLMARK,Monaco_fine
HALLMARK_UV_RESPONSE_UP,HALLMARK_UV_RESPONSE_UP,52,0.274374617633477,1.06957227667656,0.36231884057971,0.588756257219869,0.394382181869769,1034,"tags=46%, list=32%, signal=32%",FOSB/LYN/ATF3/NR4A1/AGO2/FOS/IL6ST/BTG2/CCND3/GLS/AMD1/DNAJA1/CHKA/DNAJB1/EIF5/CDKN1C/TFRC/SULT1A1/NFKBIA/JUNB/BTG1/ATP6V1C1/MGAT1/GCH1,2354/4067/467/3164/27161/2353/3572/7832/896/2744/262/3301/1119/3337/1983/1028/7037/6817/4792/3726/694/528/4245/2643,Intermediate monocytes,HALLMARK,Monaco_fine
HALLMARK_EPITHELIAL_MESENCHYMAL_TRANSITION,HALLMARK_EPITHELIAL_MESENCHYMAL_TRANSITION,39,-0.256645888117249,-1.05854296038049,0.35207100591716,0.588756257219869,0.394382181869769,844,"tags=33%, list=26%, signal=25%",DST/CALU/AREG/IGFBP4/COLGALT1/PPIB/EMP3/PMP22/FUCA1/GLIPR1/THBS1/TPM4/LGALS1,667/813/374/3487/79709/5479/2014/5376/2517/11010/7057/7171/3956,Intermediate monocytes,HALLMARK,Monaco_fine
HALLMARK_HYPOXIA,HALLMARK_HYPOXIA,66,0.258101112602961,1.05410801490352,0.369595536959554,0.588756257219869,0.394382181869769,880,"tags=38%, list=28%, signal=28%",WSB1/ATF3/CITED2/PPP1R15A/FOXO3/DUSP1/KLF6/FOS/PRKCA/CDKN1B/IER3/KLF7/NR3C1/MAP3K1/SIAH2/P4HA1/EXT1/TIPARP/CDKN1C/PNRC1/PDK3/JUN/MT1E/PFKFB3/PLAC8,26118/467/10370/23645/2309/1843/1316/2353/5578/1027/8870/8609/2908/4214/6478/5033/2131/25976/1028/10957/5165/3725/4493/5209/51316,Intermediate monocytes,HALLMARK,Monaco_fine
HALLMARK_PEROXISOME,HALLMARK_PEROXISOME,31,-0.26608035122877,-1.04536005389595,0.37466307277628,0.588756257219869,0.394382181869769,442,"tags=23%, list=14%, signal=20%",HSD17B11/YWHAH/SCP2/IDH2/ECH1/GSTK1/ALDH1A1,51170/7533/6342/3418/1891/373156/216,Intermediate monocytes,HALLMARK,Monaco_fine
HALLMARK_PI3K_AKT_MTOR_SIGNALING,HALLMARK_PI3K_AKT_MTOR_SIGNALING,47,-0.236688927012977,-1.02520804260974,0.400641025641026,0.597530864197531,0.400259909031839,409,"tags=23%, list=13%, signal=21%",IL2RG/RIT1/CALR/CSNK2B/ACTR3/CFL1/ARHGDIA/PFN1/YWHAB/RAC1/ARPC3,3561/6016/811/1460/10096/1072/396/5216/7529/5879/10094,Intermediate monocytes,HALLMARK,Monaco_fine
HALLMARK_PROTEIN_SECRETION,HALLMARK_PROTEIN_SECRETION,60,-0.224365941729997,-1.0222406141358,0.407407407407407,0.597530864197531,0.400259909031839,897,"tags=38%, list=28%, signal=28%",STX12/CLTA/ARF1/TMX1/CTSC/USO1/DST/CD63/TPD52/VAMP3/COPB2/RAB5A/LAMP2/RAB14/AP2M1/RER1/COPE/ANP32E/LMAN1/ARCN1/PPT1/TMED2/AP2S1,23673/1211/375/81542/1075/8615/667/967/7163/9341/9276/5868/3920/51552/1173/11079/11316/81611/3998/372/5538/10959/1175,Intermediate monocytes,HALLMARK,Monaco_fine
HALLMARK_MYOGENESIS,HALLMARK_MYOGENESIS,27,0.297730252138036,1.00500640875802,0.424242424242424,0.602150537634409,0.403354427123527,144,"tags=15%, list=5%, signal=14%",MEF2A/ACSL1/EIF4A2/MEF2C,4205/2180/1974/4208,Intermediate monocytes,HALLMARK,Monaco_fine
HALLMARK_APICAL_JUNCTION,HALLMARK_APICAL_JUNCTION,50,-0.226661639660178,-0.993513411310434,0.458333333333333,0.630208333333333,0.422149122807018,721,"tags=30%, list=23%, signal=24%",SIRPA/CD99/ADAM9/MYL12B/RAC2/ACTG1/CAP1/GNAI2/YWHAH/PFN1/ACTB/ARPC2/SDC3/CNN2/ZYX,140885/4267/8754/103910/5880/71/10487/2771/7533/5216/60/10109/9672/1265/7791,Intermediate monocytes,HALLMARK,Monaco_fine
HALLMARK_BILE_ACID_METABOLISM,HALLMARK_BILE_ACID_METABOLISM,19,-0.282326973785616,-0.968755815554679,0.474201474201474,0.632268632268632,0.423529227356979,442,"tags=32%, list=14%, signal=27%",PRDX5/HSD17B11/SCP2/IDH2/GSTK1/ALDH1A1,25824/51170/6342/3418/373156/216,Intermediate monocytes,HALLMARK,Monaco_fine
HALLMARK_IL2_STAT5_SIGNALING,HALLMARK_IL2_STAT5_SIGNALING,66,0.238314710647786,0.97329858066006,0.496513249651325,0.642546558372303,0.43041396254604,1279,"tags=52%, list=40%, signal=32%",CD83/ALCAM/KLF6/PLAGL1/PHTF2/CCND3/HIPK2/NCOA3/CDC42SE2/AHR/CD86/AHNAK/P4HA1/ODC1/HUWE1/GADD45B/TNFRSF1B/ARL4A/CDKN1C/SMPDL3A/SNX9/NRP1/MAPKAPK2/SNX14/PLIN2/RHOB/WLS/GABARAPL1/RABGAP1L/IGF2R/LRRC8C/IL10RA/MYO1E/MXD1,9308/214/1316/5325/57157/896/28996/8202/56990/196/942/79026/5033/4953/10075/4616/7133/10124/1028/10924/51429/8829/9261/57231/123/388/79971/23710/9910/3482/84230/3587/4643/4084,Intermediate monocytes,HALLMARK,Monaco_fine
HALLMARK_HEME_METABOLISM,HALLMARK_HEME_METABOLISM,55,0.247033603988287,0.968991105078463,0.522760646108664,0.657184812250891,0.440219491459927,644,"tags=25%, list=20%, signal=21%",TNRC6B/FOXO3/LPIN2/PICALM/BTG2/KLF3/CCND3/FBXO34/NR3C1/SEC14L1/BMP2K/BACH1/USP15/MARK3,23112/2309/9663/8301/7832/51274/896/55030/2908/6397/55589/571/9958/4140,Intermediate monocytes,HALLMARK,Monaco_fine
HALLMARK_APOPTOSIS,HALLMARK_APOPTOSIS,71,0.21057971682273,0.87468577000282,0.687158469945355,0.839860352155434,0.562585881826607,757,"tags=27%, list=24%, signal=21%",PPP3R1/ATF3/PSEN1/DPYD/MCL1/BTG2/CDKN1B/IER3/SAT1/IL18/NEDD9/DNAJA1/CREBBP/PMAIP1/IL1B/ROCK1/DNM1L/GADD45B/PDCD4,5534/467/5663/1806/4170/7832/1027/8870/6303/3606/4739/3301/1387/5366/3553/6093/10059/4616/27250,Intermediate monocytes,HALLMARK,Monaco_fine
HALLMARK_G2M_CHECKPOINT,HALLMARK_G2M_CHECKPOINT,59,0.207800870674067,0.830346740521384,0.75320970042796,0.850259327421784,0.569551702579185,787,"tags=27%, list=25%, signal=21%",RPS6KA5/FOXN3/STAG1/ABL1/CDKN1B/TRA2B/NOTCH2/MAPK14/AMD1/ARID4A/XPO1/ODC1/SFPQ/G3BP1/CUL3/CUL1,9252/1112/10274/25/1027/6434/4853/1432/262/5926/7514/4953/6421/10146/8452/8454,Intermediate monocytes,HALLMARK,Monaco_fine
HALLMARK_ESTROGEN_RESPONSE_LATE,HALLMARK_ESTROGEN_RESPONSE_LATE,45,0.218597824050994,0.82563611938282,0.743440233236152,0.850259327421784,0.569551702579185,959,"tags=38%, list=30%, signal=27%",AFF1/FOS/IL6ST/KLF4/FKBP5/ELOVL5/NCOR2/DUSP2/SIAH2/NRIP1/GLA/JAK1/PDCD4/FDFT1/PAPSS2/RAB31/ADD3,4299/2353/3572/9314/2289/60481/9612/1844/6478/8204/2717/3716/27250/2222/9060/11031/120,Intermediate monocytes,HALLMARK,Monaco_fine
HALLMARK_INFLAMMATORY_RESPONSE,HALLMARK_INFLAMMATORY_RESPONSE,68,-0.173924916808444,-0.81539033608381,0.830935251798561,0.850259327421784,0.569551702579185,270,"tags=12%, list=8%, signal=11%",SELENOS/IFNGR2/CXCL9/NMI/RHOG/SRI/TAPBP/LY6E,55829/3460/4283/9111/391/6717/6892/4061,Intermediate monocytes,HALLMARK,Monaco_fine
HALLMARK_IL6_JAK_STAT3_SIGNALING,HALLMARK_IL6_JAK_STAT3_SIGNALING,42,-0.189054475008994,-0.805440921559644,0.816199376947041,0.850259327421784,0.569551702579185,779,"tags=31%, list=24%, signal=24%",ITGA4/GRB2/REG1A/EBI3/CCR1/LTBR/IRF1/IL2RG/IL2RA/CD38/IFNGR2/CXCL9/STAT1,3676/2885/5967/10148/1230/4055/3659/3561/3559/952/3460/4283/6772,Intermediate monocytes,HALLMARK,Monaco_fine
HALLMARK_NOTCH_SIGNALING,HALLMARK_NOTCH_SIGNALING,15,-0.244339769974218,-0.776259596504882,0.793017456359102,0.850259327421784,0.569551702579185,379,"tags=33%, list=12%, signal=30%",RBX1/APH1A/PPARD/PSENEN/CCND1,9978/51107/5467/55851/595,Intermediate monocytes,HALLMARK,Monaco_fine
HALLMARK_CHOLESTEROL_HOMEOSTASIS,HALLMARK_CHOLESTEROL_HOMEOSTASIS,21,-0.218289522353606,-0.766882695871144,0.818652849740933,0.850259327421784,0.569551702579185,605,"tags=33%, list=19%, signal=27%",S100A11/ANTXR2/ACTG1/ANXA5/FABP5/GUSB/ECH1,6282/118429/71/308/2171/2990/1891,Intermediate monocytes,HALLMARK,Monaco_fine
HALLMARK_SPERMATOGENESIS,HALLMARK_SPERMATOGENESIS,11,0.280220156684583,0.731207292427211,0.808149405772496,0.850259327421784,0.569551702579185,812,"tags=45%, list=25%, signal=34%",PIAS2/TLE4/SIRT1/ARL4A/AGFG1,9063/7091/23411/10124/3267,Intermediate monocytes,HALLMARK,Monaco_fine
HALLMARK_UNFOLDED_PROTEIN_RESPONSE,HALLMARK_UNFOLDED_PROTEIN_RESPONSE,43,0.168058432243349,0.628277662979952,0.969387755102041,0.969387755102041,0.649350649350649,808,"tags=23%, list=25%, signal=18%",BAG3/EIF4A2/ATF3/ATF4/NABP1/CNOT2/ERN1/CNOT4/FUS/PARN,9531/1974/467/468/64859/4848/2081/4850/2521/5073,Intermediate monocytes,HALLMARK,Monaco_fine
HALLMARK_IL6_JAK_STAT3_SIGNALING,HALLMARK_IL6_JAK_STAT3_SIGNALING,12,-0.613324515991481,-1.72149672686789,0.0218977201336065,0.35638336593025,0.329391557727574,35,"tags=25%, list=2%, signal=25%",IRF1/STAT1/ITGA4,3659/6772/3676,Low-density basophils,HALLMARK,Monaco_fine
HALLMARK_EPITHELIAL_MESENCHYMAL_TRANSITION,HALLMARK_EPITHELIAL_MESENCHYMAL_TRANSITION,22,0.49744450164494,1.58078311011181,0.0335505102078404,0.35638336593025,0.329391557727574,387,"tags=55%, list=23%, signal=42%",GADD45B/BASP1/TIMP1/EMP3/CD59/CADM1/CAPG/VIM/LGALS1/TIMP3/PMP22/SAT1,4616/10409/7076/2014/966/23705/822/7431/3956/7078/5376/6303,Low-density basophils,HALLMARK,Monaco_fine
HALLMARK_HEME_METABOLISM,HALLMARK_HEME_METABOLISM,24,-0.446111619489528,-1.57508974723513,0.0521536633068659,0.35638336593025,0.329391557727574,276,"tags=38%, list=17%, signal=32%",RBM5/TOP1/SDCBP/PICALM/BNIP3L/ELL2/FBXO34/BSG/NEK7,10181/7150/6386/8301/665/22936/55030/682/140609,Low-density basophils,HALLMARK,Monaco_fine
HALLMARK_CHOLESTEROL_HOMEOSTASIS,HALLMARK_CHOLESTEROL_HOMEOSTASIS,19,0.501782955633176,1.55073547816052,0.0426621160409556,0.35638336593025,0.329391557727574,211,"tags=37%, list=13%, signal=33%",ANXA5/S100A11/CYP51A1/PNRC1/CD9/CLU/LGALS3,308/6282/1595/10957/928/1191/3958,Low-density basophils,HALLMARK,Monaco_fine
HALLMARK_MYC_TARGETS_V1,HALLMARK_MYC_TARGETS_V1,66,0.380400451377035,1.5472496294474,0.012684725420123,0.35638336593025,0.329391557727574,179,"tags=21%, list=11%, signal=20%",PRPS2/PTGES3/EIF1AX/RPL14/CCT4/ERH/EEF1B2/RPL34/SNRPD2/RPL18/RPL22/RPL6/RPS2/RPS3,5634/10728/1964/9045/10575/2079/1933/6164/6633/6141/6146/6128/6187/6188,Low-density basophils,HALLMARK,Monaco_fine
HALLMARK_OXIDATIVE_PHOSPHORYLATION,HALLMARK_OXIDATIVE_PHOSPHORYLATION,34,0.415730538354149,1.47206797963585,0.0447247855554776,0.35638336593025,0.329391557727574,340,"tags=47%, list=20%, signal=38%",UQCR11/HSPA9/OAT/COX4I1/UQCRB/COX6A1/ATP6V0E1/ATP5MC3/ATP6V1F/NDUFB8/HADHA/COX17/MAOB/GPX4/ATP5MG/COX7C,10975/3313/4942/1327/7381/1337/8992/518/9296/4714/3030/10063/4129/2879/10632/1350,Low-density basophils,HALLMARK,Monaco_fine
HALLMARK_BILE_ACID_METABOLISM,HALLMARK_BILE_ACID_METABOLISM,11,0.537602279928854,1.41605732305635,0.083955223880597,0.43027052238806,0.397682639434407,29,"tags=18%, list=2%, signal=18%",SCP2/LONP2,6342/83752,Low-density basophils,HALLMARK,Monaco_fine
HALLMARK_UV_RESPONSE_UP,HALLMARK_UV_RESPONSE_UP,28,-0.373457620562334,-1.35712043459626,0.0738916256157636,0.43027052238806,0.397682639434407,53,"tags=25%, list=3%, signal=25%",HNRNPU/EIF5/BSG/IRF1/ALAS1/ATF3/HLA-F,3192/1983/682/3659/211/467/3134,Low-density basophils,HALLMARK,Monaco_fine
HALLMARK_UV_RESPONSE_DN,HALLMARK_UV_RESPONSE_DN,37,-0.337465134448557,-1.31068122255771,0.111111111111111,0.474630541871921,0.438682914182007,373,"tags=35%, list=22%, signal=28%",SIPA1L1/DYRK1A/INSIG1/AKT3/SCAF8/WDR37/ABCC1/PRKCE/PRDM2/RUNX1/TGFBR2/NEK7/FYN,26037/1859/3638/10000/22828/22884/4363/5581/7799/861/7048/140609/2534,Low-density basophils,HALLMARK,Monaco_fine
HALLMARK_INTERFERON_GAMMA_RESPONSE,HALLMARK_INTERFERON_GAMMA_RESPONSE,28,-0.354637739548521,-1.28873022458513,0.11576354679803,0.474630541871921,0.438682914182007,325,"tags=32%, list=20%, signal=26%",RIPK1/LCP2/CD69/B2M/HLA-A/HLA-B/IRF1/NCOA3/STAT1,8737/3937/969/567/3105/3106/3659/8202/6772,Low-density basophils,HALLMARK,Monaco_fine
HALLMARK_PEROXISOME,HALLMARK_PEROXISOME,18,0.42300869954115,1.29552712507943,0.134680134680135,0.486457334611697,0.44961396780542,343,"tags=33%, list=21%, signal=27%",SCP2/LONP2/PRDX1/CADM1/CNBP/TSPO,6342/83752/5052/23705/7555/706,Low-density basophils,HALLMARK,Monaco_fine
HALLMARK_XENOBIOTIC_METABOLISM,HALLMARK_XENOBIOTIC_METABOLISM,12,-0.459948613936011,-1.29099687485713,0.162393162393162,0.486457334611697,0.44961396780542,136,"tags=33%, list=8%, signal=31%",ELOVL5/MAN1A1/ALAS1/SLC35D1,60481/4121/211/23169,Low-density basophils,HALLMARK,Monaco_fine
HALLMARK_E2F_TARGETS,HALLMARK_E2F_TARGETS,19,0.413646721041504,1.27835479173342,0.156996587030717,0.486457334611697,0.44961396780542,69,"tags=16%, list=4%, signal=15%",TUBB/RAD21/STMN1,203068/5885/3925,Low-density basophils,HALLMARK,Monaco_fine
HALLMARK_ADIPOGENESIS,HALLMARK_ADIPOGENESIS,22,0.395683076788208,1.25740484149592,0.166107382550336,0.486457334611697,0.44961396780542,162,"tags=23%, list=10%, signal=21%",SCP2/GBE1/UQCR11/RTN3/COX6A1,6342/2632/10975/10313/1337,Low-density basophils,HALLMARK,Monaco_fine
HALLMARK_MTORC1_SIGNALING,HALLMARK_MTORC1_SIGNALING,47,0.316827475038967,1.19805808559275,0.188925081433225,0.498585972850679,0.460824005715647,163,"tags=19%, list=10%, signal=18%",ACTR2/GBE1/CYP51A1/P4HA1/PRDX1/HSPA9/SYTL2/CD9/ENO1,10097/2632/1595/5033/5052/3313/54843/928/2023,Low-density basophils,HALLMARK,Monaco_fine
HALLMARK_KRAS_SIGNALING_UP,HALLMARK_KRAS_SIGNALING_UP,19,-0.367466145525346,-1.19805368440072,0.206730769230769,0.498585972850679,0.460824005715647,151,"tags=42%, list=9%, signal=39%",DOCK2/SDCCAG8/PTBP2/RABGAP1L/LAT2/NIN/MAP3K1/ST6GAL1,1794/10806/58155/9910/7462/51199/4214/6480,Low-density basophils,HALLMARK,Monaco_fine
HALLMARK_IL2_STAT5_SIGNALING,HALLMARK_IL2_STAT5_SIGNALING,39,-0.298436098554314,-1.17290453808558,0.197007481296758,0.498585972850679,0.460824005715647,339,"tags=44%, list=20%, signal=36%",CD48/SWAP70/ODC1/CD44/KLF6/MXD1/AHR/HUWE1/TTC39B/RHOH/CDC42SE2/HIPK2/RABGAP1L/PHTF2/SLC2A3/BCL2/NCOA3,962/23075/4953/960/1316/4084/196/10075/158219/399/56990/28996/9910/57157/6515/596/8202,Low-density basophils,HALLMARK,Monaco_fine
HALLMARK_REACTIVE_OXYGEN_SPECIES_PATHWAY,HALLMARK_REACTIVE_OXYGEN_SPECIES_PATHWAY,10,0.475568552597243,1.21329856600781,0.228571428571429,0.520634920634921,0.481203007518797,282,"tags=40%, list=17%, signal=33%",PRDX1/MSRA/MBP/GPX4,5052/4482/4155/2879,Low-density basophils,HALLMARK,Monaco_fine
HALLMARK_PROTEIN_SECRETION,HALLMARK_PROTEIN_SECRETION,22,-0.337020292277937,-1.15216878749672,0.268472906403941,0.541777455483039,0.500744246402809,446,"tags=41%, list=27%, signal=30%",GBF1/CLCN3/AP3B1/GOLGA4/CLTC/MON2/STX16/ARFGEF1/SEC31A,8729/1182/8546/2803/1213/23041/8675/10565/22872,Low-density basophils,HALLMARK,Monaco_fine
HALLMARK_G2M_CHECKPOINT,HALLMARK_G2M_CHECKPOINT,39,0.314285694495733,1.15197632163301,0.252911813643927,0.541777455483039,0.500744246402809,443,"tags=33%, list=27%, signal=25%",HMGN2/RAD21/ARID4A/STMN1/AMD1/RAD23B/NUP98/HIF1A/PAFAH1B1/MEIS2/PURA/SRSF10/TRA2B,3151/5885/5926/3925/262/5887/4928/3091/5048/4212/5813/10772/6434,Low-density basophils,HALLMARK,Monaco_fine
HALLMARK_APICAL_JUNCTION,HALLMARK_APICAL_JUNCTION,26,0.341335717093887,1.14101089587154,0.277495769881557,0.541777455483039,0.500744246402809,269,"tags=23%, list=16%, signal=20%",ITGA9/CALB2/PTK2/ACTN4/RAC2/CAP1,3680/794/5747/81/5880/10487,Low-density basophils,HALLMARK,Monaco_fine
HALLMARK_COMPLEMENT,HALLMARK_COMPLEMENT,33,0.313857398589053,1.105590754971,0.324915824915825,0.546614233646653,0.505214696053389,373,"tags=33%, list=22%, signal=26%",CALM3/CALM1/ANXA5/TIMP1/CD59/CLU/LGALS3/DOCK10/GNAI3/GNAI2/FCER1G,808/801/308/7076/966/1191/3958/55619/2773/2771/2207,Low-density basophils,HALLMARK,Monaco_fine
HALLMARK_MYOGENESIS,HALLMARK_MYOGENESIS,11,-0.405113044711621,-1.10506675018966,0.319742489270386,0.546614233646653,0.505214696053389,141,"tags=27%, list=8%, signal=25%",IFRD1/LPIN1/MAPRE3,3475/23175/22924,Low-density basophils,HALLMARK,Monaco_fine
HALLMARK_ALLOGRAFT_REJECTION,HALLMARK_ALLOGRAFT_REJECTION,30,-0.290590321003122,-1.08001788990761,0.337408312958435,0.546614233646653,0.505214696053389,316,"tags=30%, list=19%, signal=25%",EIF3A/LCP2/HLA-E/B2M/HLA-A/SRGN/ABI1/KRT1/STAT1,8661/3937/3133/567/3105/5552/10006/3848/6772,Low-density basophils,HALLMARK,Monaco_fine
HALLMARK_P53_PATHWAY,HALLMARK_P53_PATHWAY,41,0.288093293704028,1.06512100410573,0.337792642140468,0.546614233646653,0.505214696053389,594,"tags=54%, list=36%, signal=35%",HEXIM1/FOXO3/VAMP8/RPL18/RPL36/KIF13B/VWA5A/CD81/SAT1/PRMT2/IER5/TXNIP/RPS27L/S100A10/TSPYL2/DDIT4/RPS12/ZFP36L1/CTSD/ZBTB16/RACK1/S100A4,10614/2309/8673/6141/25873/23303/4013/975/6303/3275/51278/10628/51065/6281/64061/54541/6206/677/1509/7704/10399/6275,Low-density basophils,HALLMARK,Monaco_fine
HALLMARK_APOPTOSIS,HALLMARK_APOPTOSIS,39,-0.268596769025888,-1.05563090668889,0.346633416458853,0.546614233646653,0.505214696053389,297,"tags=26%, list=18%, signal=22%",MCL1/SQSTM1/NEDD9/CD69/DPYD/BNIP3L/PPP3R1/IRF1/ATF3/CYLD,4170/8878/4739/969/1806/665/5534/3659/467/1540,Low-density basophils,HALLMARK,Monaco_fine
HALLMARK_COAGULATION,HALLMARK_COAGULATION,10,0.416072733333899,1.06150931963851,0.380952380952381,0.578483245149912,0.534670008354219,280,"tags=40%, list=17%, signal=33%",TIMP1/CD9/CLU/TIMP3,7076/928/1191/7078,Low-density basophils,HALLMARK,Monaco_fine
HALLMARK_GLYCOLYSIS,HALLMARK_GLYCOLYSIS,20,0.321106157290673,1.00250887647555,0.449664429530201,0.658437200383509,0.608568400867942,488,"tags=35%, list=29%, signal=25%",STMN1/P4HA1/ENO1/IRS2/TALDO1/MIF/DDIT4,3925/5033/2023/8660/6888/4282/54541,Low-density basophils,HALLMARK,Monaco_fine
HALLMARK_UNFOLDED_PROTEIN_RESPONSE,HALLMARK_UNFOLDED_PROTEIN_RESPONSE,25,-0.265174116249429,-0.946773444474209,0.525059665871122,0.742325734507448,0.68610337464103,220,"tags=24%, list=13%, signal=21%",NABP1/SERP1/HSPA5/SEC31A/YWHAZ/ATF3,64859/27230/3309/22872/7534/467,Low-density basophils,HALLMARK,Monaco_fine
HALLMARK_MITOTIC_SPINDLE,HALLMARK_MITOTIC_SPINDLE,42,-0.224834028738315,-0.901186420307825,0.622828784119107,0.82374129512527,0.761352673286514,483,"tags=38%, list=29%, signal=28%",FLNB/EZR/PCM1/CLASP1/MYO9B/YWHAE/DOCK2/TLK1/NEDD9/ARHGEF3/SEPTIN9/ABI1/SSH2/ARFGEF1/NIN/RASA1,2317/7430/5108/23332/4650/7531/1794/9874/4739/50650/10801/10006/85464/10565/51199/5921,Low-density basophils,HALLMARK,Monaco_fine
HALLMARK_DNA_REPAIR,HALLMARK_DNA_REPAIR,15,-0.29132813251112,-0.874469239941548,0.620454545454546,0.82374129512527,0.761352673286514,246,"tags=40%, list=15%, signal=34%",HCLS1/REV3L/SDCBP/POLR2A/GTF2B/UPF3B,3059/5980/6386/5430/2959/65109,Low-density basophils,HALLMARK,Monaco_fine
HALLMARK_ESTROGEN_RESPONSE_LATE,HALLMARK_ESTROGEN_RESPONSE_LATE,28,-0.2411583621965,-0.8763536296778,0.67487684729064,0.858851516553228,0.793803712347014,493,"tags=39%, list=30%, signal=28%",RABEP1/FLNB/CD44/AREG/AFF1/CHPT1/ZFP36/SLC26A2/ELOVL5/JAK1/BCL2,9135/2317/960/374/4299/56994/7538/1836/60481/3716/596,Low-density basophils,HALLMARK,Monaco_fine
HALLMARK_TNFA_SIGNALING_VIA_NFKB,HALLMARK_TNFA_SIGNALING_VIA_NFKB,49,-0.201981839388142,-0.833825910789036,0.75,0.858851516553228,0.793803712347014,430,"tags=49%, list=26%, signal=37%",PDLIM5/LDLR/BTG1/NR4A1/NR4A2/PPP1R15A/BTG2/CD44/KLF6/AREG/MXD1/CCNL1/TNFAIP8/LITAF/MCL1/SQSTM1/TANK/CD69/ZFP36/NFE2L2/SLC2A3/REL/IRF1/ATF3,10611/3949/694/3164/4929/23645/7832/960/1316/374/4084/57018/25816/9516/4170/8878/10010/969/7538/4780/6515/5966/3659/467,Low-density basophils,HALLMARK,Monaco_fine
HALLMARK_HYPOXIA,HALLMARK_HYPOXIA,40,0.223841337287035,0.823780036668545,0.765391014975042,0.858851516553228,0.793803712347014,91,"tags=12%, list=5%, signal=12%",TPST2/GBE1/FOXO3/PNRC1/P4HA1,8459/2632/2309/10957/5033,Low-density basophils,HALLMARK,Monaco_fine
HALLMARK_INTERFERON_ALPHA_RESPONSE,HALLMARK_INTERFERON_ALPHA_RESPONSE,12,-0.288978475598564,-0.811113019139624,0.72008547008547,0.858851516553228,0.793803712347014,249,"tags=25%, list=15%, signal=21%",B2M/HLA-C/IRF1,567/3107/3659,Low-density basophils,HALLMARK,Monaco_fine
HALLMARK_ANDROGEN_RESPONSE,HALLMARK_ANDROGEN_RESPONSE,30,-0.217326219093527,-0.807722032023459,0.775061124694377,0.858851516553228,0.793803712347014,354,"tags=33%, list=21%, signal=27%",VAPA/TNFAIP8/SLC38A2/INSIG1/XRCC5/B2M/SLC26A2/ELOVL5/CDK6/ELL2,9218/25816/54407/3638/7520/567/1836/60481/1021/22936,Low-density basophils,HALLMARK,Monaco_fine
HALLMARK_TGF_BETA_SIGNALING,HALLMARK_TGF_BETA_SIGNALING,15,-0.265765687268382,-0.797739361952123,0.740909090909091,0.858851516553228,0.793803712347014,164,"tags=33%, list=10%, signal=30%",NCOR2/PPP1R15A/CTNNB1/HIPK2/SKIL,9612/23645/1499/28996/6498,Low-density basophils,HALLMARK,Monaco_fine
HALLMARK_FATTY_ACID_METABOLISM,HALLMARK_FATTY_ACID_METABOLISM,21,-0.226259976311959,-0.76042082709598,0.845386533665835,0.901861252115059,0.83355597114614,311,"tags=38%, list=19%, signal=31%",SERINC1/ODC1/HSD17B4/ACSL4/GLUL/XIST/ELOVL5/DECR1,57515/4953/3295/2182/2752/7503/60481/1666,Low-density basophils,HALLMARK,Monaco_fine
HALLMARK_ESTROGEN_RESPONSE_EARLY,HALLMARK_ESTROGEN_RESPONSE_EARLY,26,0.220239687390118,0.736213265798804,0.857868020304569,0.901861252115059,0.83355597114614,21,"tags=8%, list=1%, signal=8%",CALB2/MLPH,794/79083,Low-density basophils,HALLMARK,Monaco_fine
HALLMARK_PI3K_AKT_MTOR_SIGNALING,HALLMARK_PI3K_AKT_MTOR_SIGNALING,28,0.155677655677656,0.529722315177466,0.98993288590604,0.998322147651007,0.922711099240982,1411,"tags=100%, list=85%, signal=16%",ACTR2/YWHAB/CFL1/SLA/RALB/UBE2D3/TIAM1/PFN1/ARF1/DDIT3/ARPC3/CALR/MAPK1/CAB39/HSP90B1/RAC1/GRB2/PRKCB/GSK3B/VAV3/ITPR2/PTEN/CSNK2B/ACTR3/RIPK1/SQSTM1/CLTC/MAPKAP1,10097/7529/1072/6503/5899/7323/7074/5216/375/1649/10094/811/5594/51719/7184/5879/2885/5579/2932/10451/3709/5728/1460/10096/8737/8878/1213/79109,Low-density basophils,HALLMARK,Monaco_fine
HALLMARK_INFLAMMATORY_RESPONSE,HALLMARK_INFLAMMATORY_RESPONSE,28,0.134258243218003,0.456838761603395,0.998322147651007,0.998322147651007,0.922711099240982,428,"tags=25%, list=26%, signal=19%",TIMP1/EMP3/HIF1A/GNAI3/IL4R/NFKBIA/IL18,7076/2014/3091/2773/3566/4792/3606,Low-density basophils,HALLMARK,Monaco_fine
HALLMARK_INTERFERON_ALPHA_RESPONSE,HALLMARK_INTERFERON_ALPHA_RESPONSE,89,-0.727058021334146,-3.19528058812998,1e-10,1.63333333333333e-09,9.82456140350877e-10,934,"tags=53%, list=8%, signal=49%",CSF1/ELF1/OAS1/CASP1/OASL/CCRL2/LGALS3BP/HLA-C/CMPK2/IL15/IFI44L/RTP4/IFI27/LAP3/CASP8/GBP2/B2M/MVB12A/NMI/LY6E/ISG20/NUB1/TRIM21/ADAR/BST2/SP110/ISG15/PARP14/IFI30/IFIT3/PSMB8/IFI35/IRF1/SAMD9L/PSME1/CD74/IRF9/UBA7/TMEM140/EPSTI1/PSME2/PSMB9/PARP9/UBE2L6/STAT2/GBP4/TAP1,1435/1997/4938/834/8638/9034/3959/3107/129607/3600/10964/64108/3429/51056/841/2634/567/93343/9111/4061/3669/51667/6737/103/684/3431/9636/54625/10437/3437/5696/3430/3659/219285/5720/972/10379/7318/55281/94240/5721/5698/83666/9246/6773/115361/6890,MAIT cells,HALLMARK,Monaco_fine
HALLMARK_INTERFERON_GAMMA_RESPONSE,HALLMARK_INTERFERON_GAMMA_RESPONSE,173,-0.656229676856782,-3.18293817704115,1e-10,1.63333333333333e-09,9.82456140350877e-10,1465,"tags=49%, list=13%, signal=43%",DHX58/IL15RA/ZNFX1/EIF2AK2/AUTS2/SPPL2A/PLSCR1/STAT4/MT2A/PSMB2/PSMA2/VAMP5/PTPN2/DDX60/ST8SIA4/MTHFD2/STAT3/HLA-B/CASP1/OASL/MVP/OAS2/SAMHD1/RAPGEF6/FAS/LGALS3BP/NFKB1/ZBP1/CMPK2/NAMPT/IL18BP/PELI1/IL15/CD69/HLA-DRB1/IFI44L/RBCK1/NLRC5/RTP4/BPGM/IFI27/LAP3/CASP8/HLA-A/B2M/OAS3/ITGB7/NMI/CASP4/LY6E/ISG20/TRIM21/GPR18/ADAR/BST2/TNFAIP3/SP110/ISG15/PARP14/IFI30/NFKBIA/IFIT3/PSMB8/IFI35/CD38/RNF213/IRF1/SAMD9L/APOL6/PSME1/CD74/IRF9/GZMA/XAF1/EPSTI1/TAPBP/PSMB10/PSME2/PSMB9/UBE2L6/STAT2/GBP4/TAP1/STAT1,79132/3601/57169/5610/26053/84888/5359/6775/4502/5690/5683/10791/5771/55601/7903/10797/6774/3106/834/8638/9961/4939/25939/51735/355/3959/4790/81030/129607/10135/10068/57162/3600/969/3123/10964/10616/84166/64108/669/3429/51056/841/3105/567/4940/3695/9111/837/4061/3669/6737/2841/103/684/7128/3431/9636/54625/10437/4792/3437/5696/3430/952/57674/3659/219285/80830/5720/972/10379/3001/54739/94240/6892/5699/5721/5698/9246/6773/115361/6890/6772,MAIT cells,HALLMARK,Monaco_fine
HALLMARK_ALLOGRAFT_REJECTION,HALLMARK_ALLOGRAFT_REJECTION,150,-0.516135492450973,-2.43617506847271,1e-10,1.63333333333333e-09,9.82456140350877e-10,2421,"tags=42%, list=21%, signal=34%",SIT1/LCK/ZAP70/IRF4/PRF1/TGFB1/NCF4/CCL5/CXCR3/RPS19/LYN/CD96/IRF7/CD79A/CD7/ICAM1/IL2RB/GALNT1/RPS9/CXCL13/STAT4/CSK/TLR3/CD8A/AKT1/CCR1/CCR5/FYB1/ST8SIA4/CSF1/FAS/BCL3/IL16/PTPRC/UBE2N/IL2RG/MAP4K1/LY86/ETS1/CD3G/IL15/CCL4/NME1/GBP2/HLA-A/B2M/SRGN/BRCA1/HLA-E/HCLS1/CDKN2A/CD3D/GZMB/IL12RB1/CD74/GZMA/TAPBP/PSMB10/TAP2/IL10/TAP1/CTSS/STAT1,27240/3932/7535/3662/5551/7040/4689/6352/2833/6223/4067/10225/3665/973/924/3383/3560/2589/6203/10563/6775/1445/7098/925/207/1230/1234/2533/7903/1435/355/602/3603/5788/7334/3561/11184/9450/2113/917/3600/6351/4830/2634/3105/567/5552/672/3133/3059/1029/915/3002/3594/972/3001/6892/5699/6891/3586/6890/1520/6772,MAIT cells,HALLMARK,Monaco_fine
HALLMARK_OXIDATIVE_PHOSPHORYLATION,HALLMARK_OXIDATIVE_PHOSPHORYLATION,199,-0.418773357772963,-2.05512951335043,7.07608589769048e-09,8.66820522467084e-08,5.2139580298772e-08,2577,"tags=43%, list=23%, signal=34%",ECHS1/PDHB/NDUFC1/UQCRFS1/GLUD1/NDUFB8/ATP5MC1/NDUFB5/ETFDH/UQCRQ/HADHA/ATP6V0B/TOMM22/ACAA1/SDHB/ATP6V1H/LDHA/ATP6V0C/COX17/GPI/NDUFA7/HADHB/ATP6V1D/ATP5F1E/NDUFA2/NDUFA8/OAT/ATP5PD/NDUFB4/ATP6V0E1/COX8A/ATP5MG/ECI1/NDUFV2/BDH2/NDUFS7/COX15/TIMM8B/NDUFV1/ACO2/NDUFB3/CYCS/NDUFS6/SLC25A11/NDUFA6/COX5A/UQCRH/NDUFS3/ETFA/MDH2/TIMM50/COX5B/ATP5PB/CYB5A/DECR1/NDUFB1/ATP5F1D/HSD17B10/TIMM13/COX7A2/COX7B/BCKDHA/ATP5F1B/PHB2/ATP5F1A/OPA1/FH/COX10/SDHC/ATP5MF/COX6C/ATP5F1C/SUCLG1/PHYH/SLC25A5/UQCRC2/SLC25A12/NDUFS8/ATP5MC3/TCIRG1/SLC25A6/SLC25A3/LDHB/MDH1/IDH2,1892/5162/4717/7386/2746/4714/516/4711/2110/27089/3030/533/56993/30/6390/51606/3939/527/10063/2821/4701/3032/51382/514/4695/4702/4942/10476/4710/8992/1351/10632/1632/4729/56898/374291/1355/26521/4723/50/4709/54205/4726/8402/4700/9377/7388/4722/2108/4191/92609/1329/515/1528/1666/4707/513/3028/26517/1347/1349/593/506/11331/498/4976/2271/1352/6391/9551/1345/509/8802/5264/292/7385/8604/4728/518/10312/293/5250/3945/4190/3418,MAIT cells,HALLMARK,Monaco_fine
HALLMARK_TNFA_SIGNALING_VIA_NFKB,HALLMARK_TNFA_SIGNALING_VIA_NFKB,157,-0.449346175230947,-2.12586256543661,1.42364088452441e-08,1.39516806683392e-07,8.39198837193337e-08,2194,"tags=38%, list=19%, signal=31%",RELB/MYC/CCL5/DRAM1/MXD1/JUN/TNFRSF9/ICAM1/SQSTM1/TNIP1/SDC4/BIRC3/FOS/IL15RA/STAT5A/SLC2A3/CCL20/CCND1/DUSP5/B4GALT1/JUNB/NR4A2/HES1/BTG3/RCAN1/CSF1/KLF6/ZFP36/NINJ1/DUSP2/BCL3/CCRL2/LITAF/GEM/FOSL2/NFKB1/NFKB2/NAMPT/CCL4/CD69/CD83/NR4A3/SAT1/MCL1/KDM6B/TRAF1/TANK/REL/ZBTB10/CFLAR/ZC3H12A/TNFAIP3/NFKBIA/BTG2/IRF1/TNIP2/BCL2A1/ATF3/DUSP4/TAP1,5971/4609/6352/55332/4084/3725/3604/3383/8878/10318/6385/330/2353/3601/6776/6515/6364/595/1847/2683/3726/4929/3280/10950/1827/1435/1316/7538/4814/1844/602/9034/9516/2669/2355/4790/4791/10135/6351/969/9308/8013/6303/4170/23135/7185/10010/5966/65986/8837/80149/7128/4792/7832/3659/79155/597/467/1846/6890,MAIT cells,HALLMARK,Monaco_fine
HALLMARK_IL6_JAK_STAT3_SIGNALING,HALLMARK_IL6_JAK_STAT3_SIGNALING,58,-0.499585966025428,-2.00660377576711,7.84900321560845e-05,0.000612479595185184,0.000368408779058758,1463,"tags=41%, list=13%, signal=36%",ITGA4/TGFB1/IL10RB/JUN/GRB2/STAM2/HMOX1/IL15RA/CXCL13/CCR1/TYK2/PTPN2/STAT3/CSF1/FAS/IL2RG/BAK1/TNFRSF1B/CD38/IRF1/IL12RB1/IRF9/STAT2/STAT1,3676/7040/3588/3725/2885/10254/3162/3601/10563/1230/7297/5771/6774/1435/355/3561/578/7133/952/3659/3594/10379/6773/6772,MAIT cells,HALLMARK,Monaco_fine
HALLMARK_G2M_CHECKPOINT,HALLMARK_G2M_CHECKPOINT,161,-0.36640895134774,-1.7365937130563,8.74970850264549e-05,0.000612479595185184,0.000368408779058758,2292,"tags=34%, list=20%, signal=28%",TGFB1/CDKN3/ATRX/MYC/SMC2/DR1/SLC7A5/TNPO2/CHAF1A/PRIM2/CDK4/NASP/CDC7/TPX2/MCM3/MCM5/SMC4/MT2A/CCND1/HMGA1/SLC38A1/CENPE/CENPF/SNRPD1/KNL1/NUSAP1/CDK1/EZH2/UBE2S/BCL3/CDC25B/STIL/TOP1/KPNB1/MCM6/MNAT1/TOP2A/CHEK1/PTTG1/GINS2/CKS2/MKI67/NDC80/WRN/POLA2/KIF20B/KPNA2/BUB1/KIF11/KIF22/E2F3/MAD2L1/TFDP1/JPT1/TACC3,7040/1033/546/4609/10592/1810/8140/30000/10036/5558/1019/4678/8317/22974/4172/4174/10051/4502/595/3159/81539/1062/1063/6632/57082/51203/983/2146/27338/602/994/6491/7150/3837/4175/4331/7153/1111/9232/51659/1164/4288/10403/7486/23649/9585/3838/699/3832/3835/1871/4085/7027/51155/10460,MAIT cells,HALLMARK,Monaco_fine
HALLMARK_INFLAMMATORY_RESPONSE,HALLMARK_INFLAMMATORY_RESPONSE,112,-0.365568445001417,-1.66925848278396,0.00110615006762533,0.00602237259040459,0.00362247975362682,2157,"tags=34%, list=19%, signal=28%",MYC/CCL5/MXD1/LYN/TNFRSF9/IRF7/ICAM1/IL2RB/GNA15/SLC11A2/TPBG/IL15RA/EIF2AK2/CCL20/TLR3/RHOG/ATP2A2/CSF1/KLF6/CCRL2/C3AR1/NFKB1/NAMPT/IL15/CD69/P2RX7/RGS1/RTP4/NMI/TNFRSF1B/LY6E/BST2/NFKBIA/BTG2/IRF1/CXCR6/TAPBP/IL10,4609/6352/4084/4067/3604/3665/3383/3560/2769/4891/7162/3601/5610/6364/7098/391/488/1435/1316/9034/719/4790/10135/3600/969/5027/5996/64108/9111/7133/4061/684/4792/7832/3659/10663/6892/3586,MAIT cells,HALLMARK,Monaco_fine
HALLMARK_APOPTOSIS,HALLMARK_APOPTOSIS,129,-0.355453465092393,-1.6449272853754,0.00104923933121459,0.00602237259040459,0.00362247975362682,2833,"tags=38%, list=25%, signal=29%",VDAC2/CASP2/BCL2L1/CDKN1B/CDK2/DDIT3/CASP6/CASP3/XIAP/NEDD9/GCH1/PRF1/SOD1/IFITM3/ERBB3/JUN/DPYD/SQSTM1/GNA15/BIRC3/PLCB2/HMOX1/CCND1/PLAT/BTG3/PMAIP1/CASP1/FAS/CDC25B/PPP2R5B/PDCD4/TOP2A/CD69/LEF1/DNAJC3/SAT1/MCL1/ETF1/CASP8/CFLAR/BRCA1/CASP4/ISG20/BTG2/CD38/IRF1/BCL2L11/ATF3/TAP1,7417/835/598/1027/1017/1649/839/836/331/4739/2643/5551/6647/10410/2065/3725/1806/8878/2769/330/5330/3162/595/5327/10950/5366/834/355/994/5526/27250/7153/969/51176/5611/6303/4170/2107/841/8837/672/837/3669/7832/952/3659/10018/467/6890,MAIT cells,HALLMARK,Monaco_fine
HALLMARK_UV_RESPONSE_UP,HALLMARK_UV_RESPONSE_UP,115,-0.348519759456526,-1.60144419859882,0.00294588620095634,0.0144348423846861,0.00868261196071342,2885,"tags=41%, list=25%, signal=31%",RXRB/ATP6V1F/CDK2/SELENOW/CASP3/AMD1/FURIN/STK25/GCH1/POLG2/TFRC/HSPA2/ACAA1/CDKN2B/PLCL1/STARD3/LYN/WIZ/PPP1R2/DGAT1/ICAM1/SQSTM1/FEN1/FOS/HMOX1/CLTB/AP2S1/JUNB/BTG3/PSMC3/RPN1/RAB27A/PDAP1/BAK1/YKT6/TUBA4A/NXF1/HLA-F/ARRB2/NFKBIA/CYB5B/BTG2/IRF1/BCL2L11/UROD/ATF3/TAP1,6257/9296/1017/6415/836/262/5045/10494/2643/11232/7037/3306/30/1030/5334/10948/4067/58525/5504/8694/3383/8878/2237/2353/3162/1212/1175/3726/10950/5702/6184/5873/11333/578/10652/7277/10482/3134/409/4792/80777/7832/3659/10018/7389/467/6890,MAIT cells,HALLMARK,Monaco_fine
HALLMARK_MYC_TARGETS_V1,HALLMARK_MYC_TARGETS_V1,191,-0.291306758717407,-1.42677773237725,0.00945094217232777,0.0420996514949146,0.0253230986435577,3087,"tags=40%, list=27%, signal=30%",RRP9/PSMA7/HNRNPA2B1/C1QBP/NHP2/BUB3/RPL22/DDX18/VDAC3/PCNA/CDK2/XRCC6/RPS6/RPL6/PPIA/EIF3J/PSMD14/PSMD8/EEF1B2/SRPK1/SF3B3/MYC/LDHA/HNRNPA1/TRIM28/SNRPB2/EIF4A1/SRSF3/ACP1/RUVBL2/IFRD1/CANX/CDK4/RAN/PPM1G/DEK/SRM/RACK1/LSM2/SNRPD2/RPS5/MCM5/TUFM/TXNL4A/PSMD7/PSMB2/HNRNPA3/PSMA2/RPS2/COX5A/PSMA4/GNL3/SNRPD1/PSMA1/PABPC1/PSMD1/UBE2L3/KPNB1/STARD7/HDGF/PHB2/MCM6/HDDC2/LSM7/RPLP0/NME1/ETF1/PSMC4/PRPF31/SNRPG/SLC25A3/KPNA2/PSMB3/MAD2L1/TFDP1/PSMA6,9136/5688/3181/708/55651/9184/6146/8886/7419/5111/1017/2547/6194/6128/5478/8669/10213/5714/1933/6732/23450/4609/3939/3178/10155/6629/1973/6428/52/10856/3475/821/1019/5901/5496/7913/6723/10399/57819/6633/6193/4174/7284/10907/5713/5690/220988/5683/6187/9377/5685/26354/6632/5682/26986/5707/7332/3837/56910/3068/11331/4175/51020/51690/6175/4830/2107/5704/26121/6637/5250/3838/5691/4085/7027/5687,MAIT cells,HALLMARK,Monaco_fine
HALLMARK_E2F_TARGETS,HALLMARK_E2F_TARGETS,165,-0.299145982550515,-1.43310065117058,0.0114452220991419,0.0467346569048295,0.0281110718224538,3607,"tags=47%, list=32%, signal=33%",AURKA/MMS22L/SRSF2/PNN/SSRP1/TRA2B/MCM2/MLH1/UBE2T/PLK4/NAA38/SHMT1/RPA3/HNRNPD/MCM4/RACGAP1/PAN2/DDX39A/MRE11/CNOT9/SMC6/PCNA/CDKN1B/CDCA8/XRCC6/TUBG1/BRCA2/CDKN2C/STMN1/PHF5A/TFRC/CDKN3/ZW10/POLD1/MYC/RAD50/CENPM/HELLS/PRIM2/CDK4/RAN/NASP/DEK/NBN/SNRPB/MCM3/MCM5/SMC4/IPO7/POP7/BUB1B/RFC3/HMGA1/CENPE/MTHFD2/CDK1/EZH2/UBE2S/CDC25B/TIMELESS/DNMT1/MCM6/TOP2A/CHEK1/PTTG1/NME1/CKS2/MKI67/POLA2/NCAPD2/BRCA1/KPNA2/GINS4/CDKN2A/KIF22/MAD2L1/JPT1/TACC3,6790/253714/6427/5411/6749/6434/4171/4292/29089/10733/84316/6470/6119/3184/4173/29127/9924/10212/4361/9125/79677/5111/1027/55143/2547/7283/675/1031/3925/84844/7037/1033/9183/5424/4609/10111/79019/3070/5558/1019/5901/4678/7913/4683/6628/4172/4174/10051/10527/10248/701/5983/3159/1062/10797/983/2146/27338/994/8914/1786/4175/7153/1111/9232/4830/1164/4288/23649/9918/672/3838/84296/1029/3835/4085/51155/10460,MAIT cells,HALLMARK,Monaco_fine
HALLMARK_MYC_TARGETS_V2,HALLMARK_MYC_TARGETS_V2,56,0.388127299301437,1.50395868428807,0.0167024504722781,0.0584585766529734,0.0351630536258487,2063,"tags=36%, list=18%, signal=29%",NOP16/NOLC1/TMEM97/AIMP2/NDUFAF4/RCL1/HSPE1/HSPD1/PUS1/PPRC1/BYSL/TBRG4/IMP4/MPHOSPH10/SORD/UNG/SLC29A2/NIP7/MRTO4/TFB2M,51491/9221/27346/7965/29078/10171/3336/3329/80324/23082/705/9238/92856/10199/6652/7374/3177/51388/51154/64216,MAIT cells,HALLMARK,Monaco_fine
HALLMARK_MTORC1_SIGNALING,HALLMARK_MTORC1_SIGNALING,182,-0.274445050376498,-1.33725625945971,0.016078822970481,0.0584585766529734,0.0351630536258487,2781,"tags=35%, list=24%, signal=27%",DDIT3/ARPC5L/UBE2D3/HSPA9/TUBG1/SLC1A5/FKBP2/ADD3/NFIL3/PPIA/PSMD14/ATP5MC1/HSPA5/TFRC/DDIT4/LDHA/GLA/GPI/ACTR2/SLC7A5/SYTL2/IFRD1/PSMD13/CANX/SQSTM1/ATP6V1D/PSMA3/SDF2L1/ENO1/DAPP1/HSP90B1/GLRX/SLC2A3/ACTR3/GAPDH/PSMA4/DHFR/PSMC2/TPI1/MTHFD2/ATP2A2/SHMT2/RPN1/SLC1A4/PDAP1/NAMPT/PSAT1/ELOVL5/YKT6/PIK3R3/TUBA4A/ETF1/PSMC4/CALR/CTSC/HMBS/CORO1A/BUB1/NFKBIB/IFI30/CYB5B/BTG2/PPA1,1649/81873/7323/3313/7283/6510/2286/120/4783/5478/10213/516/3309/7037/54541/3939/2717/2821/10097/8140/54843/3475/5719/821/8878/51382/5684/23753/2023/27071/7184/2745/6515/10096/2597/5685/1719/5701/7167/10797/488/6472/6184/6509/11333/10135/29968/60481/10652/8503/7277/2107/5704/811/1075/3145/11151/699/4793/10437/80777/7832/5464,MAIT cells,HALLMARK,Monaco_fine
HALLMARK_APICAL_SURFACE,HALLMARK_APICAL_SURFACE,26,-0.462417204864325,-1.53887146214578,0.0229314034119361,0.0700735935300357,0.0421495299428786,1961,"tags=38%, list=17%, signal=32%",LYN/IL2RB/ADAM10/B4GALT1/CROCC/AFAP1L2/GATA3/IL2RG/ATP8B1/BRCA1,4067/3560/102/2683/9696/84632/2625/3561/5205/672,MAIT cells,HALLMARK,Monaco_fine
HALLMARK_KRAS_SIGNALING_UP,HALLMARK_KRAS_SIGNALING_UP,105,-0.317970453917545,-1.43323162435077,0.0240839440434937,0.0700735935300357,0.0421495299428786,1912,"tags=25%, list=17%, signal=21%",SDCCAG8/SPRY2/ANGPTL4/ZNF277/RABGAP1L/CBR4/BIRC3/ENG/GLRX/CCL20/LAT2/PLAT/VWA5A/ADAM8/C3AR1/IL2RG/MAP4K1/ETS1/GYPC/BPGM/TRAF1/TNFRSF1B/PRDM1/TNFAIP3/PSMB8/CTSS,10806/10253/51129/11179/9910/84869/330/2022/2745/6364/7462/5327/4013/101/719/3561/11184/2113/2995/669/7185/7133/639/7128/5696/1520,MAIT cells,HALLMARK,Monaco_fine
HALLMARK_ADIPOGENESIS,HALLMARK_ADIPOGENESIS,163,-0.28750150406523,-1.37465309085556,0.0243112467349103,0.0700735935300357,0.0421495299428786,2739,"tags=33%, list=24%, signal=26%",RAB34/DNAJB9/UQCR10/SLC1A5/CHUK/ECHS1/PEX14/CDKN2C/MIGA2/DBT/PPM1B/UQCRQ/LPCAT3/SOD1/DHRS7B/SDHB/CHCHD10/DGAT1/RIOK3/ENPP2/CPT2/ANGPTL4/REEP5/COX8A/MGLL/STAT5A/ACO2/NDUFS3/ACADS/MTCH2/DDT/MDH2/DECR1/GPAT4/COX7B/BCKDHA/TALDO1/PDCD4/UBC/PPP1R15B/SDHC/CCNG2/DNAJC15/ATP1B3/SUCLG1/TANK/PHYH/STOM/SCP2/GHITM/COQ5/MAP4K3/SQOR/UCP2,83871/4189/29796/6510/1147/1892/5195/1031/84895/1629/5495/27089/10162/6647/25979/6390/400916/8694/8780/5168/1376/51129/7905/1351/11343/6776/50/4722/35/23788/1652/4191/1666/137964/1349/593/6888/27250/7316/84919/6391/901/29103/483/8802/10010/5264/2040/6342/27069/84274/8491/58472/7351,MAIT cells,HALLMARK,Monaco_fine
HALLMARK_COMPLEMENT,HALLMARK_COMPLEMENT,134,-0.294090892440227,-1.37053504834853,0.029888416923249,0.0813629127355113,0.0489400978860218,1343,"tags=21%, list=12%, signal=19%",PLSCR1/RHOG/ERAP2/DUSP5/CTSB/CSRP1/PLAT/PPP4C/CALM3/L3MBTL4/CASP1/SRC/CASP10/GATA3/CTSD/LAMP2/LAP3/APOBEC3G/CTSC/PFN1/CASP4/TNFAIP3/GZMK/IRF1/GZMB/GZMA/PSMB9/CTSS,5359/391/64167/1847/1508/1465/5327/5531/808/91133/834/6714/843/2625/1509/3920/51056/60489/1075/5216/837/7128/3003/3659/3002/3001/5698/1520,MAIT cells,HALLMARK,Monaco_fine
HALLMARK_GLYCOLYSIS,HALLMARK_GLYCOLYSIS,134,-0.292503726698789,-1.36313847017459,0.0318699498923255,0.0821909234065237,0.0494381494174578,2756,"tags=36%, list=24%, signal=27%",CASP6/COPB2/TGFA/IDUA/PGM2/PPIA/STMN1/HSPA5/DDIT4/SOD1/EXT1/MIF/FUT8/PHKA2/TXN/MPI/LDHA/IGFBP3/AK3/CHPF/PFKP/ANKZF1/ANGPTL4/NASP/CLN6/ENO1/SLC16A3/PGAM1/TPBG/GLRX/XYLT2/NANP/HOMER1/B4GALT1/TPI1/MDH2/CDK1/CYB5A/TALDO1/SDHC/RBCK1/PSMC4/CHST12/GMPPA/ISG20/GALK2/MDH1/ME2,839/9276/7039/3425/55276/5478/3925/3309/54541/6647/2131/4282/2530/5256/7295/4351/3939/3486/50808/79586/5214/55139/51129/4678/54982/2023/9123/5223/7162/2745/64132/140838/9456/2683/7167/4191/983/1528/6888/6391/10616/5704/55501/29926/3669/2585/4190/4200,MAIT cells,HALLMARK,Monaco_fine
HALLMARK_PI3K_AKT_MTOR_SIGNALING,HALLMARK_PI3K_AKT_MTOR_SIGNALING,91,-0.321092530393331,-1.41393659569856,0.0392915334717846,0.0962642570058723,0.0579033124847352,1924,"tags=42%, list=17%, signal=35%",PIN1/ECSIT/MAPK1/TIAM1/MAPKAP1/MAP2K3/CDKN1B/CDK2/DDIT3/UBE2D3/LCK/PPP1CA/MAPK8/ACTR2/GRB2/SQSTM1/CDK4/DAPP1/RPS6KA3/HSP90B1/AKT1/CFL1/ACTR3/CSNK2B/MKNK2/CDK1/ITPR2/UBE2N/IL2RG/PRKAG1/TSC2/PIK3R3/CALR/PFN1/VAV3/ARPC3/NFKBIB/STAT2,5300/51295/5594/7074/79109/5606/1027/1017/1649/7323/3932/5499/5599/10097/2885/8878/1019/27071/6197/7184/207/1072/10096/1460/2872/983/3709/7334/3561/5571/7249/8503/811/5216/10451/10094/4793/6773,MAIT cells,HALLMARK,Monaco_fine
HALLMARK_CHOLESTEROL_HOMEOSTASIS,HALLMARK_CHOLESTEROL_HOMEOSTASIS,64,0.353023370076745,1.40935468786371,0.0471698113207547,0.110062893081761,0.066203243958954,2273,"tags=36%, list=20%, signal=29%",ALDOC/ATXN2/SCD/ACAT2/CPEB2/PLAUR/CLU/TMEM97/TM7SF2/DHCR7/ADH4/GUSB/PPARG/SQLE/ERRFI1/TNFRSF12A/PDK3/STARD4/LSS/CXCL16/ACSS2/CYP51A1/CD9,230/6311/6319/39/132864/5329/1191/27346/7108/1717/127/2990/5468/6713/54206/51330/5165/134429/4047/58191/55902/1595/928,MAIT cells,HALLMARK,Monaco_fine
HALLMARK_WNT_BETA_CATENIN_SIGNALING,HALLMARK_WNT_BETA_CATENIN_SIGNALING,31,0.434175828037878,1.43940074774139,0.0537848605577689,0.119793553060485,0.0720562725175851,3346,"tags=52%, list=29%, signal=37%",SKP2/CUL1/NKD1/AXIN1/HDAC11/AXIN2/HDAC2/PTCH1/DVL2/ADAM17/MAML1/CCND2/CSNK1E/RBPJ/HDAC5/WNT1,6502/8454/85407/8312/79885/8313/3066/5727/1856/6868/9794/894/1454/3516/10014/7471,MAIT cells,HALLMARK,Monaco_fine
HALLMARK_KRAS_SIGNALING_DN,HALLMARK_KRAS_SIGNALING_DN,56,-0.333419656598862,-1.3358863516881,0.0774058577405858,0.164908131708204,0.0991928611778673,1258,"tags=25%, list=11%, signal=22%",MX1/RYR1/MSH5/STAG3/PDK2/NR4A2/PTPRJ/COQ8A/TG/MFSD6/IFI44L/PDCD1/YPEL1/BTG2,4599/6261/4439/10734/5164/4929/5795/56997/7038/54842/10964/5133/29799/7832,MAIT cells,HALLMARK,Monaco_fine
HALLMARK_EPITHELIAL_MESENCHYMAL_TRANSITION,HALLMARK_EPITHELIAL_MESENCHYMAL_TRANSITION,71,0.313971008866167,1.28623734882708,0.111111111111111,0.226851851851852,0.1364522417154,908,"tags=21%, list=8%, signal=20%",NT5E/SGCB/ITGA5/LAMA3/TPM1/SERPINH1/PLAUR/TPM2/ENO2/PCOLCE/DST/PMEPA1/CD59/FERMT2/CALU,4907/6443/3678/3909/7168/871/5329/7169/2026/5118/667/56937/966/10979/813,MAIT cells,HALLMARK,Monaco_fine
HALLMARK_APICAL_JUNCTION,HALLMARK_APICAL_JUNCTION,111,-0.259871374346334,-1.18024330885841,0.158590308370044,0.310837004405286,0.186969626709947,1339,"tags=20%, list=12%, signal=18%",MYL12B/ARHGEF6/CLDN15/LIMA1/B4GALT1/FYB1/TSPAN4/SRC/PTPRC/ACTG1/EVL/IKBKG/PIK3R3/RSU1/PARD6G/TRAF1/PFN1/ACTB/RAC2/ARPC2/CNN2/CAP1,103910/9459/24146/51474/2683/2533/7106/6714/5788/71/51466/8517/8503/6251/84552/7185/5216/60/5880/10109/1265/10487,MAIT cells,HALLMARK,Monaco_fine
HALLMARK_UNFOLDED_PROTEIN_RESPONSE,HALLMARK_UNFOLDED_PROTEIN_RESPONSE,101,-0.249325170973807,-1.12004261756756,0.247881355932203,0.467161016949153,0.28099910793934,3145,"tags=36%, list=28%, signal=26%",EXOSC9/EIF4G1/EXOSC1/RRP9/NHP2/EXOSC4/EDC4/DNAJB9/HSPA9/CNOT6/HSPA5/DDIT4/MTREX/EIF4A1/HERPUD1/SLC7A5/YIF1A/PDIA6/CNOT2/HSP90B1/GOSR2/EIF4A3/MTHFD2/FUS/ATF6/SLC1A4/PSAT1/TSPYL2/HYOU1/DNAJC3/PARN/CALR/PDIA5/EIF4EBP1/ATP6V0D1/ATF3,5393/1981/51013/9136/55651/54512/23644/4189/3313/57472/3309/54541/23517/1973/9709/8140/10897/10130/4848/7184/9570/9775/10797/2521/22926/6509/29968/64061/10525/5611/5073/811/10954/1978/9114/467,MAIT cells,HALLMARK,Monaco_fine
HALLMARK_MYOGENESIS,HALLMARK_MYOGENESIS,84,0.263032880302588,1.10844373045294,0.261510128913444,0.47459245617625,0.28546914657218,3330,"tags=35%, list=29%, signal=25%",MYOM1/SCD/PRNP/CLU/GNAO1/BHLHE40/TPM2/ENO3/CHRNB1/DMPK/MYO1C/KIFC3/PDLIM7/ITGB1/SH2B1/ACSL1/MAPRE3/ADCY9/CNN3/APP/FHL1/SVIL/AGL/SORBS3/PDE4DIP/HBEGF/SPTAN1/GSN/HDAC5,8736/6319/5621/1191/2775/8553/7169/2027/1140/1760/4641/3801/9260/3688/25970/2180/22924/115/1266/351/2273/6840/178/10174/9659/1839/6709/2934/10014,MAIT cells,HALLMARK,Monaco_fine
HALLMARK_P53_PATHWAY,HALLMARK_P53_PATHWAY,159,-0.228380969963229,-1.08046239969248,0.285377358490566,0.499410377358491,0.300397219463754,2439,"tags=26%, list=21%, signal=21%",ABAT/CD81/JAG2/RPS12/DDIT4/TGFB1/CCNK/DRAM1/CDKN2B/MXD1/JUN/TAX1BP3/SLC35D1/VAMP8/ANKRA2/CSRNP2/RACK1/FOS/HMOX1/PLK3/EPS8L2/DEF6/VWA5A/MKNK2/CASP1/FAS/NINJ1/BAK1/CTSD/COQ8A/TSPYL2/IP6K2/SAT1/STOM/ADA/MXD4/CDKN2A/LDHB/IFI30/BTG2/ATF3/TAP1,18/975/3714/6206/54541/7040/8812/55332/1030/4084/3725/30851/23169/8673/57763/81566/10399/2353/3162/1263/64787/50619/4013/2872/834/355/4814/578/1509/56997/64061/51447/6303/2040/100/10608/1029/3945/10437/7832/467/6890,MAIT cells,HALLMARK,Monaco_fine
HALLMARK_TGF_BETA_SIGNALING,HALLMARK_TGF_BETA_SIGNALING,47,0.281543621521889,1.05093368555635,0.384466019417476,0.627961165048544,0.377721001532959,2424,"tags=30%, list=21%, signal=24%",TGFBR1/PMEPA1/SMAD7/CDKN1C/FNTA/KLF10/CDK9/TGIF1/SMURF1/SERPINE1/SMURF2/BMPR1A/ID3/BCAR3,7046/56937/4092/1028/2339/7071/1025/7050/57154/5054/64750/657/3399/8412,MAIT cells,HALLMARK,Monaco_fine
HALLMARK_DNA_REPAIR,HALLMARK_DNA_REPAIR,138,-0.221811803745897,-1.03464047021726,0.379157427937916,0.627961165048544,0.377721001532959,2892,"tags=30%, list=25%, signal=23%",AGO4/SNAPC4/SEC61A1/NME3/PCNA/APRT/AAAS/ITPA/POLR2J/TAF6/CSTF3/POLD1/ERCC1/TMED2/COX17/AK3/RBX1/EDF1/FEN1/GTF2A2/MPC2/POLA1/POLD4/RFC3/NT5C/SF3A3/TAF1C/ERCC2/GUK1/GTF2B/CMPK2/SRSF6/NME1/DGUOK/POLR2A/MPG/POLA2/SDCBP/TAF10/ADA/HCLS1/VPS37B,192670/6621/29927/4832/5111/353/8086/3704/5439/6878/1479/5424/2067/10959/10063/50808/9978/8721/2237/2958/25874/5422/57804/5983/30833/10946/9013/2068/2987/2959/129607/6431/4830/1716/5430/4350/23649/6386/6881/100/3059/79720,MAIT cells,HALLMARK,Monaco_fine
HALLMARK_ANDROGEN_RESPONSE,HALLMARK_ANDROGEN_RESPONSE,82,0.233663856157635,0.98124436745787,0.480519480519481,0.756891634980989,0.455273163898339,1898,"tags=24%, list=17%, signal=20%",SCD/SLC38A2/PGM3/PMEPA1/TSC22D1/VAPA/HPGD/PIAS1/ACSL3/NCOA4/FADS1/CDC14B/RAB4A/UBE2J1/SORD/TPD52/NDRG1/HERC3/GNAI3/CENPN,6319/54407/5238/56937/8848/9218/3248/8554/2181/8031/3992/8555/5867/51465/6652/7163/10397/8916/2773/55839,MAIT cells,HALLMARK,Monaco_fine
HALLMARK_COAGULATION,HALLMARK_COAGULATION,55,0.253150083573705,0.978679089676105,0.494296577946768,0.756891634980989,0.455273163898339,2380,"tags=24%, list=21%, signal=19%",DUSP14/MAFF/RABIF/CLU/C1S/CFH/SERPINE1/DPP4/GDA/ANXA1/ISCU/CD9/KLKB1,11072/23764/5877/1191/716/3075/5054/1803/9615/301/23479/928/3818,MAIT cells,HALLMARK,Monaco_fine
HALLMARK_PEROXISOME,HALLMARK_PEROXISOME,85,-0.2251117721729,-0.976850607008084,0.510775862068966,0.758424764890282,0.456195347302425,2527,"tags=26%, list=22%, signal=20%",PEX14/ISOC1/PEX13/SOD1/SLC27A2/ACAA1/ERCC1/PEX11B/ALDH1A1/CLN6/FIS1/SLC25A19/ATXN1/ACSL5/PABPC1/MVP/GSTK1/TOP2A/ELOVL5/SCP2/CADM1/IDH2,5195/51015/5194/6647/11001/30/2067/8799/216/54982/51024/60386/6310/51703/26986/9961/373156/7153/60481/6342/23705/3418,MAIT cells,HALLMARK,Monaco_fine
HALLMARK_ESTROGEN_RESPONSE_LATE,HALLMARK_ESTROGEN_RESPONSE_LATE,110,-0.209376357035286,-0.949775392222699,0.585526315789474,0.843846749226006,0.507576992015643,1542,"tags=24%, list=14%, signal=21%",IMPA2/SLC27A2/GLA/OVOL2/SLC7A5/HOMER2/ABHD2/CLIC3/FOS/TPBG/CCND1/FABP5/BTG3/OPN3/ZFP36/DUSP2/SLC1A4/STIL/PDCD4/TOP2A/ELOVL5/GINS2/COX6C/BATF/ISG20/IDH2,3613/11001/2717/58495/8140/9455/11057/9022/2353/7162/595/2171/10950/23596/7538/1844/6509/6491/27250/7153/60481/51659/1345/10538/3669/3418,MAIT cells,HALLMARK,Monaco_fine
HALLMARK_HEME_METABOLISM,HALLMARK_HEME_METABOLISM,140,-0.197595410339045,-0.924646863392676,0.668141592920354,0.909414945919371,0.547016508823682,944,"tags=13%, list=8%, signal=12%",BACH1/OPTN/LPIN2/TOP1/PPP2R5B/HDGF/LAMP2/EPOR/ELL2/FBXO34/GYPC/BPGM/SDCBP/HMBS/BTG2/ACP5/UROD/UCP2,571/10133/9663/7150/5526/3068/3920/2057/22936/55030/2995/669/6386/3145/7832/54/7389/7351,MAIT cells,HALLMARK,Monaco_fine
HALLMARK_IL2_STAT5_SIGNALING,HALLMARK_IL2_STAT5_SIGNALING,153,-0.194295669454102,-0.920845223982513,0.667425968109339,0.909414945919371,0.547016508823682,2438,"tags=24%, list=21%, signal=19%",RHOH/CD81/IRF4/PLAGL1/EOMES/IFITM3/MAPKAPK2/MYC/CDC42SE2/MXD1/TNFRSF9/PRKCH/IL2RB/RABGAP1L/CAPN3/GSTO1/TTC39B/PLSCR1/SLC2A3/CST7/CSF1/KLF6/ANXA4/IKZF2/GALM/CTSZ/CD83/BATF/PLPP1/TRAF1/AHCY/TNFRSF1B/CTLA4/SYT11/NFKBIZ/IL10/GBP4,399/975/3662/5325/8320/10410/9261/4609/56990/4084/3604/5583/3560/9910/825/9446/158219/5359/6515/8530/1435/1316/307/22807/130589/1522/9308/10538/8611/7185/191/7133/1493/23208/64332/3586/115361,MAIT cells,HALLMARK,Monaco_fine
HALLMARK_XENOBIOTIC_METABOLISM,HALLMARK_XENOBIOTIC_METABOLISM,118,-0.194200938097263,-0.894458247450989,0.71304347826087,0.937538239056677,0.563932775372437,1555,"tags=27%, list=14%, signal=24%",ACOX3/CASP6/COMT/SSR3/SLC1A5/TKFC/ABCC2/GCH1/PGD/ETFDH/SLC12A4/ACP1/SLC35D1/GSTM4/GSTO1/HMOX1/ACP2/ACO2/MT2A/DDT/ATP2A2/SHMT2/CYB5A/LPIN2/FAS/NINJ1/NQO1/ELOVL5/MTHFD1/CNDP2/AHCY/PSMB10,8310/839/1312/6747/6510/26007/1244/2643/5226/2110/6560/52/23169/2948/9446/3162/53/50/4502/1652/488/6472/1528/9663/355/4814/1728/60481/4522/55748/191/5699,MAIT cells,HALLMARK,Monaco_fine
HALLMARK_HYPOXIA,HALLMARK_HYPOXIA,131,-0.190323797201164,-0.885234738090785,0.746203904555315,0.937538239056677,0.563932775372437,2859,"tags=31%, list=25%, signal=23%",MYH9/MT1E/CDKN1B/DDIT3/CASP6/PGM2/NFIL3/IDS/XPNPEP1/VHL/HSPA5/DDIT4/EXT1/MIF/LDHA/GPI/IGFBP3/JUN/PFKP/ANKZF1/ANGPTL4/ENO1/SDC4/FOS/HMOX1/TPBG/GLRX/SLC2A3/MT2A/GAPDH/TPI1/KLF6/ZFP36/FOSL2/ETS1/CCNG2/NOCT/ISG20/TNFAIP3/ATF3,4627/4493/1027/1649/839/55276/4783/3423/7511/7428/3309/54541/2131/4282/3939/2821/3486/3725/5214/55139/51129/2023/6385/2353/3162/7162/2745/6515/4502/2597/7167/1316/7538/2355/2113/901/25819/3669/7128/467,MAIT cells,HALLMARK,Monaco_fine
HALLMARK_BILE_ACID_METABOLISM,HALLMARK_BILE_ACID_METABOLISM,68,0.209539624213658,0.850144796444023,0.743833017077799,0.937538239056677,0.563932775372437,2726,"tags=28%, list=24%, signal=21%",NR3C2/PECR/RXRA/GCLM/PAOX/EFHC1/ABCA3/PEX6/FADS1/CAT/RETSAT/ACSL1/HSD17B4/ABCD1/PEX11A/BCAR3/DHCR24/HSD17B11/FADS2,4306/55825/6256/2730/196743/114327/21/5190/3992/847/54884/2180/3295/215/8800/8412/1718/51170/9415,MAIT cells,HALLMARK,Monaco_fine
HALLMARK_FATTY_ACID_METABOLISM,HALLMARK_FATTY_ACID_METABOLISM,127,-0.189194697705112,-0.875389730335981,0.765864332603939,0.938183807439825,0.56432108718185,2612,"tags=27%, list=23%, signal=21%",MCEE/SUCLG2/ECHS1/BLVRA/PDHB/ETFDH/MIF/ALAD/ACAA1/AUH/LDHA/ACSS1/HADHB/ALDH1A1/CPT2/NTHL1/NBN/ECI1/MGLL/ACO2/UROS/ACADS/MDH2/ACSL5/DECR1/HSD17B10/FH/ELOVL5/SDHC/SUCLG1/MDH1/UROD/PSME1/UBE2L6,84693/8801/1892/644/5162/2110/4282/210/30/549/3939/84532/3032/216/1376/4913/4683/1632/11343/50/7390/35/4191/51703/1666/3028/2271/60481/6391/8802/4190/7389/5720/9246,MAIT cells,HALLMARK,Monaco_fine
HALLMARK_MITOTIC_SPINDLE,HALLMARK_MITOTIC_SPINDLE,170,-0.17563827632918,-0.844190415381993,0.850340136054422,0.980530016224986,0.589792490962398,1112,"tags=27%, list=10%, signal=25%",TUBGCP6/BRCA2/NEDD9/ABL1/STAU1/DOCK2/SUN2/PIF1/MAP3K11/RAB3GAP1/KATNB1/SASS6/PREX1/CEP250/ABR/ARHGAP4/MARK4/NF1/SPTBN1/TPX2/EZR/SMC4/RASA2/CENPE/CENPF/NET1/NUSAP1/CDK1/WASF1/PXN/PLEKHG2/BIN1/RAPGEF6/RICTOR/CD2AP/CAPZB/TOP2A/TUBA4A/NDC80/KIF20B/AKAP13/CLIP1/BUB1/KIF11/KIF22/BCL2L11,85378/675/4739/25/6780/1794/25777/80119/4296/22930/10300/163786/57580/11190/29/393/57787/4763/6711/22974/7430/10051/5922/1062/1063/10276/51203/983/8936/5829/64857/274/51735/253260/23607/832/7153/7277/10403/9585/11214/6249/699/3832/3835/10018,MAIT cells,HALLMARK,Monaco_fine
HALLMARK_PROTEIN_SECRETION,HALLMARK_PROTEIN_SECRETION,90,0.189093727353236,0.805813336880109,0.851301115241636,0.980530016224986,0.589792490962398,1524,"tags=16%, list=13%, signal=14%",ARFGAP3/SNX2/SEC31A/DST/AP2B1/COG2/DNM1L/STX7/VAMP3/TSG101/SNAP23/KIF1B/TPD52/SCAMP1,26286/6643/22872/667/163/22796/10059/8417/9341/7251/8773/23095/7163/9522,MAIT cells,HALLMARK,Monaco_fine
HALLMARK_REACTIVE_OXYGEN_SPECIES_PATHWAY,HALLMARK_REACTIVE_OXYGEN_SPECIES_PATHWAY,45,0.202649438810514,0.74611606023137,0.86046511627907,0.980530016224986,0.589792490962398,1433,"tags=16%, list=13%, signal=14%",CDKN2D/GCLM/PRNP/PRDX4/NDUFS2/OXSR1/CAT,1032/2730/5621/10549/4720/9943/847,MAIT cells,HALLMARK,Monaco_fine
HALLMARK_HEDGEHOG_SIGNALING,HALLMARK_HEDGEHOG_SIGNALING,14,-0.228540164335262,-0.654595126521121,0.882352941176471,0.982620320855615,0.591049817056009,1733,"tags=29%, list=15%, signal=24%",MYH9/NF1/LDB1/ADGRG1,4627/4763/8861/9289,MAIT cells,HALLMARK,Monaco_fine
HALLMARK_SPERMATOGENESIS,HALLMARK_SPERMATOGENESIS,58,-0.184335662103584,-0.740390364702032,0.926470588235294,0.989316239316239,0.5950774371827,2265,"tags=19%, list=20%, signal=15%",CDKN3/HSPA2/BRAF/STAM2/IL12RB2/LPIN1/CDK1/EZH2/TALDO1/TULP2/BUB1,1033/3306/673/10254/3595/23175/983/2146/6888/7288/699,MAIT cells,HALLMARK,Monaco_fine
HALLMARK_UV_RESPONSE_DN,HALLMARK_UV_RESPONSE_DN,97,0.16792307829357,0.722917367067018,0.960600375234522,0.989316239316239,0.5950774371827,2713,"tags=24%, list=24%, signal=18%",NR1D2/RXRA/AGGF1/BHLHE40/SMAD7/DBP/MAGI2/NIPBL/MGMT/PHF3/ATP2B4/PPARG/SERPINE1/NFIB/ARHGEF9/BMPR1A/BCKDHB/NEK7/PTEN/CDK13/KIT/SCAF8/SLC7A1,9975/6256/55109/8553/4092/1628/9863/25836/4255/23469/493/5468/5054/4781/23229/657/594/140609/5728/8621/3815/22828/6541,MAIT cells,HALLMARK,Monaco_fine
HALLMARK_ESTROGEN_RESPONSE_EARLY,HALLMARK_ESTROGEN_RESPONSE_EARLY,122,0.148047873998943,0.662857539586691,0.985130111524164,0.989316239316239,0.5950774371827,3749,"tags=34%, list=33%, signal=23%",BHLHE40/DYNLT3/ARL3/NRIP1/DHCR7/ABCA3/KLF10/AMFR/SNX24/FKBP4/BLVRB/CHPT1/NADSYN1/MYBL1/ADCY9/FLNB/RETREG1/PEX11A/TIPARP/UGCG/BCL2/AQP3/SLC16A1/SVIL/SLC2A1/MREG/DEPTOR/FASN/FDFT1/SLC22A5/IGF1R/RASGRP1/WWC1/PDZK1/ABLIM1/NXT1/TMPRSS3/BCL11B/CISH/LRIG1/SLC39A6/SLC26A2,8553/6990/403/8204/1717/21/7071/267/28966/2288/645/56994/55191/4603/115/2317/54463/8800/25976/7357/596/360/6566/6840/6513/55686/64798/2194/2222/6584/3480/10125/23286/5174/3983/29107/64699/64919/1154/26018/25800/1836,MAIT cells,HALLMARK,Monaco_fine
HALLMARK_PANCREAS_BETA_CELLS,HALLMARK_PANCREAS_BETA_CELLS,13,-0.199159769701167,-0.548158780653121,0.989316239316239,0.989316239316239,0.5950774371827,2569,"tags=23%, list=23%, signal=18%",FOXO1/ELP4/PAK3,2308/26610/5063,MAIT cells,HALLMARK,Monaco_fine
HALLMARK_NOTCH_SIGNALING,HALLMARK_NOTCH_SIGNALING,21,-0.169281915091586,-0.534849779388906,0.981171548117155,0.989316239316239,0.5950774371827,3790,"tags=43%, list=33%, signal=29%",PSENEN/NOTCH1/DTX2/APH1A/SKP1/RBX1/MAML2/CCND1/HES1,55851/4851/113878/51107/6500/9978/84441/595/3280,MAIT cells,HALLMARK,Monaco_fine
HALLMARK_INTERFERON_ALPHA_RESPONSE,HALLMARK_INTERFERON_ALPHA_RESPONSE,84,-0.758434981200426,-3.28486505777382,1e-10,1.25e-09,8.42105263157895e-10,1153,"tags=61%, list=12%, signal=54%",IFIT3/PLSCR1/IRF7/IFITM2/LY6E/TRIM21/OAS1/CMPK2/IFIH1/SELL/IFIT2/NUB1/IRF9/TMEM140/EPSTI1/DDX60/TRIM5/ISG20/IL15/TRIM25/STAT2/IL4R/CASP1/EIF2AK2/UBE2L6/MX1/CD47/PARP14/RSAD2/SP110/HLA-C/PSMA3/IFITM3/SAMD9L/PARP12/IFI35/PSME1/B2M/NMI/IFI30/GBP4/PSME2/CXCL10/ISG15/LAP3/PSMB8/IRF1/GBP2/PARP9/TAP1/PSMB9,3437/5359/3665/10581/4061/6737/4938/129607/64135/6402/3433/51667/10379/55281/94240/55601/85363/3669/3600/7706/6773/3566/834/5610/9246/4599/961/54625/91543/3431/3107/5684/10410/219285/64761/3430/5720/567/9111/10437/115361/5721/3627/9636/51056/5696/3659/2634/83666/6890/5698,Myeloid dendritic cells,HALLMARK,Monaco_fine
HALLMARK_INTERFERON_GAMMA_RESPONSE,HALLMARK_INTERFERON_GAMMA_RESPONSE,173,-0.670290414203907,-3.24776393030318,1e-10,1.25e-09,8.42105263157895e-10,1101,"tags=50%, list=11%, signal=45%",PLSCR1/IRF7/IFITM2/LY6E/TRIM21/PTPN6/CMPK2/XAF1/IFIH1/PDE4B/CD69/CD274/IFIT2/CCL5/SOD2/SRI/IRF9/IL15RA/VAMP8/EPSTI1/GCH1/CD40/SAMHD1/DDX60/GPR18/ISG20/IL15/HIF1A/CASP4/PSMB2/TRIM25/STAT2/ZNFX1/IL4R/CASP1/PTPN1/IFNAR2/EIF2AK2/SOCS3/SOCS1/RNF213/UBE2L6/MX1/PSMB10/PARP14/PFKP/PSMA2/RSAD2/FCGR1A/SP110/PSMA3/CD38/MYD88/IFITM3/TNFAIP2/SAMD9L/ST3GAL5/MVP/PARP12/JAK2/MX2/OAS2/IFI35/APOL6/PSME1/TAPBP/LYSMD2/B2M/CXCL9/HLA-A/NMI/VAMP5/IFI30/HLA-B/GBP4/PSME2/CXCL10/ISG15/LAP3/PSMB8/IRF1/TAP1/NLRC5/PSMB9/TNFSF10/STAT1,5359/3665/10581/4061/6737/5777/129607/54739/64135/5142/969/29126/3433/6352/6648/6717/10379/3601/8673/94240/2643/958/25939/55601/2841/3669/3600/3091/837/5690/7706/6773/57169/3566/834/5770/3455/5610/9021/8651/57674/9246/4599/5699/54625/5214/5683/91543/2209/3431/5684/952/4615/10410/7127/219285/8869/9961/64761/3717/4600/4939/3430/80830/5720/6892/256586/567/4283/3105/9111/10791/10437/3106/115361/5721/3627/9636/51056/5696/3659/6890/84166/5698/8743/6772,Myeloid dendritic cells,HALLMARK,Monaco_fine
HALLMARK_OXIDATIVE_PHOSPHORYLATION,HALLMARK_OXIDATIVE_PHOSPHORYLATION,197,-0.499234731827907,-2.4340565712383,1e-10,1.25e-09,8.42105263157895e-10,1772,"tags=41%, list=18%, signal=34%",UQCRFS1/TIMM13/BAX/CYCS/TIMM10/ETFA/NDUFB4/SLC25A5/ATP5PD/NDUFA6/MDH1/COX17/COX7C/DLAT/SLC25A6/VDAC3/ATP5MC3/TCIRG1/LDHA/NDUFB3/CYB5R3/PHB2/MRPL11/IDH3G/UQCRH/CPT1A/COX6B1/ATP6V1G1/ATP5MC2/NDUFA8/DLD/ATP5ME/CYB5A/ATP5PF/TOMM22/NDUFB7/COX5A/GRPEL1/NDUFA7/UQCRQ/COX4I1/NDUFA1/HSD17B10/IDH3A/ATP5F1E/ATP5F1B/NDUFC1/LDHB/ATP5PO/NDUFS4/NDUFS8/ACAA1/COX7B/NDUFB1/UQCR11/OGDH/NDUFA2/ETFB/NDUFB8/DECR1/COX6C/COX5B/OXA1L/NDUFB2/NDUFC2/VDAC1/SDHB/COX8A/ATP5F1C/TIMM17A/ATP5MF/COX7A2/ATP5MC1/COX6A1/NDUFS6/MRPS12/NDUFAB1/NDUFA9/ATP5MG/NDUFV2/TIMM8B,7386/26517/581/54205/26519/2108/4710/292/10476/4700/4190/10063/1350/1737/293/7419/518/10312/3939/4709/1727/11331/65003/3421/7388/1374/1340/9550/517/4702/1738/521/1528/522/56993/4713/9377/80273/4701/27089/1327/4694/3028/3419/514/506/4717/3945/539/4724/4728/30/1349/4707/10975/4967/4695/2109/4714/1666/1345/1329/5018/4708/4718/7416/6390/1351/509/10440/9551/1347/516/1337/4726/6183/4706/4704/10632/4729/26521,Myeloid dendritic cells,HALLMARK,Monaco_fine
HALLMARK_ALLOGRAFT_REJECTION,HALLMARK_ALLOGRAFT_REJECTION,141,-0.496490051273726,-2.32127450979874,1e-10,1.25e-09,8.42105263157895e-10,2195,"tags=52%, list=23%, signal=41%",IGSF6/CCR5/NCK1/CCR1/BCL10/CD80/MAP3K7/RPL39/GLMN/RPS9/RPS19/GZMA/LCP2/EIF3J/ABCE1/CD3E/IL16/EREG/BCL3/RIPK2/LY75/ITGAL/CCR2/IRF7/WAS/BCAT1/PTPN6/AKT1/UBE2D1/CSK/FGR/TIMP1/CD2/CD3D/MRPL3/CCL5/PRKCB/CD1D/LTB/CFP/CD79A/ELF4/IL2RG/ETS1/CD247/NME1/ABI1/EIF5A/FLNA/CD40/UBE2N/IL2RA/EIF4G3/IL15/ITGB2/HIF1A/IL4R/IFNAR2/SOCS1/PTPRC/CD47/PSMB10/CD96/SPI1/JAK2/TAPBP/B2M/CXCL9/HLA-A/GBP2/TAP2/TAP1/STAT1,10261/1234/4690/1230/8915/941/6885/6170/11146/6203/6223/3001/3937/8669/6059/916/3603/2069/602/8767/4065/3683/729230/3665/7454/586/5777/207/7321/1445/2268/7076/914/915/11222/6352/5579/912/4050/5199/973/2000/3561/2113/919/4830/10006/1984/2316/958/7334/3559/8672/3600/3689/3091/3566/3455/8651/5788/961/5699/10225/6688/3717/6892/567/4283/3105/2634/6891/6890/6772,Myeloid dendritic cells,HALLMARK,Monaco_fine
HALLMARK_MYC_TARGETS_V1,HALLMARK_MYC_TARGETS_V1,188,-0.43675638125796,-2.1175712989292,1.19322699071652e-09,1.19322699071652e-08,8.0385818321955e-09,2137,"tags=47%, list=22%, signal=38%",SNRPA1/RNPS1/PGK1/MYC/ERH/RPS5/COPS5/RACK1/RPL6/EIF2S2/DDX21/SRSF1/EXOSC7/DEK/CYC1/EIF4G2/SYNCRIP/SERBP1/EIF3J/PSMA7/MCM6/ABCE1/MRPL9/DUT/RPL22/TFDP1/XRCC6/HPRT1/RPS3/PSMC6/RPS2/HDDC2/CCT7/RPL14/NHP2/NCBP1/VDAC3/TARDBP/NOP16/LDHA/HNRNPA3/CBX3/PSMA1/SNRPA/YWHAE/LSM2/PHB2/CTPS1/TYMS/RPL18/SNRPD1/XPOT/SNRPB2/LSM7/HNRNPR/COX5A/APEX1/PRDX4/TXNL4A/MRPL23/PPIA/HNRNPD/NOLC1/SSBP1/SNRPD2/NME1/GNL3/C1QBP/RANBP1/PSMD7/PRPF31/SET/VDAC1/VBP1/PSMB2/PPM1G/HDGF/SNRPG/SSB/PSMD3/AIMP2/RRP9/PSMB3/PSMA6/NDUFAB1/PSMA2/CUL1/UBE2L3/PSMA4,6627/10921/5230/4609/2079/6193/10987/10399/6128/8894/9188/6426/23016/7913/1537/1982/10492/26135/8669/5688/4175/6059/65005/1854/6146/7027/2547/3251/6188/5706/6187/51020/10574/9045/55651/4686/7419/23435/51491/3939/220988/11335/5682/6626/7531/57819/11331/1503/7298/6141/6632/11260/6629/51690/10236/9377/328/10549/10907/6150/5478/3184/9221/6742/6633/4830/26354/708/5902/5713/26121/6418/7416/7411/5690/5496/3068/6637/6741/5709/7965/9136/5691/5687/4706/5683/8454/7332/5685,Myeloid dendritic cells,HALLMARK,Monaco_fine
HALLMARK_IL6_JAK_STAT3_SIGNALING,HALLMARK_IL6_JAK_STAT3_SIGNALING,68,-0.446172072134612,-1.84215069728807,0.000284346384664345,0.00236955320553621,0.00159633058057176,661,"tags=25%, list=7%, signal=23%",LTB/IL2RG/IRF9/IL15RA/IL2RA/STAT2/CD44/IL4R/PTPN1/SOCS3/SOCS1/CD38/MYD88/CXCL9/CXCL10/IRF1/STAT1,4050/3561/10379/3601/3559/6773/960/3566/5770/9021/8651/952/4615/4283/3627/3659/6772,Myeloid dendritic cells,HALLMARK,Monaco_fine
HALLMARK_INFLAMMATORY_RESPONSE,HALLMARK_INFLAMMATORY_RESPONSE,127,-0.352185686439342,-1.61062508844271,0.000934996045106971,0.00667854317933551,0.00449922908923655,1566,"tags=31%, list=16%, signal=27%",EREG/SLC4A4/SGMS2/C5AR1/RIPK2/SELENOS/CD48/CCRL2/RNF144B/IRF7/HBEGF/LY6E/GPR132/SCARF1/TIMP1/MXD1/SELL/PTPRE/PDE4B/CD69/CCL5/SRI/IL15RA/ABI1/GCH1/CD40/IL15/HIF1A/OLR1/IL4R/EIF2AK2/MEFV/CYBB/TAPBP/EMP3/CXCL9/NMI/CXCL10/IRF1/TNFSF10,2069/8671/166929/728/8767/55829/962/9034/255488/3665/1839/4061/29933/8578/7076/4084/6402/5791/5142/969/6352/6717/3601/10006/2643/958/3600/3091/4973/3566/5610/4210/1536/6892/2014/4283/9111/3627/3659/8743,Myeloid dendritic cells,HALLMARK,Monaco_fine
HALLMARK_UV_RESPONSE_UP,HALLMARK_UV_RESPONSE_UP,108,0.362456061092289,1.60563098163486,0.00189880981726171,0.0118675613578857,0.00799498870425984,901,"tags=24%, list=9%, signal=22%",ABCB1/EIF5/HTR7/CDKN1C/BTG2/DNAJB1/AMD1/HMOX1/FOS/FOSB/FKBP4/NR4A1/CCND3/CHKA/JUNB/ARRB2/CYB5R1/CASP3/MMP14/IL6ST/PARP2/SQSTM1/STK25/ATF3/DLG4/PLCL1,5243/1983/3363/1028/7832/3337/262/3162/2353/2354/2288/3164/896/1119/3726/409/51706/836/4323/3572/10038/8878/10494/467/1742/5334,Myeloid dendritic cells,HALLMARK,Monaco_fine
HALLMARK_SPERMATOGENESIS,HALLMARK_SPERMATOGENESIS,52,0.432158318396851,1.67312733609015,0.00470237236179941,0.0235118618089971,0.015839570060798,1301,"tags=29%, list=13%, signal=25%",MLF1/SIRT1/PIAS2/IFT88/TLE4/IP6K1/COIL/SPATA6/CCT6B/PARP2/SHE/ARL4A/PHF7/STAM2/ZC3H14,4291/23411/9063/8100/7091/9807/8161/54558/10693/10038/126669/10124/51533/10254/79882,Myeloid dendritic cells,HALLMARK,Monaco_fine
HALLMARK_TNFA_SIGNALING_VIA_NFKB,HALLMARK_TNFA_SIGNALING_VIA_NFKB,161,0.316223359128291,1.48484472742387,0.00441971444453907,0.0235118618089971,0.015839570060798,1017,"tags=25%, list=10%, signal=23%",CD83/BTG2/DNAJB4/JUN/CCNL1/IER2/CCL2/EGR1/PMEPA1/DUSP1/KLF6/KLF2/GADD45B/EGR2/PHLDA1/FOS/FOSB/PER1/PPP1R15A/MAFF/CCL4/TNF/PNRC1/SGK1/NR4A1/CXCL1/JUNB/REL/IL18/KLF10/TIPARP/EGR3/IL6ST/ZFP36/MARCKS/SQSTM1/ATF3/LDLR/TNFSF9/MCL1,9308/7832/11080/3725/57018/9592/6347/1958/56937/1843/1316/10365/4616/1959/22822/2353/2354/5187/23645/23764/6351/7124/10957/6446/3164/2919/3726/5966/3606/7071/25976/1960/3572/7538/4082/8878/467/3949/8744/4170,Myeloid dendritic cells,HALLMARK,Monaco_fine
HALLMARK_COMPLEMENT,HALLMARK_COMPLEMENT,134,-0.308508259724984,-1.43010276502673,0.00595821923521066,0.027082814705503,0.0182452646437073,1123,"tags=23%, list=12%, signal=21%",PIK3CA/PLSCR1/IRF7/WAS/SERPINA1/RNF4/TIMP1/CTSH/CASP9/CCL5/PRCP/FCN1/ITGAM/ERAP2/PIK3CG/ATOX1/CASP4/GNB4/OLR1/GCA/USP15/CASP1/PLEK/S100A9/GNB2/JAK2/PFN1/EHD1/LAP3/IRF1/PSMB9,5290/5359/3665/7454/5265/6047/7076/1512/842/6352/5547/2219/3684/64167/5294/475/837/59345/4973/25801/9958/834/5341/6280/2783/3717/5216/10938/51056/3659/5698,Myeloid dendritic cells,HALLMARK,Monaco_fine
HALLMARK_ANGIOGENESIS,HALLMARK_ANGIOGENESIS,14,-0.618941909822203,-1.76292729919222,0.00808754500414215,0.0336981041839256,0.0227018807133815,838,"tags=43%, list=9%, signal=39%",TIMP1/PTK2/OLR1/S100A4/THBD/APP,7076/5747/4973/6275/7056/351,Myeloid dendritic cells,HALLMARK,Monaco_fine
HALLMARK_HYPOXIA,HALLMARK_HYPOXIA,123,0.314355686892972,1.42653081663117,0.0131624552298497,0.0506248278071143,0.0341051471542665,987,"tags=23%, list=10%, signal=21%",CCNG2/CDKN1C/JUN/DDIT3/KLHL24/DUSP1/KLF6/P4HA1/CITED2/PDK1/HMOX1/FOS/MT1E/PPP1R15A/MAFF/PNRC1/IDS/GPC4/KDM3A/PRKCA/FOXO3/TIPARP/WSB1/ZFP36/ATF3/PDGFB/ATP7A/RBPJ,901/1028/3725/1649/54800/1843/1316/5033/10370/5163/3162/2353/4493/23645/23764/10957/3423/2239/55818/5578/2309/25976/26118/7538/467/5155/538/3516,Myeloid dendritic cells,HALLMARK,Monaco_fine
HALLMARK_TGF_BETA_SIGNALING,HALLMARK_TGF_BETA_SIGNALING,45,0.420079171407471,1.56407848500693,0.0187675148522837,0.067026838758156,0.045154922952863,883,"tags=24%, list=9%, signal=22%",CDKN1C/PMEPA1/PPP1R15A/ENG/ID3/JUNB/TGFBR1/SMURF2/KLF10/ID1/SKIL,1028/56937/23645/2022/3399/3726/7046/64750/7071/3397/6498,Myeloid dendritic cells,HALLMARK,Monaco_fine
HALLMARK_APICAL_JUNCTION,HALLMARK_APICAL_JUNCTION,99,-0.311336976045424,-1.39477827859101,0.0208335700059409,0.0694452333531364,0.0467841572063234,1638,"tags=29%, list=17%, signal=25%",DHX16/RSU1/VCAM1/SRC/PBX2/ICAM2/ACTN4/DLG1/ZYX/TAOK2/INPPL1/RAC2/TMEM8B/NEGR1/MSN/CTNNA1/CD274/MYL12B/VASP/ARPC2/PTK2/CAP1/CNN2/ACTG1/PTPRC/ACTB/CD99/MYH9/PFN1,8449/6251/7412/6714/5089/3384/81/1739/7791/9344/3636/5880/51754/257194/4478/1495/29126/103910/7408/10109/5747/10487/1265/71/5788/60/4267/4627/5216,Myeloid dendritic cells,HALLMARK,Monaco_fine
HALLMARK_WNT_BETA_CATENIN_SIGNALING,HALLMARK_WNT_BETA_CATENIN_SIGNALING,26,0.470050544531168,1.53606365041505,0.0340564771492763,0.106426491091489,0.0716978466300554,1303,"tags=27%, list=13%, signal=23%",ADAM17/WNT5B/FZD1/KAT2A/GNAI1/RBPJ/CSNK1E,6868/81029/8321/2648/2770/3516/1454,Myeloid dendritic cells,HALLMARK,Monaco_fine
HALLMARK_ESTROGEN_RESPONSE_EARLY,HALLMARK_ESTROGEN_RESPONSE_EARLY,102,0.308849867650257,1.34612945817354,0.0394217563513019,0.115946342209711,0.0781112200149635,1222,"tags=22%, list=13%, signal=19%",FCMR/PAPSS2/ELF1/TBC1D30/FOS/KDM4B/FKBP4/GLA/PLAAT3/KLF10/SLC1A4/TIPARP/EGR3/CXCL12/IL6ST/PMAIP1/OLFML3/MED24/TOB1/TGIF2/GAB2/DEPTOR,9214/9060/1997/23329/2353/23030/2288/2717/11145/7071/6509/25976/1960/6387/3572/5366/56944/9862/10140/60436/9846/64798,Myeloid dendritic cells,HALLMARK,Monaco_fine
HALLMARK_HEME_METABOLISM,HALLMARK_HEME_METABOLISM,128,0.290413984094249,1.32722544411914,0.0432525951557093,0.120146097654748,0.0809405289463567,2881,"tags=41%, list=30%, signal=29%",BTG2/SDCBP/CTNS/ABCG2/ARHGEF12/MFHAS1/TFDP2/PPP2R5B/FECH/LPIN2/CCND3/SEC14L1/NARF/CDR2/FOXO3/ATP6V0A1/SLC11A2/ERMAP/SLC30A1/KHNYN/RBM5/GAPVD1/RANBP10/RBM38/EPB41/TNRC6B/SYNJ1/VEZF1/DCUN1D1/ADIPOR1/NCOA4/HEBP1/CTSB/DAAM1/EZH1/MKRN1/NR3C1/MXI1/TRAK2/NFE2L1/ADD1/BTRC/BPGM/SMOX/GCLM/DCAF11/PRDX2/ACP5/GCLC/ISCA1/BLVRB/BMP2K,7832/6386/1497/9429/23365/9258/7029/5526/2235/9663/896/6397/26502/1039/2309/535/4891/114625/7779/23351/10181/26130/57610/55544/2035/23112/8867/7716/54165/51094/8031/50865/1508/23002/2145/23608/2908/4601/66008/4779/118/8945/669/54498/2730/80344/7001/54/2729/81689/645/55589,Myeloid dendritic cells,HALLMARK,Monaco_fine
HALLMARK_MYC_TARGETS_V2,HALLMARK_MYC_TARGETS_V2,51,-0.342618111781051,-1.34621425074006,0.0626450116009281,0.15661252900232,0.105507387959458,3397,"tags=51%, list=35%, signal=33%",NOC4L/EXOSC5/PA2G4/MCM4/NDUFAF4/NOP56/GRWD1/UNG/PPRC1/WDR74/MYC/IMP4/NIP7/LAS1L/SORD/NOP16/CBX3/MYBBP1A/DCTPP1/TBRG4/TFB2M/NOLC1/GNL3/WDR43/AIMP2/RRP9,79050/56915/5036/4173/29078/10528/83743/7374/23082/54663/4609/92856/51388/81887/6652/51491/11335/10514/79077/9238/64216/9221/26354/23160/7965/9136,Myeloid dendritic cells,HALLMARK,Monaco_fine
HALLMARK_UV_RESPONSE_DN,HALLMARK_UV_RESPONSE_DN,93,0.30513683691717,1.30313142230673,0.062043795620438,0.15661252900232,0.105507387959458,2481,"tags=34%, list=26%, signal=26%",NR1D2/DUSP1/CITED2/MT1E/DBP/LPAR1/WDR37/DAB2/PRKCA/ID1/SFMBT1/LDLR/AKT3/ACVR2A/ZMIZ1/INPP4B/RASA2/NRP1/CDK13/PHF3/ATRN/TOGARAM1/SIPA1L1/MIOS/MGMT/ICA1/MTA1/NR3C1/DYRK1A/CELF2/ABCC1/PIK3R3,9975/1843/10370/4493/1628/1902/22884/1601/5578/3397/51460/3949/10000/92/57178/8821/5922/8829/8621/23469/8455/23116/26037/54468/4255/3382/9112/2908/1859/10659/4363/8503,Myeloid dendritic cells,HALLMARK,Monaco_fine
HALLMARK_APICAL_SURFACE,HALLMARK_APICAL_SURFACE,20,-0.447255712471605,-1.39984258010856,0.091703056768559,0.218340611353712,0.147092622385659,967,"tags=30%, list=10%, signal=27%",TMEM8B/SULF2/IL2RG/AKAP7/APP/CRYBG1,51754/55959/3561/9465/351/202,Myeloid dendritic cells,HALLMARK,Monaco_fine
HALLMARK_P53_PATHWAY,HALLMARK_P53_PATHWAY,147,0.265401029046632,1.23600720513326,0.0993150684931507,0.225716064757161,0.152061348889035,2056,"tags=31%, list=21%, signal=25%",SESN1/BTG2/RALGDS/JUN/DDIT3/ZBTB16/HMOX1/FOS/PLK3/PPP1R15A/CTSF/BAIAP2/CCND3/WWP1/FOXO3/ST14/CSRNP2/COQ8A/ATF3/GM2A/TNFSF9/TOB1/PMM1/CD81/IRAK1/APAF1/TXNIP/ABCC5/TSPYL2/ALOX15B/RAD9A/DGKA/RCHY1/TCHH/MXD4/EPHX1/ZFP36L1/PLK2/NOL8/CTSD/SLC35D1/PRKAB1/ZMAT3/EI24/GADD45A,27244/7832/5900/3725/1649/7704/3162/2353/1263/23645/8722/10458/896/11059/2309/6768/81566/56997/467/2760/8744/10140/5372/975/3654/317/10628/10057/64061/247/5883/1606/25898/7062/10608/2052/677/10769/55035/1509/23169/5564/64393/9538/1647,Myeloid dendritic cells,HALLMARK,Monaco_fine
HALLMARK_PI3K_AKT_MTOR_SIGNALING,HALLMARK_PI3K_AKT_MTOR_SIGNALING,83,-0.288963098991925,-1.24611927322776,0.105855855855856,0.2301214257736,0.155029171047478,2692,"tags=43%, list=28%, signal=32%",HRAS/CDKN1B/PTEN/CALR/RALB/CDK1/PRKAG1/RPTOR/NCK1/MAP2K6/MAP2K3/GSK3B/VAV3/MAP3K7/ARF1/CXCR4/MAPKAP1/GRB2/CAMK4/ARPC3/THEM4/AKT1/PPP1CA/ACTR3/CSNK2B/PRKCB/IRAK4/IL2RG/PLCB1/UBE2N/STAT2/CFL1/YWHAB/ARHGDIA/MYD88/PFN1,3265/1027/5728/811/5899/983/5571/57521/4690/5608/5606/2932/10451/6885/375/7852/79109/2885/814/10094/117145/207/5499/10096/1460/5579/51135/3561/23236/7334/6773/1072/7529/396/4615/5216,Myeloid dendritic cells,HALLMARK,Monaco_fine
HALLMARK_MTORC1_SIGNALING,HALLMARK_MTORC1_SIGNALING,167,-0.245327446740235,-1.18203228499892,0.117511520737327,0.244815668202765,0.164928450157652,2047,"tags=28%, list=21%, signal=22%",MAP2K3/PGM1/GSK3B/PSMG1/TPI1/TXNRD1/ELOVL5/CYB5B/USO1/HPRT1/PSME3/PSMC6/PNP/SLC2A3/TOMM40/CXCR4/SORD/MTHFD2/EGLN3/LDHA/NUFIP1/EDEM1/EEF1E1/BHLHE40/BCAT1/ACTR3/PDAP1/SRD5A1/PPIA/ARPC5L/GLRX/CFP/PNO1/SHMT2/TES/PPA1/ITGB2/ENO1/ATP5MC1/GAPDH/RRP9/CORO1A/SLC1A5/PSMA3/IFI30/PSMA4,5606/5236/2932/8624/7167/7296/60481/80777/8615/3251/10197/5706/4860/6515/10452/7852/6652/10797/112399/3939/26747/9695/9521/8553/586/10096/11333/6715/5478/81873/2745/5199/56902/6472/26136/5464/3689/2023/516/2597/9136/11151/6510/5684/10437/5685,Myeloid dendritic cells,HALLMARK,Monaco_fine
HALLMARK_KRAS_SIGNALING_DN,HALLMARK_KRAS_SIGNALING_DN,47,0.33248923357724,1.25735691184581,0.133214920071048,0.266429840142096,0.17948957651678,941,"tags=23%, list=10%, signal=21%",BTG2/PRKN/RYR1/ZBTB16/DTNB/SGK1/NR6A1/TFCP2L1/COQ8A/SKIL/SELENOP,7832/5071/6261/7704/1838/6446/2649/29842/56997/6498/6414,Myeloid dendritic cells,HALLMARK,Monaco_fine
HALLMARK_REACTIVE_OXYGEN_SPECIES_PATHWAY,HALLMARK_REACTIVE_OXYGEN_SPECIES_PATHWAY,44,-0.323454659186245,-1.22685800609796,0.150224215246637,0.288892721628148,0.194622465096857,2166,"tags=39%, list=22%, signal=30%",TXNRD2/MSRA/TXNRD1/NDUFB4/NDUFA6/SELENOS/GLRX2/ERCC2/PRDX4/GLRX/SOD2/PDLIM1/ATOX1/LAMTOR5/OXSR1/TXN/PFKP,10587/4482/7296/4710/4700/55829/51022/2068/10549/2745/6648/9124/475/10542/9943/7295/5214,Myeloid dendritic cells,HALLMARK,Monaco_fine
HALLMARK_DNA_REPAIR,HALLMARK_DNA_REPAIR,132,-0.250369730022738,-1.15574271305426,0.180327868852459,0.331286360698125,0.223182390365053,2540,"tags=36%, list=26%, signal=27%",TK2/DAD1/EIF1B/POLD4/POM121/MPG/EDF1/RPA3/NUDT21/POLR3GL/SURF1/APRT/DGUOK/CETN2/NELFE/DUT/HPRT1/RRM2B/NT5C/PNP/COX17/NT5C3A/TAF9/TYMS/VPS37B/TAF10/POLA2/SUPT4H1/ERCC8/ERCC4/CMPK2/ITPA/ERCC2/POLR1C/PDE4B/POLR2E/GTF2A2/CSTF3/GTF2H5/MRPL40/ADA/DDB2/NME1/ALYREF/GUK1/RBX1/POLB,7084/1603/10289/57804/9883/4350/8721/6119/11051/84265/6834/353/1716/1069/7936/1854/3251/50484/30833/4860/10063/51251/6880/7298/79720/6881/23649/6827/1161/2072/129607/3704/2068/9533/5142/5434/2958/1479/404672/64976/100/1643/4830/10189/2987/9978/5423,Myeloid dendritic cells,HALLMARK,Monaco_fine
HALLMARK_FATTY_ACID_METABOLISM,HALLMARK_FATTY_ACID_METABOLISM,118,-0.25312601176495,-1.15227084051326,0.18552036199095,0.331286360698125,0.223182390365053,2734,"tags=37%, list=28%, signal=27%",ECH1/GPD2/RETSAT/ERP29/ACAA2/UROS/FH/CBR1/SUCLA2/FASN/ACSL5/FABP2/PDHB/ECHS1/ADSL/MGLL/GABARAPL1/PTS/ACAT2/GRHPR/ELOVL5/OSTC/MIF/MDH1/LDHA/VNN1/IDH3G/ACOT8/LGALS1/EHHADH/CPT1A/DLD/CPT2/APEX1/HSD17B10/NBN/ACAA1/CD1D/DECR1/IL4I1/UBE2L6/S100A10/PSME1/ACSL1,1891/2820/54884/10961/10449/7390/2271/873/8803/2194/51703/2169/5162/1892/158/11343/23710/5805/39/9380/60481/58505/4282/4190/3939/8876/3421/10005/3956/1962/1374/1738/1376/328/3028/4683/30/912/1666/259307/9246/6281/5720/2180,Myeloid dendritic cells,HALLMARK,Monaco_fine
HALLMARK_CHOLESTEROL_HOMEOSTASIS,HALLMARK_CHOLESTEROL_HOMEOSTASIS,54,0.303965758232803,1.18231251308975,0.193548387096774,0.333704115684093,0.224811193724021,1957,"tags=35%, list=20%, signal=28%",CXCL16/GNAI1/PNRC1/SCD/LGALS3/CHKA/ATF3/LGMN/LDLR/NSDHL/ALCAM/GUSB/TP53INP1/CD9/FADS2/TMEM97/ATXN2/PDK3/ERRFI1,58191/2770/10957/6319/3958/1119/467/5641/3949/50814/214/2990/94241/928/9415/27346/6311/5165/54206,Myeloid dendritic cells,HALLMARK,Monaco_fine
HALLMARK_ADIPOGENESIS,HALLMARK_ADIPOGENESIS,155,-0.235923442343061,-1.1196594347299,0.217289719626168,0.36214953271028,0.243974422036399,2035,"tags=26%, list=21%, signal=21%",ECHS1/CYC1/PGM1/LPCAT3/MGLL/PIM3/ALDH2/ESRRA/PEX14/DDT/DLAT/TALDO1/DHRS7/UCP2/MTCH2/IDH3G/GPAT4/JAGN1/DLD/CPT2/NDUFB7/GRPEL1/UQCRQ/DNAJC15/IDH3A/ATP5PO/ATP1B3/COX7B/UQCR11/ETFB/DECR1/AGPAT3/SDHB/COX8A/COX6A1/STAT5A/SQOR/SLC1A5/NDUFAB1/REEP5/AK2,1892/1537/5236/10162/11343/415116/217/2101/5195/1652/1737/6888/51635/7351/23788/3421/137964/84522/1738/1376/4713/80273/27089/29103/3419/539/483/1349/10975/2109/1666/56894/6390/1351/1337/6776/58472/6510/4706/7905/204,Myeloid dendritic cells,HALLMARK,Monaco_fine
HALLMARK_APOPTOSIS,HALLMARK_APOPTOSIS,116,-0.246741685995424,-1.11890061899292,0.244943820224719,0.395070677781805,0.266152877663532,1049,"tags=18%, list=11%, signal=16%",CFLAR/GSN/PPT1/TIMP1/CD2/CASP9/CD69/SOD2/GCH1/PTK2/ISG20/CASP4/CD44/CASP1/DPYD/CD38/IFITM3/APP/IRF1/TAP1/TNFSF10,8837/2934/5538/7076/914/842/969/6648/2643/5747/3669/837/960/834/1806/952/10410/351/3659/6890/8743,Myeloid dendritic cells,HALLMARK,Monaco_fine
HALLMARK_IL2_STAT5_SIGNALING,HALLMARK_IL2_STAT5_SIGNALING,141,0.238512540707915,1.10241088381691,0.255244755244755,0.39881993006993,0.268678689731321,1488,"tags=23%, list=15%, signal=20%",ABCB1/CDKN1C/CD83/WLS/KLF6/AMACR/P4HA1/PHTF2/SPRED2/GADD45B/PHLDA1/CYFIP1/MAFF/CCND3/AHR/PRNP/CASP3/LRRC8C/TLR7/ITGAV/IKZF2/SHE/CD86/EEF1AKMT1/PRKCH/ARL4A/ALCAM/CD81/IL1R2/RHOB/NRP1/CAPN3,5243/1028/9308/79971/1316/23600/5033/57157/200734/4616/22822/23191/23764/896/196/5621/836/84230/51284/3685/22807/126669/942/221143/5583/10124/214/975/7850/388/8829/825,Myeloid dendritic cells,HALLMARK,Monaco_fine
HALLMARK_ESTROGEN_RESPONSE_LATE,HALLMARK_ESTROGEN_RESPONSE_LATE,95,0.256194826385088,1.10495635808789,0.304114490161002,0.455101209074854,0.306594498745165,1203,"tags=20%, list=12%, signal=18%",PAPSS2/PDCD4/UNC13B/NAB2/FOS/FKBP4/SGK1/GLA/PLAAT3/ST14/SLC1A4/CKB/EGR3/CXCL12/IL6ST/ZFP36/TOB1/SLC2A8/SLC29A1,9060/27250/10497/4665/2353/2288/6446/2717/11145/6768/6509/1152/1960/6387/3572/7538/10140/29988/2030,Myeloid dendritic cells,HALLMARK,Monaco_fine
HALLMARK_PEROXISOME,HALLMARK_PEROXISOME,78,-0.251172155893128,-1.06815166924734,0.309468822170901,0.455101209074854,0.306594498745165,2275,"tags=35%, list=23%, signal=27%",ACSL5/IDH2/ISOC1/BCL10/PEX2/IDE/PEX13/ELOVL5/FDPS/PEX14/SLC25A17/STS/PRDX5/TSPO/CTPS1/ACOT8/EHHADH/SLC25A19/CTBP1/ITGB1BP1/FIS1/ACAA1/SOD2/GSTK1/MVP/GNPAT/ACSL1,51703/3418/51015/8915/5828/3416/5194/60481/2224/5195/10478/412/25824/706/1503/10005/1962/60386/1487/9270/51024/30/6648/373156/9961/8443/2180,Myeloid dendritic cells,HALLMARK,Monaco_fine
HALLMARK_EPITHELIAL_MESENCHYMAL_TRANSITION,HALLMARK_EPITHELIAL_MESENCHYMAL_TRANSITION,66,-0.253728942983494,-1.04917632400455,0.364253393665158,0.520361990950226,0.350559657061205,523,"tags=23%, list=5%, signal=22%",PPIB/PLOD1/LGALS1/VIM/TIMP1/FBN2/SNTB1/FLNA/IL15/TPM4/CD44/IL32/ANPEP/NOTCH2/EMP3,5479/5351/3956/7431/7076/2201/6641/2316/3600/7171/960/9235/290/4853/2014,Myeloid dendritic cells,HALLMARK,Monaco_fine
HALLMARK_ANDROGEN_RESPONSE,HALLMARK_ANDROGEN_RESPONSE,81,0.24794440073108,1.04153669681609,0.382716049382716,0.52526024257473,0.353859531839818,2061,"tags=32%, list=21%, signal=25%",ABCC4/PMEPA1/HERC3/ANKH/SCD/SGK1/CCND3/MAF/MERTK/GNAI3/MAK/DNAJB9/ITGAV/SELENOP/APPBP2/IQGAP2/ZMIZ1/INPP4B/UAP1/TPD52/NCOA4/HSD17B14/FADS1/SMS/RRP12/SLC38A2,10257/56937/8916/56172/6319/6446/896/4094/10461/2773/4117/4189/3685/6414/10513/10788/57178/8821/6675/7163/8031/51171/3992/6611/23223/54407,Myeloid dendritic cells,HALLMARK,Monaco_fine
HALLMARK_MYOGENESIS,HALLMARK_MYOGENESIS,71,0.253604261484166,1.04049793413475,0.3886925795053,0.52526024257473,0.353859531839818,2830,"tags=41%, list=29%, signal=29%",EIF4A2/MEF2D/RYR1/GADD45B/SCD/ITGB5/PRNP/CKB/PICK1/BIN1/MYOM1/DAPK2/IFRD1/MEF2A/IGF1/SIRT2/LARGE1/MEF2C/ITGB1/MYOM2/ACTN2/PLXNB2/GPX3/SORBS3/ATP6AP1/CFD/TSC2/SH2B1/RB1,1974/4209/6261/4616/6319/3693/5621/1152/9463/274/8736/23604/3475/4205/3479/22933/9215/4208/3688/9172/88/23654/2878/10174/537/1675/7249/25970/5925,Myeloid dendritic cells,HALLMARK,Monaco_fine
HALLMARK_NOTCH_SIGNALING,HALLMARK_NOTCH_SIGNALING,23,0.322585562828325,1.02327119127293,0.413793103448276,0.544464609800363,0.366797210812876,603,"tags=22%, list=6%, signal=20%",ST3GAL6/FZD1/KAT2A/PRKCA/TCF7L2,10402/8321/2648/5578/6934,Myeloid dendritic cells,HALLMARK,Monaco_fine
HALLMARK_PANCREAS_BETA_CELLS,HALLMARK_PANCREAS_BETA_CELLS,12,0.378698117367591,1.00625126421188,0.440366972477064,0.564573041637262,0.38034394383984,1131,"tags=33%, list=12%, signal=29%",FOXO1/STXBP1/AKT3/MAFB,2308/6812/10000/9935,Myeloid dendritic cells,HALLMARK,Monaco_fine
HALLMARK_COAGULATION,HALLMARK_COAGULATION,58,-0.243286638417776,-0.982338383081013,0.455580865603645,0.569476082004556,0.383647044718859,1035,"tags=26%, list=11%, signal=23%",CAPN2/ANXA1/CSRP1/WDR1/GSN/SH2B2/SERPINA1/TIMP1/CTSH/CASP9/OLR1/CFI/PLEK/THBD/GNB2,824/301/1465/9948/2934/10603/5265/7076/1512/842/4973/3426/5341/7056/2783,Myeloid dendritic cells,HALLMARK,Monaco_fine
HALLMARK_HEDGEHOG_SIGNALING,HALLMARK_HEDGEHOG_SIGNALING,15,-0.322911698200441,-0.927145515863266,0.531317494600432,0.647948164146868,0.436512447425259,732,"tags=20%, list=8%, signal=19%",DPYSL2/RTN1/MYH9,1808/6252/4627,Myeloid dendritic cells,HALLMARK,Monaco_fine
HALLMARK_KRAS_SIGNALING_UP,HALLMARK_KRAS_SIGNALING_UP,113,0.213816622862314,0.951597779772378,0.561818181818182,0.668831168831169,0.450580997949419,1626,"tags=21%, list=17%, signal=18%",ABCB1/SPRY2/ADAM17/DCBLD2/ANKH/PPP1R15A/PLVAP/DUSP6/ETV5/ENG/BTBD3/MAFB/C3AR1/SDCCAG8/IL1B/ST6GAL1/ATG10/MMD/FBXO4/GADD45G/NRP1/CBL/NIN/CBR4,5243/10253/6868/131566/56172/23645/83483/1848/2119/2022/22903/9935/719/10806/3553/6480/83734/23531/26272/10912/8829/867/51199/84869,Myeloid dendritic cells,HALLMARK,Monaco_fine
HALLMARK_UNFOLDED_PROTEIN_RESPONSE,HALLMARK_UNFOLDED_PROTEIN_RESPONSE,99,0.213735281217968,0.922243370202926,0.622710622710623,0.724082119430957,0.487802690985066,1341,"tags=17%, list=14%, signal=15%",EIF4A2/TATDN2/NFYA/ERN1/BAG3/CCL2/ZBTB17/HERPUD1/DNAJA4/SLC1A4/FKBP14/ATF3/DNAJB9/ATF4/FUS/CNOT4/TSPYL2,1974/9797/4800/2081/9531/6347/7709/9709/55466/6509/55033/467/4189/468/2521/4850/64061,Myeloid dendritic cells,HALLMARK,Monaco_fine
HALLMARK_GLYCOLYSIS,HALLMARK_GLYCOLYSIS,127,-0.191339636926338,-0.875039592786399,0.758293838862559,0.861697544161999,0.580512029751242,1946,"tags=24%, list=20%, signal=20%",TPI1/ME2/EXT1/PYGB/B3GALT6/VCAN/ZNF292/MIF/MDH1/GALK1/CXCR4/EGLN3/TALDO1/PLOD1/LDHA/PKP2/PGAM1/DLD/CYB5A/CHST12/B4GALT4/PPIA/GLRX/BPNT1/CHPF2/PKM/ISG20/CD44/ENO1/TXN/PFKP,7167/4200/2131/5834/126792/1462/23036/4282/4190/2584/7852/112399/6888/5351/3939/5318/5223/1738/1528/55501/8702/5478/2745/10380/54480/5315/3669/960/2023/7295/5214,Myeloid dendritic cells,HALLMARK,Monaco_fine
HALLMARK_G2M_CHECKPOINT,HALLMARK_G2M_CHECKPOINT,149,0.183978620388965,0.856653688431921,0.794827586206897,0.883141762452107,0.594958661020367,2198,"tags=23%, list=23%, signal=18%",TNPO2/AMD1/RPS6KA5/ARID4A/HSPA8/NUSAP1/RPA2/KIF20B/UBE2S/UPF1/CKS2/TRA2B/CBX1/MARCKS/MTF2/SMC2/ABL1/RBM14/CENPE/HNRNPU/SAP30/RAD21/ORC6/FOXN3/MT2A/SFPQ/WRN/KATNA1/PRIM2/PURA/NUP98/RBL1/TMPO/PRC1/CASP8AP2,30000/262/9252/5926/3312/51203/6118/9585/27338/5976/1164/6434/10951/4082/22823/10592/25/10432/1062/3192/8819/5885/23594/1112/4502/6421/7486/11104/5558/5813/4928/5933/7112/9055/9994,Myeloid dendritic cells,HALLMARK,Monaco_fine
HALLMARK_MITOTIC_SPINDLE,HALLMARK_MITOTIC_SPINDLE,160,0.180723683177663,0.848870947798293,0.831010452961673,0.903272231480079,0.608520240155001,2402,"tags=26%, list=25%, signal=20%",DOCK4/ARHGEF12/TUBGCP5/PCM1/ITSN1/RABGAP1/NUSAP1/KIF1B/KIF20B/WASL/TSC1/BIN1/MARCKS/EPB41L2/ABR/CKAP5/ECT2/ABL1/PCNT/OPHN1/RICTOR/CENPE/DST/RASA2/EPB41/NIN/CDK5RAP2/KATNA1/WASF2/RFC1/CEP57/TUBGCP3/RASA1/CEP250/PKD2/RANBP9/PRC1/MID1IP1/MID1/INCENP/TLK1,9732/23365/114791/5108/6453/23637/51203/23095/9585/8976/7248/274/4082/2037/29/9793/1894/25/5116/4983/253260/1062/667/5922/2035/51199/55755/11104/10163/5981/9702/10426/5921/11190/5311/10048/9055/58526/4281/3619/9874,Myeloid dendritic cells,HALLMARK,Monaco_fine
HALLMARK_PROTEIN_SECRETION,HALLMARK_PROTEIN_SECRETION,90,0.19023692789592,0.81007613654199,0.858695652173913,0.913506012950971,0.615414577145918,2448,"tags=27%, list=25%, signal=20%",YIPF6/GNAS/GLA/GALC/KIF1B/ARFIP1/SGMS1/ATP7A/AP3B1/COPB2/DST/ADAM10/BNIP3/ATP1A1/TPD52/AP2M1/VAMP4/NAPG/ICA1/IGF2R/SCAMP1/ZW10/ABCA1/CTSC,286451/2778/2717/2581/23095/27236/259230/538/8546/9276/667/102/664/476/7163/1173/8674/8774/3382/3482/9522/9183/19/1075,Myeloid dendritic cells,HALLMARK,Monaco_fine
HALLMARK_BILE_ACID_METABOLISM,HALLMARK_BILE_ACID_METABOLISM,59,0.183654584710142,0.728569962000425,0.923623445825933,0.96210775606868,0.648156804088374,3104,"tags=39%, list=32%, signal=27%",AMACR/NPC1/PEX6/TFCP2L1/SLC29A1/FADS2/EFHC1/FADS1/SLC23A2/LONP2/IDH1/ABCA1/PIPOX/PECR/GCLM/ALDH9A1/ABCA5/RBP1/SLC35B2/CAT/IDI1/ALDH1A1/CROT,23600/4864/5190/29842/2030/9415/114327/3992/9962/83752/3417/19/51268/55825/2730/223/23461/5947/347734/847/3422/216/54677,Myeloid dendritic cells,HALLMARK,Monaco_fine
HALLMARK_XENOBIOTIC_METABOLISM,HALLMARK_XENOBIOTIC_METABOLISM,116,-0.162371832565489,-0.736308270050119,0.966292134831461,0.986012382481082,0.66426097346094,1890,"tags=22%, list=19%, signal=18%",GABARAPL1/GSTO1/PTS/ELOVL5/ALDH2/CYFIP2/HPRT1/MTHFD1/KYNU/DDT/PDLIM5/DHRS7/VNN1/ABHD6/BCAT1/CYB5A/ESR1/GART/MCCC2/GCH1/SHMT2/ENTPD5/SLC1A5/PSMB10/FBP1,23710/9446/5805/60481/217/26999/3251/4522/8942/1652/10611/51635/8876/57406/586/1528/2099/2618/64087/2643/6472/957/6510/5699/2203,Myeloid dendritic cells,HALLMARK,Monaco_fine
HALLMARK_E2F_TARGETS,HALLMARK_E2F_TARGETS,149,-0.144439452983494,-0.679050868627057,0.997630331753555,0.997630331753555,0.6720878024445,2045,"tags=19%, list=21%, signal=15%",SRSF1/DEK/PAICS/PPP1R8/SYNCRIP/ANP32E/MCM6/DUT/XRCC6/TK1/MTHFD2/SNRPB/CTPS1/HMGA1/POLA2/DCTPP1/TBRG4/NAA38/PRDX4/NBN/HNRNPD/NOLC1/CNOT9/NME1/RANBP1/ILF3/AK2/LMNB1,6426/7913/10606/5511/10492/81611/4175/1854/2547/7083/10797/6628/1503/3159/23649/79077/9238/84316/10549/4683/3184/9221/9125/4830/5902/3609/204/4001,Myeloid dendritic cells,HALLMARK,Monaco_fine
HALLMARK_UV_RESPONSE_UP,HALLMARK_UV_RESPONSE_UP,15,0.674829151676708,1.98492329695999,0.000952715455143759,0.0181015936477314,0.0180514507290396,113,"tags=53%, list=17%, signal=45%",NR4A1/CCND3/BTG2/DNAJB1/NFKBIA/IRF1/LYN/HNRNPU,3164/896/7832/3337/4792/3659/4067/3192,Naive B cells,HALLMARK,Monaco_fine
HALLMARK_TNFA_SIGNALING_VIA_NFKB,HALLMARK_TNFA_SIGNALING_VIA_NFKB,33,0.372531873514011,1.3868013045075,0.082687338501292,0.644556962025316,0.642771485676216,95,"tags=27%, list=14%, signal=25%",GADD45B/NR4A1/CD83/BTG2/CD44/GPR183/EIF1/NFKBIA/IRF1,4616/3164/9308/7832/960/1880/10209/4792/3659,Naive B cells,HALLMARK,Monaco_fine
HALLMARK_IL2_STAT5_SIGNALING,HALLMARK_IL2_STAT5_SIGNALING,18,0.427152914949352,1.3451367005311,0.134474327628362,0.644556962025316,0.642771485676216,43,"tags=33%, list=6%, signal=32%",GADD45B/CD83/BCL2/NCOA3/CCND3/CD44,4616/9308/596/8202/896/960,Naive B cells,HALLMARK,Monaco_fine
HALLMARK_INTERFERON_GAMMA_RESPONSE,HALLMARK_INTERFERON_GAMMA_RESPONSE,24,0.391541216646876,1.30469624249878,0.143603133159269,0.644556962025316,0.642771485676216,103,"tags=33%, list=15%, signal=29%",P2RY14/NCOA3/ST8SIA4/SP110/NFKBIA/IRF1/CD74/HLA-DRB1,9934/8202/7903/3431/4792/3659/972/3123,Naive B cells,HALLMARK,Monaco_fine
HALLMARK_INFLAMMATORY_RESPONSE,HALLMARK_INFLAMMATORY_RESPONSE,15,0.42526786570682,1.25087081966239,0.169620253164557,0.644556962025316,0.642771485676216,154,"tags=53%, list=23%, signal=42%",BTG2/GPR183/NFKBIA/IRF1/CD55/LYN/CD48/SELL,7832/1880/4792/3659/1604/4067/962/6402,Naive B cells,HALLMARK,Monaco_fine
HALLMARK_MITOTIC_SPINDLE,HALLMARK_MITOTIC_SPINDLE,12,-0.413823763396625,-1.08365970729588,0.360068259385666,0.896188245315162,0.893705729400162,210,"tags=58%, list=31%, signal=41%",PAFAH1B1/TRIO/TLK1/NEDD9/RASA2/AKAP13/SOS1,5048/7204/9874/4739/5922/11214/6654,Naive B cells,HALLMARK,Monaco_fine
HALLMARK_KRAS_SIGNALING_UP,HALLMARK_KRAS_SIGNALING_UP,15,-0.353438796595991,-0.99410604796999,0.487644151565074,0.896188245315162,0.893705729400162,335,"tags=73%, list=50%, signal=38%",SDCCAG8/BIRC3/DOCK2/LCP1/ETS1/CD37/CTSS/CXCR4/IKZF1/RABGAP1L/ST6GAL1,10806/330/1794/3936/2113/951/1520/7852/10320/9910/6480,Naive B cells,HALLMARK,Monaco_fine
HALLMARK_P53_PATHWAY,HALLMARK_P53_PATHWAY,17,0.319911484360354,0.993828367802063,0.469733656174334,0.896188245315162,0.893705729400162,41,"tags=18%, list=6%, signal=17%",ZBTB16/CCND3/BTG2,7704/896/7832,Naive B cells,HALLMARK,Monaco_fine
HALLMARK_APOPTOSIS,HALLMARK_APOPTOSIS,13,0.334496233138231,0.971836272606321,0.490291262135922,0.896188245315162,0.893705729400162,43,"tags=23%, list=6%, signal=22%",GADD45B/BTG2/CD44,4616/7832/960,Naive B cells,HALLMARK,Monaco_fine
HALLMARK_MTORC1_SIGNALING,HALLMARK_MTORC1_SIGNALING,14,0.32909113993285,0.960841760027333,0.512626262626263,0.896188245315162,0.893705729400162,71,"tags=29%, list=11%, signal=26%",UBE2D3/BTG2/DAPP1/ACTR3,7323/7832/27071/10096,Naive B cells,HALLMARK,Monaco_fine
HALLMARK_UV_RESPONSE_DN,HALLMARK_UV_RESPONSE_DN,16,0.309711475265983,0.947362964646515,0.537530266343826,0.896188245315162,0.893705729400162,25,"tags=12%, list=4%, signal=12%",CDK13/PRDM2,8621/7799,Naive B cells,HALLMARK,Monaco_fine
HALLMARK_MYC_TARGETS_V1,HALLMARK_MYC_TARGETS_V1,30,-0.277950258741934,-0.928502646924156,0.580226904376013,0.896188245315162,0.893705729400162,319,"tags=60%, list=47%, signal=33%",SMARCC1/HNRNPA1/RPL22/RPS2/EEF1B2/RPL34/RPS6/RACK1/PABPC1/HNRNPC/SET/RPL18/SRSF7/RPLP0/RPL14/RPS10/HSPD1/HNRNPA3,6599/3178/6146/6187/1933/6164/6194/10399/26986/3183/6418/6141/6432/6175/9045/6204/3329/220988,Naive B cells,HALLMARK,Monaco_fine
HALLMARK_PI3K_AKT_MTOR_SIGNALING,HALLMARK_PI3K_AKT_MTOR_SIGNALING,15,-0.30110958016594,-0.846921327334727,0.678747940691928,0.896188245315162,0.893705729400162,116,"tags=53%, list=17%, signal=45%",ARPC3/ITPR2/CXCR4/CFL1/PIKFYVE/VAV3/PFN1/PTEN,10094/3709/7852/1072/200576/10451/5216/5728,Naive B cells,HALLMARK,Monaco_fine
HALLMARK_HEME_METABOLISM,HALLMARK_HEME_METABOLISM,10,0.317908186214209,0.840363648772558,0.656019656019656,0.896188245315162,0.893705729400162,111,"tags=40%, list=16%, signal=34%",CCND3/BTG2/YPEL5/TENT5C,896/7832/51646/54855,Naive B cells,HALLMARK,Monaco_fine
HALLMARK_INTERFERON_ALPHA_RESPONSE,HALLMARK_INTERFERON_ALPHA_RESPONSE,10,-0.322349699689352,-0.801074702530597,0.746218487394958,0.896188245315162,0.893705729400162,50,"tags=20%, list=7%, signal=19%",CD47/ELF1,961/1997,Naive B cells,HALLMARK,Monaco_fine
HALLMARK_COMPLEMENT,HALLMARK_COMPLEMENT,11,-0.311345039494168,-0.795256969916349,0.754684838160136,0.896188245315162,0.893705729400162,32,"tags=27%, list=5%, signal=26%",CALM1/PFN1/CBLB,801/5216/868,Naive B cells,HALLMARK,Monaco_fine
HALLMARK_ALLOGRAFT_REJECTION,HALLMARK_ALLOGRAFT_REJECTION,27,0.211986681179295,0.724933536918227,0.885416666666667,0.989583333333333,0.986842105263158,109,"tags=22%, list=16%, signal=19%",LY86/CCND3/ST8SIA4/CD74/RPS19/LYN,9450/896/7903/972/6223/4067,Naive B cells,HALLMARK,Monaco_fine
HALLMARK_G2M_CHECKPOINT,HALLMARK_G2M_CHECKPOINT,14,-0.201841526271992,-0.554453324768295,0.96039603960396,0.99273607748184,0.989986116048372,83,"tags=29%, list=12%, signal=26%",PAFAH1B1/FOXN3/STAG1/ATRX,5048/1112/10274/546,Naive B cells,HALLMARK,Monaco_fine
HALLMARK_HYPOXIA,HALLMARK_HYPOXIA,17,0.169697705965122,0.527178305199886,0.99273607748184,0.99273607748184,0.989986116048372,15,"tags=6%, list=2%, signal=6%",BCL2,596,Naive B cells,HALLMARK,Monaco_fine
HALLMARK_TNFA_SIGNALING_VIA_NFKB,HALLMARK_TNFA_SIGNALING_VIA_NFKB,31,-0.621003647772935,-2.11578317753239,1.9793510562623e-05,0.000395870211252461,0.000270858565593789,120,"tags=58%, list=20%, signal=49%",JUNB/GPR183/CD44/SLC2A3/BIRC3/BTG2/IRF1/NFKB1/FOS/FOSB/CD69/JUN/DUSP1/NFKBIA/REL/NR4A2/TNFAIP3/NR4A3,3726/1880/960/6515/330/7832/3659/4790/2353/2354/969/3725/1843/4792/5966/4929/7128/8013,Naive CD4 T cells,HALLMARK,Monaco_fine
HALLMARK_MYC_TARGETS_V1,HALLMARK_MYC_TARGETS_V1,35,0.486609682767882,1.87576177697849,0.00128373017629556,0.00854272930103608,0.00584502531123521,242,"tags=71%, list=40%, signal=45%",DEK/RSL1D1/EIF4G2/EEF1B2/RPL22/SET/TRA2B/RPS6/HNRNPA2B1/HNRNPU/RPLP0/RPL18/RPS3/SERBP1/RPS2/RPS10/RPL34/EIF4A1/RACK1/HNRNPA1/HNRNPD/PTGES3/RPL6/RPL14/SRSF7,7913/26156/1982/1933/6146/6418/6434/6194/3181/3192/6175/6141/6188/26135/6187/6204/6164/1973/10399/3178/3184/10728/6128/9045/6432,Naive CD4 T cells,HALLMARK,Monaco_fine
HALLMARK_HYPOXIA,HALLMARK_HYPOXIA,14,-0.681233676331797,-1.87268968340345,0.00159685346339275,0.00854272930103608,0.00584502531123521,101,"tags=50%, list=17%, signal=43%",SLC2A3/CXCR4/PRKCA/FOS/JUN/DUSP1/TNFAIP3,6515/7852/5578/2353/3725/1843/7128,Naive CD4 T cells,HALLMARK,Monaco_fine
HALLMARK_IL2_STAT5_SIGNALING,HALLMARK_IL2_STAT5_SIGNALING,14,-0.676235072516131,-1.85894868068699,0.00170854586020722,0.00854272930103608,0.00584502531123521,124,"tags=50%, list=21%, signal=41%",ITGA6/CCND3/ICOS/CD44/SLC2A3/CDC42SE2/RHOH,3655/896/29851/960/6515/56990/399,Naive CD4 T cells,HALLMARK,Monaco_fine
HALLMARK_MTORC1_SIGNALING,HALLMARK_MTORC1_SIGNALING,11,-0.698176743370919,-1.76476927800744,0.00394061255558995,0.0157624502223598,0.0107848343626672,101,"tags=45%, list=17%, signal=39%",SLC2A3/CXCR4/BTG2/HSP90B1/ACTR3,6515/7852/7832/7184/10096,Naive CD4 T cells,HALLMARK,Monaco_fine
HALLMARK_APOPTOSIS,HALLMARK_APOPTOSIS,15,-0.592630403124161,-1.65454321610035,0.020331267374639,0.0677708912487965,0.0463695571702292,105,"tags=73%, list=17%, signal=62%",DNAJA1/CD44/BIRC3/CD2/BTG2/ROCK1/IRF1/PDCD4/CD69/JUN/DPYD,3301/960/330/914/7832/6093/3659/27250/969/3725/1806,Naive CD4 T cells,HALLMARK,Monaco_fine
HALLMARK_UV_RESPONSE_UP,HALLMARK_UV_RESPONSE_UP,15,-0.560665642201147,-1.56530196546481,0.0403493347414082,0.115283813546881,0.0788783987426025,120,"tags=67%, list=20%, signal=55%",PLCL1/GLS/JUNB/CCND3/DNAJA1/BTG2/IRF1/FOS/FOSB/NFKBIA,5334/2744/3726/896/3301/7832/3659/2353/2354/4792,Naive CD4 T cells,HALLMARK,Monaco_fine
HALLMARK_INFLAMMATORY_RESPONSE,HALLMARK_INFLAMMATORY_RESPONSE,13,-0.558077210880471,-1.49946240017901,0.054006968641115,0.124473732381475,0.08516623794522,115,"tags=54%, list=19%, signal=45%",GPR183/BTG2/IRF1/CD55/NFKB1/CD69/NFKBIA,1880/7832/3659/1604/4790/969/4792,Naive CD4 T cells,HALLMARK,Monaco_fine
HALLMARK_MITOTIC_SPINDLE,HALLMARK_MITOTIC_SPINDLE,18,-0.492774694479426,-1.45922048546875,0.0560131795716639,0.124473732381475,0.08516623794522,123,"tags=39%, list=20%, signal=32%",EPB41/EZR/ARHGEF3/DOCK2/ROCK1/SSH2/RASA1,2035/7430/50650/1794/6093/85464/5921,Naive CD4 T cells,HALLMARK,Monaco_fine
HALLMARK_PI3K_AKT_MTOR_SIGNALING,HALLMARK_PI3K_AKT_MTOR_SIGNALING,11,-0.553213598669814,-1.39834844454243,0.0830449826989619,0.166089965397924,0.113640502640685,102,"tags=73%, list=17%, signal=62%",UBE2D3/PFN1/PRKCB/IL2RG/CXCR4/HSP90B1/ITPR2/ACTR3,7323/5216/5579/3561/7852/7184/3709/10096,Naive CD4 T cells,HALLMARK,Monaco_fine
HALLMARK_UV_RESPONSE_DN,HALLMARK_UV_RESPONSE_DN,13,-0.523016336361987,-1.40525955148194,0.0923344947735192,0.167880899588217,0.114865878665622,113,"tags=62%, list=19%, signal=51%",FYN/ATRX/NIPBL/PRKCA/NFKB1/RUNX1/INPP4B/DUSP1,2534/546/25836/5578/4790/861/8821/1843,Naive CD4 T cells,HALLMARK,Monaco_fine
HALLMARK_KRAS_SIGNALING_UP,HALLMARK_KRAS_SIGNALING_UP,14,-0.497049049373758,-1.36637200897034,0.110918544194107,0.184864240323512,0.126486059168719,140,"tags=50%, list=23%, signal=39%",LAPTM5/LCP1/DOCK2/IL2RG/CXCR4/BIRC3/TNFAIP3,7805/3936/1794/3561/7852/330/7128,Naive CD4 T cells,HALLMARK,Monaco_fine
HALLMARK_COMPLEMENT,HALLMARK_COMPLEMENT,12,-0.511206968871946,-1.33881995500275,0.142367066895369,0.219026256762106,0.149860070416178,81,"tags=58%, list=13%, signal=52%",PFN1/DOCK10/FYN/IRF1/CD55/GNG2/TNFAIP3,5216/55619/2534/3659/1604/54331/7128,Naive CD4 T cells,HALLMARK,Monaco_fine
HALLMARK_INTERFERON_GAMMA_RESPONSE,HALLMARK_INTERFERON_GAMMA_RESPONSE,19,-0.388466900711253,-1.15957975040166,0.291530944625407,0.416472778036296,0.284955058656413,81,"tags=47%, list=13%, signal=42%",STAT4/STAT1/PELI1/HLA-A/IRF1/NFKB1/CD69/NFKBIA/TNFAIP3,6775/6772/57162/3105/3659/4790/969/4792/7128,Naive CD4 T cells,HALLMARK,Monaco_fine
HALLMARK_P53_PATHWAY,HALLMARK_P53_PATHWAY,18,-0.329842868079464,-0.976741450970379,0.494233937397035,0.658978583196046,0.4508800832394,176,"tags=50%, list=29%, signal=37%",PRMT2/LDHB/RPL36/CCND3/PITPNC1/BTG2/FOS/ERCC5/JUN,3275/3945/25873/896/26207/7832/2353/2073/3725,Naive CD4 T cells,HALLMARK,Monaco_fine
HALLMARK_APICAL_JUNCTION,HALLMARK_APICAL_JUNCTION,11,-0.343141724269043,-0.867353401187109,0.64878892733564,0.768590455049945,0.525877679771015,216,"tags=55%, list=36%, signal=36%",ARPC2/PFN1/MSN/ACTG1/EVL/RASA1,10109/5216/4478/71/51466/5921,Naive CD4 T cells,HALLMARK,Monaco_fine
HALLMARK_ESTROGEN_RESPONSE_EARLY,HALLMARK_ESTROGEN_RESPONSE_EARLY,11,0.305706897878487,0.840508364174436,0.653301886792453,0.768590455049945,0.525877679771015,112,"tags=36%, list=19%, signal=30%",FKBP5/IL6ST/BCL11B/ABLIM1,2289/3572/64919/3983,Naive CD4 T cells,HALLMARK,Monaco_fine
HALLMARK_G2M_CHECKPOINT,HALLMARK_G2M_CHECKPOINT,15,0.263515170563032,0.823844191786298,0.717026378896883,0.775943396226415,0.530908639523337,165,"tags=33%, list=27%, signal=25%",FOXN3/TRA2B/HNRNPU/HMGN2/SFPQ,1112/6434/3192/3151/6421,Naive CD4 T cells,HALLMARK,Monaco_fine
HALLMARK_ALLOGRAFT_REJECTION,HALLMARK_ALLOGRAFT_REJECTION,27,0.225340397651162,0.818994955539547,0.768194070080862,0.775943396226415,0.530908639523337,170,"tags=41%, list=28%, signal=31%",CD247/CD3E/PTPRC/RPL9/RPS3A/ETS1/CD3G/FYB1/B2M/RPS9/RPS19,919/916/5788/6133/6189/2113/917/2533/567/6203/6223,Naive CD4 T cells,HALLMARK,Monaco_fine
HALLMARK_ANDROGEN_RESPONSE,HALLMARK_ANDROGEN_RESPONSE,11,0.274951674290875,0.75595017184435,0.775943396226415,0.775943396226415,0.530908639523337,60,"tags=18%, list=10%, signal=17%",FKBP5/XRCC5,2289/7520,Naive CD4 T cells,HALLMARK,Monaco_fine
HALLMARK_E2F_TARGETS,HALLMARK_E2F_TARGETS,176,-0.659380825514766,-3.14485753265272,1e-10,1.63333333333333e-09,1.01754385964912e-09,1745,"tags=57%, list=18%, signal=48%",RAD1/PRKDC/RFC2/HMGB2/CDC25B/SLBP/PSIP1/STAG1/NOP56/TFRC/NBN/MTHFD2/DUT/TMPO/POLD2/DONSON/TBRG4/HNRNPD/IPO7/MLH1/CKS2/TRA2B/NUP205/UBE2T/HELLS/XRCC6/PHF5A/JPT1/CDK4/CENPE/PTTG1/PRDX4/MYBL2/TOP2A/HUS1/SMC1A/PRIM2/PCNA/CDCA8/ATAD2/MKI67/ANP32E/SNRPB/CDK1/POLD3/CBX5/RACGAP1/BRCA1/RRM2/RANBP1/BARD1/MCM7/RPA3/POLA2/MCM3/PAICS/RFC3/MELK/DNMT1/AURKB/CDKN3/BUB1B/MRE11/KIF2C/TCF19/LYAR/MCM2/MAD2L1/ASF1B/MCM4/WEE1/NASP/LIG1/PLK4/DIAPH3/KIF4A/SPC25/TIMELESS/SRSF2/TIPIN/BIRC5/NME1/CCNB2/POP7/POLE/MMS22L/ORC6/CDC20/TK1/RAD51AP1/DLGAP5/LMNB1/CHEK1/HMMR/BRCA2/MCM5/CIT/GINS4/MCM6/CENPM,5810/5591/5982/3148/994/7884/11168/10274/10528/7037/4683/10797/1854/7112/5425/29980/9238/3184/10527/4292/1164/6434/23165/29089/3070/2547/84844/51155/1019/1062/9232/10549/4605/7153/3364/8243/5558/5111/55143/29028/4288/81611/6628/983/10714/23468/29127/672/6241/5902/580/4176/6119/23649/4172/10606/5983/9833/1786/9212/1033/701/4361/11004/6941/55646/4171/4085/55723/4173/7465/4678/3978/10733/81624/24137/57405/8914/6427/54962/332/4830/9133/10248/5426/253714/23594/991/7083/10635/9787/4001/1111/3161/675/4174/11113/84296/4175/79019,Natural killer cells,HALLMARK,Monaco_fine
HALLMARK_G2M_CHECKPOINT,HALLMARK_G2M_CHECKPOINT,171,-0.609549786535346,-2.88135439178147,1e-10,1.63333333333333e-09,1.01754385964912e-09,1371,"tags=44%, list=14%, signal=39%",UCK2/HNRNPD/SLC7A5/ATRX/TOP1/CKS2/DBF4/TRA2B/AMD1/NUSAP1/INCENP/JPT1/SMARCC1/CDK4/CBX1/KNL1/CENPE/PTTG1/MYBL2/SNRPD1/SMC2/TOP2A/HUS1/KIF23/SFPQ/SMC1A/PRIM2/MKI67/PRC1/CDK1/TFDP1/KIF20B/BCL3/RACGAP1/BARD1/CDC7/TPX2/POLA2/TTK/MCM3/TGFB1/BUB1/GINS2/AURKB/KPNB1/CDKN3/WRN/KIF2C/MCM2/UBE2C/MAD2L1/KIF11/NASP/CDC45/PLK4/KIF4A/E2F1/SRSF2/CDC6/BIRC5/CCNB2/POLE/ORC6/CDC20/CCNA2/LMNB1/NDC80/CASP8AP2/POLQ/MT2A/CHEK1/KIF15/HMMR/BRCA2/MCM5/MCM6,7371/3184/8140/546/7150/1164/10926/6434/262/51203/3619/51155/6599/1019/10951/57082/1062/9232/4605/6632/10592/7153/3364/9493/6421/8243/5558/4288/9055/983/7027/9585/602/29127/580/8317/22974/23649/7272/4172/7040/699/51659/9212/3837/1033/7486/11004/4171/11065/4085/3832/4678/8318/10733/24137/1869/6427/990/332/9133/5426/23594/991/890/4001/10403/9994/10721/4502/1111/56992/3161/675/4174/4175,Natural killer cells,HALLMARK,Monaco_fine
HALLMARK_INTERFERON_GAMMA_RESPONSE,HALLMARK_INTERFERON_GAMMA_RESPONSE,156,-0.535684179958233,-2.50204104820468,1e-10,1.63333333333333e-09,1.01754385964912e-09,1617,"tags=42%, list=16%, signal=35%",TRIM25/CMPK2/CD38/MTHFD2/PFKP/MYD88/RNF31/TNFAIP3/NFKBIA/PNPT1/ISG15/BPGM/ZNFX1/STAT4/SAMD9L/AUTS2/PSME1/TNFSF10/RBCK1/NMI/RIPK2/GZMA/B2M/STAT3/CD74/CASP8/NAMPT/HLA-DQA1/CD69/RNF213/ARID5B/PELI1/DDX60/UPP1/HLA-A/PSMA3/RSAD2/ISG20/PARP12/ADAR/PSMB10/PSME2/IL15/UBE2L6/PSMB8/HLA-B/TRIM21/HLA-DRB1/APOL6/FGL2/XAF1/LAP3/NLRC5/MX1/MT2A/OAS2/IRF1/TAP1/LY6E/GBP4/PSMB9/EPSTI1/SLAMF7/IRF9/STAT1,7706/129607/952/10797/5214/4615/55072/7128/4792/87178/9636/669/57169/6775/219285/26053/5720/8743/10616/9111/8767/3001/567/6774/972/841/10135/3117/969/57674/84159/57162/55601/7378/3105/5684/91543/3669/64761/103/5699/5721/3600/9246/5696/3106/6737/3123/80830/10875/54739/51056/84166/4599/4502/4939/3659/6890/4061/115361/5698/94240/57823/10379/6772,Natural killer cells,HALLMARK,Monaco_fine
HALLMARK_INTERFERON_ALPHA_RESPONSE,HALLMARK_INTERFERON_ALPHA_RESPONSE,81,-0.590718000869691,-2.47781648317855,3.36616851973167e-10,4.1235564366713e-09,2.56891808084786e-09,1369,"tags=42%, list=14%, signal=36%",RNF31/CD47/PNPT1/ISG15/SAMD9L/PSME1/NMI/RIPK2/B2M/CD74/CASP8/DDX60/PSMA3/RSAD2/ISG20/PARP12/ADAR/PSME2/IL15/UBE2L6/PSMB8/GBP2/TRIM21/HLA-C/LAP3/MX1/PARP9/IRF1/TAP1/LY6E/GBP4/PSMB9/EPSTI1/IRF9,55072/961/87178/9636/219285/5720/9111/8767/567/972/841/55601/5684/91543/3669/64761/103/5721/3600/9246/5696/2634/6737/3107/51056/4599/83666/3659/6890/4061/115361/5698/94240/10379,Natural killer cells,HALLMARK,Monaco_fine
HALLMARK_MYC_TARGETS_V1,HALLMARK_MYC_TARGETS_V1,195,-0.4228027841851,-2.03208520745526,2.36152763247067e-08,2.31429707982126e-07,1.44177476508736e-07,1591,"tags=35%, list=16%, signal=30%",NOP56/HPRT1/TOMM70/SNRPA1/HNRNPA3/DUT/XPOT/ILF2/POLD2/HNRNPD/HNRNPR/PSMA6/HNRNPA2B1/GNL3/TRA2B/FAM120A/CCT3/SNRPG/EIF4A1/SRSF3/CDK2/STARD7/PSMD7/XRCC6/PSMD1/SMARCC1/CCT7/CDK4/DDX18/PSMD8/EIF3J/CCT2/DDX21/PRDX4/HSPE1/SNRPD1/PSMC4/VBP1/EIF3B/LDHA/PCNA/NDUFAB1/PSMA4/TFDP1/EIF2S2/SRSF7/PSMD14/RANBP1/RRM1/MCM7/TYMS/VDAC3/KPNB1/MCM2/HSPD1/CYC1/HDDC2/MAD2L1/MCM4/CDC45/SRSF2/NME1/CDC20/CCNA2/SRPK1/RFC4/MCM5/MCM6,10528/3251/9868/6627/220988/1854/11260/3608/5425/3184/10236/5687/3181/26354/6434/23196/7203/6637/1973/6428/1017/56910/5713/2547/5707/6599/10574/1019/8886/5714/8669/10576/9188/10549/3336/6632/5704/7411/8662/3939/5111/4706/5685/7027/8894/6432/10213/5902/6240/4176/7298/7419/3837/4171/3329/1537/51020/4085/4173/8318/6427/4830/991/890/6732/5984/4174/4175,Natural killer cells,HALLMARK,Monaco_fine
HALLMARK_MITOTIC_SPINDLE,HALLMARK_MITOTIC_SPINDLE,169,-0.426893475050499,-2.02588738626682,1.45911774825822e-07,1.19161282774421e-06,7.42358152622604e-07,1532,"tags=31%, list=16%, signal=27%",PCNT/TAOK2/SASS6/TUBD1/ARFIP2/ARHGDIA/ALS2/AKAP13/TIAM1/KIF1B/RAPGEF5/TUBGCP3/NUSAP1/PLEKHG2/INCENP/VCL/KIF3B/SSH2/CENPE/LRPPRC/EZR/TOP2A/KIF23/SMC1A/DLG1/PRC1/CDK1/KIF20B/ALMS1/RACGAP1/ABI1/TPX2/TUBA4A/TTK/BUB1/CAPZB/FLNA/NET1/KIF2C/BCR/KIF11/KIF4A/BIRC5/CCNB2/ECT2/DLGAP5/LMNB1/NDC80/ANLN/KIF15/KNTC1/SAC3D1/BRCA2,5116/9344/163786/51174/23647/396/57679/11214/7074/23095/9771/10426/51203/64857/3619/7414/9371/85464/1062/10128/7430/7153/9493/8243/1739/9055/983/9585/7840/29127/10006/22974/7277/7272/699/832/2316/10276/11004/613/3832/24137/332/9133/1894/9787/4001/10403/54443/56992/9735/29901/675,Natural killer cells,HALLMARK,Monaco_fine
HALLMARK_ALLOGRAFT_REJECTION,HALLMARK_ALLOGRAFT_REJECTION,137,-0.391159200326449,-1.80400386442956,3.90236400166531e-05,0.000273165480116572,0.000170178279771871,1090,"tags=28%, list=11%, signal=26%",CD2/CD79A/STAT4/TRAF2/RIPK2/GZMA/B2M/CD74/CCR1/EIF3J/ITGAL/HLA-DQA1/IFNG/CCL4/PTPRC/ETS1/BCL3/BRCA1/HLA-A/ABI1/IL12RB1/TGFB1/PSMB10/FLNA/ITGB2/HLA-E/HLA-DRA/IL15/PRF1/GBP2/LY75/PRKCB/NME1/FASLG/FYB1/TAP2/TAP1/GZMB/STAT1,914/973/6775/7186/8767/3001/567/972/1230/8669/3683/3117/3458/6351/5788/2113/602/672/3105/10006/3594/7040/5699/2316/3689/3133/3122/3600/5551/2634/4065/5579/4830/356/2533/6891/6890/3002/6772,Natural killer cells,HALLMARK,Monaco_fine
HALLMARK_TNFA_SIGNALING_VIA_NFKB,HALLMARK_TNFA_SIGNALING_VIA_NFKB,144,-0.384398863479993,-1.78436392109871,5.36499354941522e-05,0.000328605854901682,0.000204716859122423,2066,"tags=49%, list=21%, signal=39%",BIRC3/SOCS3/MAP2K3/IFIH1/GCH1/DUSP5/SLC16A6/PHLDA1/MYC/KLF4/DUSP1/SAT1/TNFRSF9/IL15RA/BTG3/SDC4/NFKB1/TIPARP/BHLHE40/MAP3K8/ID2/BCL2A1/NR4A2/NR4A3/PPP1R15A/REL/KLF2/DUSP4/B4GALT5/BIRC2/ZFP36/PTGER4/PLEK/TNFAIP3/NFKBIA/ATF3/JUN/IER2/BTG2/DUSP2/JUNB/TNFSF9/CCNL1/CFLAR/RIPK2/ATP2B1/NAMPT/FOS/STAT5A/RCAN1/CD69/RNF19B/MXD1/FOSL2/ETS2/CD44/CCL4/TRAF1/KLF6/BCL3/EGR2/B4GALT1/NINJ1/NFE2L2/KDM6B/CEBPD/MCL1/IRF1/TAP1/LITAF,330/9021/5606/64135/2643/1847/9120/22822/4609/9314/1843/6303/3604/3601/10950/6385/4790/25976/8553/1326/3398/597/4929/8013/23645/5966/10365/1846/9334/329/7538/5734/5341/7128/4792/467/3725/9592/7832/1844/3726/8744/57018/8837/8767/490/10135/2353/6776/1827/969/127544/4084/2355/2114/960/6351/7185/1316/602/1959/2683/4814/4780/23135/1052/4170/3659/6890/9516,Natural killer cells,HALLMARK,Monaco_fine
HALLMARK_MTORC1_SIGNALING,HALLMARK_MTORC1_SIGNALING,172,-0.355611362723621,-1.68635648424064,0.000196040105749116,0.00106732946463408,0.00066493135283326,2163,"tags=37%, list=22%, signal=29%",HSPA4/MTHFD2L/CORO1A/BHLHE40/HMGCS1/ADD3/PGK1/PSMC6/PPP1R15A/CXCR4/NMT1/HSPA5/TXNRD1/HSP90B1/ACTR3/SLA/HPRT1/PDK1/TFRC/ELOVL5/MTHFD2/CALR/XBP1/EEF1E1/SLC7A5/SDF2L1/GBE1/PPA1/SHMT2/ARPC5L/UBE2D3/NUP205/BTG2/NFKBIB/CTH/NAMPT/ENO1/CTSC/HSPE1/PSMC4/USO1/LDHA/DHFR/PSMA4/CCNG1/EIF2S2/PSMD14/SLC1A4/UCHL5/RRM2/PSMA3/TUBA4A/PSME3/BUB1/ITGB2/PSMC2/SLC1A5/MCM2/HSPD1/MCM4/FGL2/GLRX/PSMB5,3308/441024/11151/8553/3157/120/5230/5706/23645/7852/4836/3309/7296/7184/10096/6503/3251/5163/7037/60481/10797/811/7494/9521/8140/23753/2632/5464/6472/81873/7323/23165/7832/4793/1491/10135/2023/1075/3336/5704/8615/3939/1719/5685/900/8894/10213/6509/51377/6241/5684/7277/10197/699/3689/5701/6510/4171/3329/4173/10875/2745/5693,Natural killer cells,HALLMARK,Monaco_fine
HALLMARK_OXIDATIVE_PHOSPHORYLATION,HALLMARK_OXIDATIVE_PHOSPHORYLATION,199,-0.337710901241632,-1.63221793933471,0.000233297829849956,0.00114315936626478,0.000712172322699865,2448,"tags=36%, list=25%, signal=27%",NDUFC2/AIFM1/SLC25A11/SLC25A12/MRPL11/UQCR10/MDH1/PDHX/PHYH/NDUFB3/SUPV3L1/ATP5MC3/GLUD1/ATP5ME/NDUFA6/COX6C/PRDX3/CASP7/COX7A2/NDUFA8/SDHB/TIMM8B/POR/TIMM17A/ATP5PB/NDUFC1/DLST/NDUFB7/NDUFV1/NDUFS3/PDHB/NDUFS1/NDUFS4/MRPS11/TOMM70/ATP5F1B/POLR2F/ETFA/ACAA2/PDHA1/UQCRC2/HADHB/COX5B/NDUFA5/LDHB/ETFDH/FDX1/ATP5PO/MTRR/COX7B/LRPPRC/NDUFA7/AFG3L2/SDHA/NDUFS6/IDH3B/MRPS12/IDH2/LDHA/NDUFAB1/MRPL35/FH/NDUFV2/VDAC3/ACO2/CYC1/OGDH/MRPS15/MFN2/ACAT1/CYCS,4718/9131/8402/8604/65003/29796/4190/8050/5264/4709/6832/518/2746/521/4700/1345/10935/840/1347/4702/6390/26521/5447/10440/515/4717/1743/4713/4723/4722/5162/4719/4724/64963/9868/506/5435/2108/10449/5160/7385/3032/1329/4698/3945/2110/2230/539/4552/1349/10128/4701/10939/6389/4726/3420/6183/3418/3939/4706/51318/2271/4729/7419/50/1537/4967/64960/9927/38/54205,Natural killer cells,HALLMARK,Monaco_fine
HALLMARK_SPERMATOGENESIS,HALLMARK_SPERMATOGENESIS,58,-0.47328682441811,-1.86059947268727,0.000310344731993185,0.00138244471524237,0.000861243753856685,1345,"tags=31%, list=14%, signal=27%",JAM3/ZC3H14/PARP2/DBF4/BRAF/CDK1/TTK/VDAC3/BUB1/GMCL1/CDKN3/KIF2C/CLPB/TOPBP1/IL12RB2/CCNB2/RFC4/NCAPH,83700/79882/10038/10926/673/983/7272/7419/699/64395/1033/11004/81570/11073/3595/9133/5984/23397,Natural killer cells,HALLMARK,Monaco_fine
HALLMARK_APOPTOSIS,HALLMARK_APOPTOSIS,115,-0.371466996341382,-1.66940342518409,0.00118779924632916,0.00485018025584408,0.00302159457399524,1215,"tags=37%, list=12%, signal=32%",CDKN1B/F2R/CASP7/DPYD/PAK1/SOD1/DNAJA1/HMGB2/CDC25B/CD38/LMNA/PLCB2/ATF3/JUN/CYLD/PDCD4/CD2/BTG2/CDK2/TNFSF10/CFLAR/CTH/CASP8/CASP2/KRT18/CD69/TOP2A/CD44/ANXA1/BRCA1/PMAIP1/ISG20/LGALS3/ANKH/PRF1/WEE1/TGFBR3/TSPO/FASLG/MCL1/IRF1/TAP1,1027/2149/840/1806/5058/6647/3301/3148/994/952/4000/5330/467/3725/1540/27250/914/7832/1017/8743/8837/1491/841/835/3875/969/7153/960/301/672/5366/3669/3958/56172/5551/7465/7049/706/356/4170/3659/6890,Natural killer cells,HALLMARK,Monaco_fine
HALLMARK_DNA_REPAIR,HALLMARK_DNA_REPAIR,136,-0.343918286641623,-1.58036588379189,0.002577534998908,0.00971532422665321,0.00605251133346817,2290,"tags=33%, list=23%, signal=26%",POLE4/GTF2H3/UPF3B/ERCC1/TP53/HCLS1/ELL/RFC5/NT5C/RFC2/SEC61A1/HPRT1/CMPK2/TARBP2/ALYREF/POLR2F/DUT/SF3A3/TAF6/POLR2I/AGO4/GTF2B/RBX1/POLR2C/TMED2/PRIM1/PCNA/ZWINT/POLD3/DGCR8/VPS37B/RPA3/TYMS/POLA2/GTF2F1/FEN1/RFC3/SDCBP/POLA1/RAD51/LIG1/POLR2A/NME1/SAC3D1/RFC4,56655/2967/65109/2067/7157/3059/8178/5985/30833/5982/29927/3251/129607/6895/10189/5435/1854/10946/6878/5438/192670/2959/9978/5432/10959/5557/5111/11130/10714/54487/79720/6119/7298/23649/2962/2237/5983/6386/5422/5888/3978/5430/4830/29901/5984,Natural killer cells,HALLMARK,Monaco_fine
HALLMARK_COMPLEMENT,HALLMARK_COMPLEMENT,114,-0.361026928596177,-1.62056767764205,0.00279244857031023,0.0097735699960858,0.00608879763451102,1531,"tags=26%, list=16%, signal=22%",STX4/CSRP1/GCA/ZEB1/XPNPEP1/USP15/PLEK/TNFAIP3/DGKH/DOCK9/RHOG/RASGRP1/PIK3R5/FDX1/SPOCK2/GZMA/GATA3/CD55/CTSC/CBLB/PPP4C/ERAP2/LGALS3/LAP3/APOBEC3G/APOBEC3F/IRF1/PSMB9/GZMK/GZMB,6810/1465/25801/6935/7511/9958/5341/7128/160851/23348/391/10125/23533/2230/9806/3001/2625/1604/1075/868/5531/64167/3958/51056/60489/200316/3659/5698/3003/3002,Natural killer cells,HALLMARK,Monaco_fine
HALLMARK_MYC_TARGETS_V2,HALLMARK_MYC_TARGETS_V2,49,-0.433450624645733,-1.64988206988968,0.0071104386693496,0.023227432986542,0.0144703664148167,1706,"tags=35%, list=17%, signal=29%",PPRC1/MRTO4/NOP56/TBRG4/GNL3/PRMT3/DUSP2/PPAN/WDR74/CDK4/DDX18/LAS1L/HSPE1/HSPD1/MCM4/PLK4/MCM5,23082/51154/10528/9238/26354/10196/1844/56342/54663/1019/8886/81887/3336/3329/4173/10733/4174,Natural killer cells,HALLMARK,Monaco_fine
HALLMARK_CHOLESTEROL_HOMEOSTASIS,HALLMARK_CHOLESTEROL_HOMEOSTASIS,57,0.392948781236295,1.57872178130661,0.019805215554641,0.0584637809957227,0.036422119202491,667,"tags=21%, list=7%, signal=20%",DHCR7/FASN/TM7SF2/CHKA/TP53INP1/ALDOC/GSTM2/PCYT2/PNRC1/CD9/MVK/CPEB2,1717/2194/7108/1119/94241/230/2946/5833/10957/928/4598/132864,Natural killer cells,HALLMARK,Monaco_fine
HALLMARK_MYOGENESIS,HALLMARK_MYOGENESIS,59,0.377067708252822,1.52152225321854,0.0202833525903528,0.0584637809957227,0.036422119202491,1415,"tags=25%, list=14%, signal=22%",ITGB1/SVIL/CNN3/WWTR1/LARGE1/GSN/GNAO1/SH2B1/PKIA/KIFC3/AKT2/MEF2D/LSP1/MYOM1/RB1,3688/6840/1266/25937/9215/2934/2775/25970/5569/3801/208/4209/4046/8736/5925,Natural killer cells,HALLMARK,Monaco_fine
HALLMARK_KRAS_SIGNALING_DN,HALLMARK_KRAS_SIGNALING_DN,47,-0.397232418478306,-1.5031530700363,0.023710798633307,0.0645460629462247,0.0402112959278306,2134,"tags=45%, list=22%, signal=35%",ENTPD7/ASB7/NR4A2/DTNB/TENT5C/VPS50/SLC16A7/SELENOP/MAST3/BTG2/IGFBP2/CAMK1D/IFNG/CDKAL1/TG/MFSD6/LFNG/BARD1/RSAD2/PTPRJ/MX1,57089/140460/4929/1838/54855/55610/9194/6414/23031/7832/3485/57118/3458/54901/7038/54842/3955/580/91543/5795/4599,Natural killer cells,HALLMARK,Monaco_fine
HALLMARK_PI3K_AKT_MTOR_SIGNALING,HALLMARK_PI3K_AKT_MTOR_SIGNALING,91,-0.319191071544978,-1.3745622013403,0.0380288803965452,0.0980744810226691,0.0610990322160559,2193,"tags=35%, list=22%, signal=28%",CDKN1B/PTPN11/NOD1/MAP2K6/RAF1/MAPK9/STAT2/CXCR4/HSP90B1/ACTR3/SLA/PDK1/MAPK1/MYD88/ARHGDIA/CALR/ARF1/PPP2R1B/TIAM1/UBE2D3/CDK2/NFKBIB/TRAF2/RPTOR/CSNK2B/CDK4/VAV3/CDK1/PIN1/PRKCB/E2F1/FASLG,1027/5781/10392/5608/5894/5601/6773/7852/7184/10096/6503/5163/5594/4615/396/811/375/5519/7074/7323/1017/4793/7186/57521/1460/1019/10451/983/5300/5579/1869/356,Natural killer cells,HALLMARK,Monaco_fine
HALLMARK_ESTROGEN_RESPONSE_LATE,HALLMARK_ESTROGEN_RESPONSE_LATE,97,-0.308435841850276,-1.34347324057509,0.0482409967197618,0.118190441963416,0.0736309949933206,1655,"tags=31%, list=17%, signal=26%",ZFP36/CLIC3/HPRT1/STIL/ELOVL5/ATP2B4/XBP1/SLC7A5/MDK/TIAM1/PDCD4/DUSP2/XRCC3/FOS/IDH2/TOP2A/ABHD2/CD44/AFF1/TPSAB1/SLC1A4/ISG20/FABP5/GINS2/BATF/SLC27A2/PLK4/CDC6/DNAJC1/CDC20,7538/9022/3251/6491/60481/493/7494/8140/4192/7074/27250/1844/7517/2353/3418/7153/11057/960/4299/7177/6509/3669/2171/51659/10538/11001/10733/990/64215/991,Natural killer cells,HALLMARK,Monaco_fine
HALLMARK_UV_RESPONSE_UP,HALLMARK_UV_RESPONSE_UP,110,-0.30194127277511,-1.33932356397355,0.0529102195165701,0.123457178871997,0.0769120985453901,1915,"tags=30%, list=19%, signal=24%",GLS/CEBPG/DNAJA1/TGFBRAP1/LYN/PLCL1/CLTB/UROD/TFRC/E2F5/NFKBIA/PARP2/GGH/ATF3/AMD1/AP2S1/RASGRP1/BTG2/CDK2/JUNB/DNAJB1/FOS/PSMC3/IGFBP2/DDX21/NUP58/TUBA4A/POLG2/FEN1/IRF1/TAP1/RFC4/HLA-F,2744/1054/3301/9392/4067/5334/1212/7389/7037/1875/4792/10038/8836/467/262/1175/10125/7832/1017/3726/3337/2353/5702/3485/9188/9818/7277/11232/2237/3659/6890/5984/3134,Natural killer cells,HALLMARK,Monaco_fine
HALLMARK_UNFOLDED_PROTEIN_RESPONSE,HALLMARK_UNFOLDED_PROTEIN_RESPONSE,96,-0.297542080294958,-1.28938278183468,0.0636182902584493,0.141695282848364,0.0882741826552646,2766,"tags=46%, list=28%, signal=33%",NHP2/CKS1B/SERP1/PDIA6/SPCS1/ARFGAP1/BAG3/PARN/PREB/EIF2AK3/EXOSC1/NFYB/ALDH18A1/EXOSC9/DCP2/YWHAZ/CNOT2/CNOT6/TSPYL2/EXOSC4/CEBPG/TATDN2/HSPA5/HSP90B1/NOP56/FUS/MTHFD2/XPOT/CALR/XBP1/SLC7A5/DCTN1/LSM1/DNAJA4/ATF3/EXOSC2/SPCS3/EIF4A1/EIF4G1/DNAJB9/EIF4EBP1/SLC1A4/GOSR2/EXOSC10,55651/1163/27230/10130/28972/55738/9531/5073/10113/9451/51013/4801/5832/5393/167227/7534/4848/57472/64061/54512/1054/9797/3309/7184/10528/2521/10797/11260/811/7494/8140/1639/27257/55466/467/23404/60559/1973/1981/4189/1978/6509/9570/5394,Natural killer cells,HALLMARK,Monaco_fine
HALLMARK_WNT_BETA_CATENIN_SIGNALING,HALLMARK_WNT_BETA_CATENIN_SIGNALING,28,0.407400534869009,1.37278383568264,0.0742971887550201,0.158285315173738,0.0986095411393859,1778,"tags=36%, list=18%, signal=29%",NCOR2/CUL1/DLL1/AXIN1/TCF7/NUMB/PPARD/JAG2/DVL2/CCND2,9612/8454/28514/8312/6932/8650/5467/3714/1856/894,Natural killer cells,HALLMARK,Monaco_fine
HALLMARK_EPITHELIAL_MESENCHYMAL_TRANSITION,HALLMARK_EPITHELIAL_MESENCHYMAL_TRANSITION,51,-0.332559530909206,-1.28428289260544,0.128834355828221,0.238065061258978,0.148311208947591,1467,"tags=27%, list=15%, signal=23%",ANPEP/THBS1/TNFAIP3/JUN/COPA/IGFBP2/PPIB/EMP3/CD44/MCM7/TGFB1/FLNA/IL15/TGFBR3,290/7057/7128/3725/1314/3485/5479/2014/960/4176/7040/2316/3600/7049,Natural killer cells,HALLMARK,Monaco_fine
HALLMARK_TGF_BETA_SIGNALING,HALLMARK_TGF_BETA_SIGNALING,45,0.337949778079145,1.2742511139821,0.129482071713147,0.238065061258978,0.148311208947591,2305,"tags=33%, list=23%, signal=26%",ID3/BMPR2/MAP3K7/WWTR1/NCOR2/CDKN1C/SMURF2/KLF10/TRIM33/SMURF1/XIAP/TGFBR1/CDK9/APC/ID1,3399/659/6885/25937/9612/1028/64750/7071/51592/57154/331/7046/1025/324/3397,Natural killer cells,HALLMARK,Monaco_fine
HALLMARK_BILE_ACID_METABOLISM,HALLMARK_BILE_ACID_METABOLISM,61,0.299336453652079,1.22072777012108,0.131178707224335,0.238065061258978,0.148311208947591,3278,"tags=48%, list=33%, signal=32%",ABCD2/PEX1/CAT/PEX11A/ABCA5/PEX6/IDH1/FADS1/EPHX2/FADS2/EFHC1/MLYCD/RXRA/ABCA3/SLC27A5/GCLM/GNPAT/PRDX5/SLC29A1/SULT1B1/ALDH9A1/BCAR3/ACSL5/DHCR24/PEX16/LONP2/SCP2/ABCA2/NEDD4,225/5189/847/8800/23461/5190/3417/3992/2053/9415/114327/23417/6256/21/10998/2730/8443/25824/2030/27284/223/8412/51703/1718/9409/83752/6342/20/4734,Natural killer cells,HALLMARK,Monaco_fine
HALLMARK_IL2_STAT5_SIGNALING,HALLMARK_IL2_STAT5_SIGNALING,138,-0.259671849841964,-1.19381041299713,0.123983739837398,0.238065061258978,0.148311208947591,1457,"tags=22%, list=15%, signal=19%",TNFRSF1B/ALCAM/XBP1/AHNAK/UCK2/GPR65/GSTO1/TIAM1/CTSZ/TNFSF10/RNH1/GLIPR2/MXD1/CD44/IKZF2/TRAF1/KLF6/LRIG1/EOMES/NFKBIZ/BATF/ADAM19/SLC1A5/CTLA4/CST7/CDC6/FGL2/SYT11/TTC39B/GBP4,7133/214/7494/79026/7371/8477/9446/7074/1522/8743/6050/152007/4084/960/22807/7185/1316/26018/8320/64332/10538/8728/6510/1493/8530/990/10875/23208/158219/115361,Natural killer cells,HALLMARK,Monaco_fine
HALLMARK_IL6_JAK_STAT3_SIGNALING,HALLMARK_IL6_JAK_STAT3_SIGNALING,53,-0.321360147472235,-1.24971304391217,0.144308943089431,0.252540650406504,0.157329298856898,1566,"tags=26%, list=16%, signal=22%",CD38/TNFRSF1B/MYD88/JUN/PIK3R5/STAT3/CCR1/CD44/IL12RB1/TGFB1/ITGA4/IRF1/IRF9/STAT1,952/7133/4615/3725/23533/6774/1230/960/3594/7040/3676/3659/10379/6772,Natural killer cells,HALLMARK,Monaco_fine
HALLMARK_ANDROGEN_RESPONSE,HALLMARK_ANDROGEN_RESPONSE,76,-0.296100099396328,-1.22425398355041,0.153692614770459,0.259687521508707,0.161781699758378,1748,"tags=25%, list=18%, signal=21%",RAB4A/CENPN/CAMKK2/ELOVL5/KRT8/SELENOP/SPCS3/XRCC6/B2M/DNAJB9/ABHD2/ARID5B/INPP4B/ANKH/B4GALT1/STK39/XRCC5/SEC24D/MAF,5867/55839/10645/60481/3856/6414/60559/2547/567/4189/11057/84159/8821/56172/2683/27347/7520/9871/4094,Natural killer cells,HALLMARK,Monaco_fine
HALLMARK_PROTEIN_SECRETION,HALLMARK_PROTEIN_SECRETION,89,-0.27431677692919,-1.17280360787512,0.167322834645669,0.273293963254593,0.170258322972786,1485,"tags=25%, list=15%, signal=21%",MAPK1/COPB2/ARF1/ARCN1/AP2S1/DOP1A/KIF1B/CLTA/TMX1/VPS4B/CTSC/AP3B1/TMED2/USO1/GBF1/KRT18/TSPAN8/ANP32E/GOSR2/RAB9A/GALC/SEC24D,5594/9276/375/372/1175/23033/23095/1211/81542/9525/1075/8546/10959/8615/8729/3875/7103/81611/9570/9367/2581/9871,Natural killer cells,HALLMARK,Monaco_fine
HALLMARK_KRAS_SIGNALING_UP,HALLMARK_KRAS_SIGNALING_UP,91,0.267964968787235,1.1483256948223,0.213414634146341,0.326791158536585,0.203586328626444,1834,"tags=31%, list=19%, signal=25%",IL7R/CBL/ANGPTL4/SPRY2/IRF8/CD37/TRIB2/FUCA1/MMD/HDAC9/GADD45G/AKT2/LAPTM5/C3AR1/RBM4/BTBD3/LAT2/DUSP6/GALNT3/ITGA2/ATG10/AVL9/CAB39L/SPON1/FCER1G/PTBP2/CCND2/CSF2,3575/867/51129/10253/3394/951/28951/2517/23531/9734/10912/208/7805/719/5936/22903/7462/1848/2591/3673/83734/23080/81617/10418/2207/58155/894/1437,Natural killer cells,HALLMARK,Monaco_fine
HALLMARK_INFLAMMATORY_RESPONSE,HALLMARK_INFLAMMATORY_RESPONSE,97,-0.258842342292295,-1.12745574026472,0.210629921259843,0.326791158536585,0.203586328626444,1472,"tags=26%, list=15%, signal=22%",PTGER4/TNFRSF1B/NFKBIA/SLC4A4/RHOG/KIF1B/RASGRP1/BTG2/PIK3R5/TNFSF9/TNFSF10/NMI/RIPK2/ATP2B1/CD55/NAMPT/CD69/EMP3/MXD1/KLF6/CXCR6/ABI1/IL15/IRF1/LY6E,5734/7133/4792/8671/391/23095/10125/7832/23533/8744/8743/9111/8767/490/1604/10135/969/2014/4084/1316/10663/10006/3600/3659/4061,Natural killer cells,HALLMARK,Monaco_fine
HALLMARK_APICAL_JUNCTION,HALLMARK_APICAL_JUNCTION,88,-0.261206341860425,-1.11736308175003,0.224852071005917,0.33387125694818,0.207997131074054,1531,"tags=23%, list=16%, signal=19%",STX4/TAOK2/JAM3/MDK/ACTB/CLDN4/VCL/EVL/LIMA1/ZYX/DLG1/PTPRC/TRAF1/AKT3/GTF2F1/B4GALT1/HADH/FYB1/PECAM1/CNN2,6810/9344/83700/4192/60/1364/7414/51466/51474/7791/1739/5788/7185/10000/2962/2683/3033/2533/5175/1265,Natural killer cells,HALLMARK,Monaco_fine
HALLMARK_APICAL_SURFACE,HALLMARK_APICAL_SURFACE,20,-0.37017876269564,-1.1351830941444,0.287644787644788,0.391516516516516,0.243909322856691,2166,"tags=40%, list=22%, signal=31%",AKAP7/IL2RB/LYN/GATA3/CROCC/AFAP1L2/BRCA1/B4GALT1,9465/3560/4067/2625/9696/84632/672/2683,Natural killer cells,HALLMARK,Monaco_fine
HALLMARK_GLYCOLYSIS,HALLMARK_GLYCOLYSIS,117,-0.243284470176664,-1.09509577260022,0.283236994219653,0.391516516516516,0.243909322856691,1753,"tags=24%, list=18%, signal=20%",ANKZF1/CXCR4/HSPA5/PAXIP1/PFKP/COPB2/B4GALT4/ALDOB/FUT8/HOMER1/RBCK1/CTH/AKR1A1/ENO1/PSMC4/LDHA/CD44/CDK1/GMPPB/POLR3K/MPI/ISG20/B4GALT1/NASP/GFPT1/PKM/GLRX/HMMR,55139/7852/3309/22976/5214/9276/8702/229/2530/9456/10616/1491/10327/2023/5704/3939/960/983/29925/51728/4351/3669/2683/4678/2673/5315/2745/3161,Natural killer cells,HALLMARK,Monaco_fine
HALLMARK_P53_PATHWAY,HALLMARK_P53_PATHWAY,145,0.235840142589487,1.0861474873634,0.278787878787879,0.391516516516516,0.243909322856691,1832,"tags=24%, list=19%, signal=20%",RPL18/ZFP36L1/CDKN2AIP/NDRG1/EPS8L2/SOCS1/RACK1/MAPKAPK3/RRP8/SESN1/PVT1/COQ8A/FUCA1/TAX1BP3/GADD45A/ISCU/S100A10/POM121/RPL36/NUDT15/RPS12/TXNIP/JAG2/CYFIP2/RB1/RXRA/BTG1/ACVR1B/ERCC5/FAM162A/SERTAD3/PRKAB1/RAB40C/CCND2/DDIT4,6141/677/55602/10397/64787/8651/10399/7867/23378/27244/5820/56997/2517/30851/1647/23479/6281/9883/25873/55270/6206/10628/3714/26999/5925/6256/694/91/2073/26355/29946/5564/57799/894/54541,Natural killer cells,HALLMARK,Monaco_fine
HALLMARK_XENOBIOTIC_METABOLISM,HALLMARK_XENOBIOTIC_METABOLISM,101,-0.243831069788711,-1.06907784819888,0.307992202729045,0.407881565776303,0.254104520032498,1974,"tags=28%, list=20%, signal=22%",ID2/SSR3/MAN1A1/POR/NMT1/PGD/PMM1/HPRT1/ELOVL5/SLC35D1/ACOX1/GSTO1/SHMT2/PGRMC1/GART/ETFDH/COMT/ETS2/TKFC/UPP1/LPIN2/PSMB10/ACO2/AKR1C3/NINJ1/SLC1A5/HES6/MT2A,3398/6747/4121/5447/4836/5226/5372/3251/60481/23169/51/9446/6472/10857/2618/2110/1312/2114/26007/7378/9663/5699/50/8644/4814/6510/55502/4502,Natural killer cells,HALLMARK,Monaco_fine
HALLMARK_ANGIOGENESIS,HALLMARK_ANGIOGENESIS,10,0.398316801079712,1.0125347532073,0.425619834710744,0.548825576337538,0.341910670543257,1778,"tags=30%, list=18%, signal=25%",VAV2/JAG2/CCND2,7410/3714/894,Natural killer cells,HALLMARK,Monaco_fine
HALLMARK_NOTCH_SIGNALING,HALLMARK_NOTCH_SIGNALING,20,0.321914500806969,0.983347925543288,0.504132231404959,0.621554819754699,0.387219973638803,1970,"tags=35%, list=20%, signal=28%",CUL1/DLL1/MAML2/PPARD/SKP1/FBXW11/PRKCA,8454/28514/84441/5467/6500/23291/5578,Natural killer cells,HALLMARK,Monaco_fine
HALLMARK_FATTY_ACID_METABOLISM,HALLMARK_FATTY_ACID_METABOLISM,108,-0.218022555628537,-0.969134128550149,0.520076481835564,0.621554819754699,0.387219973638803,1719,"tags=22%, list=17%, signal=19%",DLST/UROD/PDHB/ELOVL5/NBN/RAP1GDS1/ACADS/HSP90AA1/ACOX1/ACAA2/PDHA1/FABP2/SERINC1/HADHB/PSME1/ETFDH/SDHA/IDH3B/LDHA/FH/MCEE/ACO2/UBE2L6/HADH,1743/7389/5162/60481/4683/5910/35/3320/51/10449/5160/2169/57515/3032/5720/2110/6389/3420/3939/2271/84693/50/9246/3033,Natural killer cells,HALLMARK,Monaco_fine
HALLMARK_UV_RESPONSE_DN,HALLMARK_UV_RESPONSE_DN,86,-0.226838632790641,-0.96850416332623,0.50880626223092,0.621554819754699,0.387219973638803,1390,"tags=19%, list=14%, signal=16%",SYNJ2/ATP2B4/MT1E/ATRX/ATP2B1/SFMBT1/ANXA2/DLG1/RUNX1/AKT3/INPP4B/PEX14/SIPA1L1/TOGARAM1/TGFBR3/SYNE1,8871/493/4493/546/490/51460/302/1739/861/10000/8821/5195/26037/23116/7049/23345,Natural killer cells,HALLMARK,Monaco_fine
HALLMARK_HYPOXIA,HALLMARK_HYPOXIA,114,-0.212333760769051,-0.953117904286288,0.552123552123552,0.644144144144144,0.401292807307845,2365,"tags=34%, list=24%, signal=26%",TPI1/SDC4/TIPARP/PGM2/CDKN1B/BHLHE40/RORA/PGK1/SIAH2/PPP1R15A/S100A4/PLAC8/NOCT/ANKZF1/CXCR4/ZFP36/HSPA5/KDM3A/PDK1/PFKP/XPNPEP1/KLF7/MT1E/ALDOB/TNFAIP3/GBE1/ATF3/JUN/FOS/ENO1/LDHA/ANXA2/FOSL2/RBPJ/ETS1/KLF6/ISG20/GLRX/MT2A,7167/6385/25976/55276/1027/8553/6095/5230/6478/23645/6275/51316/25819/55139/7852/7538/3309/55818/5163/5214/7511/8609/4493/229/7128/2632/467/3725/2353/2023/3939/302/2355/3516/2113/1316/3669/2745/4502,Natural killer cells,HALLMARK,Monaco_fine
HALLMARK_ESTROGEN_RESPONSE_EARLY,HALLMARK_ESTROGEN_RESPONSE_EARLY,102,0.209002089088588,0.92101371260773,0.617107942973524,0.687233845584151,0.42813708962278,2375,"tags=28%, list=24%, signal=22%",SLC24A3/DHCR7/MREG/SVIL/FASN/DYNLT3/PEX11A/NCOR2/BLVRB/KLF10/EGR3/MAST4/BCL2/SLC16A1/UGCG/PLAAT3/NRIP1/IGF1R/ABCA3/SYNGR1/SLC2A1/CHPT1/ABAT/UNC119/DHRS3/CANT1/TGIF2/SLC37A1/ITPK1,57419/1717/55686/6840/2194/6990/8800/9612/645/7071/1960/375449/596/6566/7357/11145/8204/3480/21/9145/6513/56994/18/9094/9249/124583/60436/54020/3705,Natural killer cells,HALLMARK,Monaco_fine
HALLMARK_COAGULATION,HALLMARK_COAGULATION,39,0.244769835646415,0.905724675190552,0.609942638623327,0.687233845584151,0.42813708962278,1876,"tags=28%, list=19%, signal=23%",GSN/P2RY1/CD9/LTA4H/RABIF/ISCU/S100A13/DUSP6/ITGA2/LAMP2/CTSO,2934/5028/928/4048/5877/23479/6284/1848/3673/3920/1519,Natural killer cells,HALLMARK,Monaco_fine
HALLMARK_ADIPOGENESIS,HALLMARK_ADIPOGENESIS,147,0.19547334257798,0.901408167110043,0.723232323232323,0.787519640852974,0.490613739736547,1181,"tags=14%, list=12%, signal=13%",DHCR7/SLC19A1/CAT/CCNG2/ANGPTL4/BCL6/GPD2/ETFB/G3BP2/TKT/MGLL/IDH1/GADD45A/DBT/ATL2/PPM1B/EPHX2/CMPK1/DLD/PEMT/GPX4,1717/6573/847/901/51129/604/2820/2109/9908/7086/11343/3417/1647/1629/64225/5495/2053/51727/1738/10400/2879,Natural killer cells,HALLMARK,Monaco_fine
HALLMARK_HEME_METABOLISM,HALLMARK_HEME_METABOLISM,130,0.191726572883071,0.870964424272178,0.776180698151951,0.826801178466208,0.515085589162622,2769,"tags=32%, list=28%, signal=24%",MXI1/VEZF1/EZH1/CAT/RBM5/P4HA2/TRAK2/ADD1/ALDH6A1/SYNJ1/BLVRB/NUDT4/HAGH/MKRN1/SLC25A38/RANBP10/PSMD9/DCUN1D1/DMTN/PGLS/SLC30A1/LAMP2/ARHGEF12/SLC2A1/NEK7/GCLM/GYPC/LRP10/SLC10A3/RAD23A/RNF123/NR3C1/TNRC6B/FOXO3/HMBS/CTNS/HEBP1/CLCN3/RBM38/BNIP3L/GYPE/NFE2L1,4601/7716/2145/847/10181/8974/66008/118/4329/8867/645/11163/3029/23608/54977/57610/5715/54165/2039/25796/7779/3920/23365/6513/140609/2730/2995/26020/8273/5886/63891/2908/23112/2309/3145/1497/50865/1182/55544/665/2996/4779,Natural killer cells,HALLMARK,Monaco_fine
HALLMARK_PEROXISOME,HALLMARK_PEROXISOME,76,0.194410407206358,0.811221739864519,0.842315369261477,0.878158576464093,0.547080530987298,3123,"tags=41%, list=32%, signal=28%",ABCD2/CAT/PEX11A/PEX6/IDH1/PABPC1/FADS1/EPHX2/MLYCD/SIAH1/PEX2/ECI2/SLC25A4/RDH11/GNPAT/DHRS3/PRDX5/SOD2/ITGB1BP1/ALDH9A1/CNBP/ECH1/CLN8/ACSL5/CTBP1/DHCR24/HMGCL/LONP2/FIS1/ERCC3/SCP2,225/847/8800/5190/3417/26986/3992/2053/23417/6477/5828/10455/291/51109/8443/9249/25824/6648/9270/223/7555/1891/2055/51703/1487/1718/3155/83752/51024/2071/6342,Natural killer cells,HALLMARK,Monaco_fine
HALLMARK_REACTIVE_OXYGEN_SPECIES_PATHWAY,HALLMARK_REACTIVE_OXYGEN_SPECIES_PATHWAY,43,0.176875234434019,0.667149757834219,0.96504854368932,0.96504854368932,0.601211767282283,2432,"tags=28%, list=25%, signal=21%",CAT/PRDX6/HMOX2/GPX4/FES/LSP1/SCAF4/GCLM/FTL/SOD2/GSR/ATOX1,847/9588/3163/2879/2242/4046/57466/2730/2512/6648/2936/475,Natural killer cells,HALLMARK,Monaco_fine
HALLMARK_HEDGEHOG_SIGNALING,HALLMARK_HEDGEHOG_SIGNALING,13,0.209978804774442,0.576575944925942,0.955193482688391,0.96504854368932,0.601211767282283,2102,"tags=23%, list=21%, signal=18%",DPYSL2/NF1/CDK6,1808/4763/1021,Natural killer cells,HALLMARK,Monaco_fine
HALLMARK_TNFA_SIGNALING_VIA_NFKB,HALLMARK_TNFA_SIGNALING_VIA_NFKB,42,0.68829974084016,2.48566955129351,9.29324587451185e-09,2.13744655113773e-07,1.85864917490237e-07,104,"tags=62%, list=18%, signal=55%",KLF4/FOSB/GCH1/IER2/ZFP36/NR4A1/IER5/IRF1/NFE2L2/ATF3/CCNL1/BTG2/EIF1/CD83/SOD2/FOS/KLF2/DUSP1/PNRC1/CD44/JUNB/IL1B/HES1/MCL1/KYNU/RHOB,9314/2354/2643/9592/7538/3164/51278/3659/4780/467/57018/7832/10209/9308/6648/2353/10365/1843/10957/960/3726/3553/3280/4170/8942/388,Non classical monocytes,HALLMARK,Monaco_fine
HALLMARK_UV_RESPONSE_UP,HALLMARK_UV_RESPONSE_UP,22,0.675420546337822,2.05759814600234,9.11219393325046e-05,0.0010479023023238,0.000911219393325047,116,"tags=68%, list=20%, signal=57%",FOSB/GCH1/NR4A1/IRF1/DNAJA1/TMBIM6/CCND3/ATF3/BTG2/SOD2/FOS/JUNB/BID/RHOB/DNAJB1,2354/2643/3164/3659/3301/7009/896/467/7832/6648/2353/3726/637/388/3337,Non classical monocytes,HALLMARK,Monaco_fine
HALLMARK_INFLAMMATORY_RESPONSE,HALLMARK_INFLAMMATORY_RESPONSE,20,0.55869350267194,1.6778176979899,0.0168082397728552,0.12886317159189,0.112054931819035,149,"tags=55%, list=25%, signal=42%",GCH1/IRF1/CD55/BTG2/C5AR1/IL1B/TNFSF10/RNF144B/PLAUR/ATP2B1/NFKBIA,2643/3659/1604/7832/728/3553/8743/255488/5329/490/4792,Non classical monocytes,HALLMARK,Monaco_fine
HALLMARK_P53_PATHWAY,HALLMARK_P53_PATHWAY,20,0.501360033278541,1.50563901831069,0.0563036500604931,0.239444765760555,0.208212839791787,47,"tags=30%, list=8%, signal=29%",KLF4/IER5/CCND3/ATF3/BTG2/FOS,9314/51278/896/467/7832/2353,Non classical monocytes,HALLMARK,Monaco_fine
HALLMARK_OXIDATIVE_PHOSPHORYLATION,HALLMARK_OXIDATIVE_PHOSPHORYLATION,10,-0.593025122308038,-1.47796956598401,0.0680933852140078,0.239444765760555,0.208212839791787,173,"tags=70%, list=30%, signal=50%",SLC25A6/ATP6V0C/COX7C/ATP5MG/SLC25A3/ATP5F1E/UQCRB,293/527/1350/10632/5250/514/7381,Non classical monocytes,HALLMARK,Monaco_fine
HALLMARK_APOPTOSIS,HALLMARK_APOPTOSIS,25,0.465849178673074,1.46237363143784,0.0496986471471318,0.239444765760555,0.208212839791787,135,"tags=52%, list=23%, signal=42%",GCH1/IRF1/DNAJA1/ATF3/BTG2/SOD2/CD44/IL1B/MCL1/BID/RHOB/TNFSF10/ANXA1,2643/3659/3301/467/7832/6648/960/3553/4170/637/388/8743/301,Non classical monocytes,HALLMARK,Monaco_fine
HALLMARK_HYPOXIA,HALLMARK_HYPOXIA,20,0.486231626452479,1.46020675787851,0.0728744939271255,0.239444765760555,0.208212839791787,150,"tags=50%, list=26%, signal=39%",ZFP36/ATF3/FOS/DUSP1/PNRC1/ENO1/ANXA2/PLAUR/PPP1R15A/BTG1,7538/467/2353/1843/10957/2023/302/5329/23645/694,Non classical monocytes,HALLMARK,Monaco_fine
HALLMARK_ESTROGEN_RESPONSE_EARLY,HALLMARK_ESTROGEN_RESPONSE_EARLY,11,0.475914081566874,1.19791931942321,0.247967479674797,0.712906504065041,0.619918699186992,91,"tags=55%, list=16%, signal=47%",KLF4/FOS/ELF1/CD44/HES1/PAPSS2,9314/2353/1997/960/3280/9060,Non classical monocytes,HALLMARK,Monaco_fine
HALLMARK_HEME_METABOLISM,HALLMARK_HEME_METABOLISM,12,0.43551206537947,1.13637178608778,0.286004056795132,0.730899256254226,0.635564570655849,33,"tags=17%, list=6%, signal=16%",CCND3/BTG2,896/7832,Non classical monocytes,HALLMARK,Monaco_fine
HALLMARK_KRAS_SIGNALING_UP,HALLMARK_KRAS_SIGNALING_UP,19,0.344800147002257,1.02851375708115,0.42315369261477,0.843786982248521,0.733727810650888,146,"tags=37%, list=25%, signal=29%",KLF4/LAPTM5/IL1B/MAFB/PECAM1/PLAUR/PPP1R15A,9314/7805/3553/9935/5175/5329/23645,Non classical monocytes,HALLMARK,Monaco_fine
HALLMARK_ESTROGEN_RESPONSE_LATE,HALLMARK_ESTROGEN_RESPONSE_LATE,12,0.368366591752781,0.961170619786255,0.486815415821501,0.843786982248521,0.733727810650888,91,"tags=42%, list=16%, signal=36%",KLF4/ZFP36/FOS/CD44/PAPSS2,9314/7538/2353/960/9060,Non classical monocytes,HALLMARK,Monaco_fine
HALLMARK_MYC_TARGETS_V1,HALLMARK_MYC_TARGETS_V1,31,0.28872892424315,0.955352532065813,0.528541226215645,0.843786982248521,0.733727810650888,51,"tags=16%, list=9%, signal=16%",HSP90AB1/EIF4G2/PABPC1/EIF4A1/RPLP0,3326/1982/26986/1973/6175,Non classical monocytes,HALLMARK,Monaco_fine
HALLMARK_INTERFERON_GAMMA_RESPONSE,HALLMARK_INTERFERON_GAMMA_RESPONSE,21,0.316261587926413,0.952636719991634,0.517382413087935,0.843786982248521,0.733727810650888,152,"tags=43%, list=26%, signal=33%",GCH1/IRF1/SOD2/IFI30/FGL2/TNFSF10/NFKBIA/BTG1/CD74,2643/3659/6648/10437/10875/8743/4792/694/972,Non classical monocytes,HALLMARK,Monaco_fine
HALLMARK_APICAL_JUNCTION,HALLMARK_APICAL_JUNCTION,16,0.333178343065823,0.946654951948457,0.542338709677419,0.843786982248521,0.733727810650888,128,"tags=31%, list=22%, signal=25%",VASP/ITGB1/GNAI2/ARPC2/PECAM1,7408/3688/2771/10109/5175,Non classical monocytes,HALLMARK,Monaco_fine
HALLMARK_COAGULATION,HALLMARK_COAGULATION,13,-0.34881326191147,-0.924811612580834,0.550295857988166,0.843786982248521,0.733727810650888,142,"tags=54%, list=24%, signal=42%",PLEK/CTSB/DUSP6/SERPINA1/FYN/LTA4H/CPQ,5341/1508/1848/5265/2534/4048/10404,Non classical monocytes,HALLMARK,Monaco_fine
HALLMARK_IL2_STAT5_SIGNALING,HALLMARK_IL2_STAT5_SIGNALING,18,0.300818597983439,0.876231574635423,0.631578947368421,0.854489164086687,0.743034055727554,126,"tags=39%, list=22%, signal=31%",CCND3/CD83/PHTF2/CD44/FGL2/RHOB/TNFSF10,896/9308/57157/960/10875/388/8743,Non classical monocytes,HALLMARK,Monaco_fine
HALLMARK_UV_RESPONSE_DN,HALLMARK_UV_RESPONSE_DN,11,-0.337163722126553,-0.859430480377695,0.62156862745098,0.854489164086687,0.743034055727554,99,"tags=36%, list=17%, signal=31%",PRKCE/CELF2/FYN/NIPBL,5581/10659/2534/25836,Non classical monocytes,HALLMARK,Monaco_fine
HALLMARK_EPITHELIAL_MESENCHYMAL_TRANSITION,HALLMARK_EPITHELIAL_MESENCHYMAL_TRANSITION,11,-0.319602796148107,-0.81466767210656,0.698039215686275,0.891938997821351,0.775599128540305,42,"tags=18%, list=7%, signal=17%",GLIPR1/ID2,11010/3398,Non classical monocytes,HALLMARK,Monaco_fine
HALLMARK_PI3K_AKT_MTOR_SIGNALING,HALLMARK_PI3K_AKT_MTOR_SIGNALING,14,0.287584604572261,0.78382098406291,0.776659959758551,0.898635477582846,0.781422154419866,11,"tags=7%, list=2%, signal=7%",ARF1,375,Non classical monocytes,HALLMARK,Monaco_fine
HALLMARK_COMPLEMENT,HALLMARK_COMPLEMENT,31,-0.223373345229907,-0.753668792018576,0.831758034026465,0.898635477582846,0.781422154419866,26,"tags=23%, list=4%, signal=23%",FYN/GNAI3/LTA4H/CPQ/FCN1/CTSC/S100A9,2534/2773/4048/10404/2219/1075/6280,Non classical monocytes,HALLMARK,Monaco_fine
HALLMARK_MTORC1_SIGNALING,HALLMARK_MTORC1_SIGNALING,23,-0.228503103794933,-0.708309971765486,0.898635477582846,0.898635477582846,0.781422154419866,17,"tags=22%, list=3%, signal=22%",HSPE1/UBE2D3/LTA4H/CTSC/CORO1A,3336/7323/4048/1075/11151,Non classical monocytes,HALLMARK,Monaco_fine
HALLMARK_ALLOGRAFT_REJECTION,HALLMARK_ALLOGRAFT_REJECTION,28,-0.209186526211209,-0.68741898602165,0.897637795275591,0.898635477582846,0.781422154419866,107,"tags=18%, list=18%, signal=15%",HLA-A/PTPRC/B2M/RPL39/IFNGR1,3105/5788/567/6170/3459,Non classical monocytes,HALLMARK,Monaco_fine
HALLMARK_INTERFERON_ALPHA_RESPONSE,HALLMARK_INTERFERON_ALPHA_RESPONSE,11,0.264113357539521,0.664797503937407,0.890243902439024,0.898635477582846,0.781422154419866,87,"tags=27%, list=15%, signal=24%",IRF1/ELF1/IFI30,3659/1997/10437,Non classical monocytes,HALLMARK,Monaco_fine
HALLMARK_UNFOLDED_PROTEIN_RESPONSE,HALLMARK_UNFOLDED_PROTEIN_RESPONSE,26,-0.619039416983595,-1.99158615268539,0.000461773153959045,0.00854280334824232,0.00826330907084606,188,"tags=38%, list=10%, signal=35%",SERP1/PDIA6/NABP1/CALR/YWHAZ/HSP90B1/HSPA9/SPCS1/HSPA5/EIF4A3,27230/10130/64859/811/7534/7184/3313/28972/3309/9775,Non-switched memory B cells,HALLMARK,Monaco_fine
HALLMARK_MTORC1_SIGNALING,HALLMARK_MTORC1_SIGNALING,51,-0.504814181331402,-1.89004411633975,0.000241805584457281,0.00854280334824232,0.00826330907084606,476,"tags=49%, list=26%, signal=37%",SKAP2/ENO1/CYP51A1/DDIT4/CYB5B/ADD3/STIP1/ARPC5L/INSIG1/TFRC/SERP1/EIF2S2/PRDX1/CORO1A/GAPDH/IDI1/CALR/CANX/HSP90B1/HSPA9/SQSTM1/HSPA5/ADIPOR2/ACTR2/IFI30,8935/2023/1595/54541/80777/120/10963/81873/3638/7037/27230/8894/5052/11151/2597/3422/811/821/7184/3313/8878/3309/79602/10097/10437,Non-switched memory B cells,HALLMARK,Monaco_fine
HALLMARK_ESTROGEN_RESPONSE_EARLY,HALLMARK_ESTROGEN_RESPONSE_EARLY,27,0.455918794498195,1.5587733258148,0.0352119684823105,0.40387323943662,0.390659747961453,168,"tags=22%, list=9%, signal=20%",FCMR/NRIP1/EGR3/CHPT1/ABLIM1/INPP5F,9214/8204/1960/56994/3983/22876,Non-switched memory B cells,HALLMARK,Monaco_fine
HALLMARK_ADIPOGENESIS,HALLMARK_ADIPOGENESIS,20,-0.504430388255234,-1.52062940610613,0.0522648083623693,0.40387323943662,0.390659747961453,438,"tags=40%, list=24%, signal=31%",G3BP2/CHCHD10/UCP2/PPM1B/NABP1/ADIPOR2/PPP1R15B/RREB1,9908/400916/7351/5495/64859/79602/84919/6239,Non-switched memory B cells,HALLMARK,Monaco_fine
HALLMARK_ANDROGEN_RESPONSE,HALLMARK_ANDROGEN_RESPONSE,26,-0.462547652567717,-1.48811767803052,0.0545774647887324,0.40387323943662,0.390659747961453,341,"tags=31%, list=19%, signal=25%",INSIG1/TNFAIP8/UBE2I/IDI1/PIAS1/UBE2J1/ARID5B/ELL2,3638/25816/7329/3422/8554/51465/84159/22936,Non-switched memory B cells,HALLMARK,Monaco_fine
HALLMARK_INTERFERON_GAMMA_RESPONSE,HALLMARK_INTERFERON_GAMMA_RESPONSE,54,-0.333516995487089,-1.26493430185332,0.119205298013245,0.735099337748344,0.711049146043918,286,"tags=20%, list=16%, signal=18%",NFKB1/PARP14/PSMB9/ADAR/ARID5B/PTPN1/CD40/STAT3/IFI30/STAT1/BANK1,4790/54625/5698/103/84159/5770/958/6774/10437/6772/55024,Non-switched memory B cells,HALLMARK,Monaco_fine
HALLMARK_UV_RESPONSE_DN,HALLMARK_UV_RESPONSE_DN,31,0.344614426215695,1.22275853296465,0.157772621809745,0.833140877598152,0.805883067947004,263,"tags=32%, list=14%, signal=28%",AKT3/PHF3/CDKN1B/TGFBR2/VAV2/RUNX1/PTEN/DUSP1/RASA2/NIPBL,10000/23469/1027/7048/7410/861/5728/1843/5922/25836,Non-switched memory B cells,HALLMARK,Monaco_fine
HALLMARK_ESTROGEN_RESPONSE_LATE,HALLMARK_ESTROGEN_RESPONSE_LATE,24,0.368289865041515,1.21745480183847,0.18013856812933,0.833140877598152,0.805883067947004,346,"tags=29%, list=19%, signal=24%",NRIP1/EGR3/CHPT1/PTPN6/JAK1/FOS/PDCD4,8204/1960/56994/5777/3716/2353/27250,Non-switched memory B cells,HALLMARK,Monaco_fine
HALLMARK_EPITHELIAL_MESENCHYMAL_TRANSITION,HALLMARK_EPITHELIAL_MESENCHYMAL_TRANSITION,14,-0.45036972936124,-1.22871219982587,0.204301075268817,0.839904420549582,0.812425328554361,670,"tags=64%, list=37%, signal=41%",SAT1/GLIPR1/NOTCH2/JUN/BASP1/COPA/PPIB/TGFB1/VIM,6303/11010/4853/3725/10409/1314/5479/7040/7431,Non-switched memory B cells,HALLMARK,Monaco_fine
HALLMARK_E2F_TARGETS,HALLMARK_E2F_TARGETS,35,-0.328780621880776,-1.12335062596167,0.277296360485269,0.987593052109181,0.955282041869478,686,"tags=54%, list=38%, signal=35%",SYNCRIP/PNN/XRCC6/SRSF1/DUT/LBR/RAN/NAP1L1/RAD21/ANP32E/MYC/TFRC/SNRPB/SRSF2/PRKDC/TRA2B/SMC1A/NASP/ILF3,10492/5411/2547/6426/1854/3930/5901/4673/5885/81611/4609/7037/6628/6427/5591/6434/8243/4678/3609,Non-switched memory B cells,HALLMARK,Monaco_fine
HALLMARK_GLYCOLYSIS,HALLMARK_GLYCOLYSIS,15,-0.386433437682989,-1.0723480181381,0.365107913669065,0.987593052109181,0.955282041869478,192,"tags=40%, list=11%, signal=36%",ZNF292/ENO1/DDIT4/NASP/HSPA5/FUT8,23036/2023/54541/4678/3309/2530,Non-switched memory B cells,HALLMARK,Monaco_fine
HALLMARK_INTERFERON_ALPHA_RESPONSE,HALLMARK_INTERFERON_ALPHA_RESPONSE,21,-0.348982738534791,-1.07010691137209,0.34965034965035,0.987593052109181,0.955282041869478,254,"tags=24%, list=14%, signal=21%",PARP14/PSMB9/SELL/ADAR/IFI30,54625/5698/6402/103/10437,Non-switched memory B cells,HALLMARK,Monaco_fine
HALLMARK_IL6_JAK_STAT3_SIGNALING,HALLMARK_IL6_JAK_STAT3_SIGNALING,19,-0.358185739563833,-1.06711847888154,0.351398601398601,0.987593052109181,0.955282041869478,236,"tags=42%, list=13%, signal=37%",JUN/IFNGR2/CD38/TGFB1/MAP3K8/PTPN1/STAT3/STAT1,3725/3460/952/7040/1326/5770/6774/6772,Non-switched memory B cells,HALLMARK,Monaco_fine
HALLMARK_CHOLESTEROL_HOMEOSTASIS,HALLMARK_CHOLESTEROL_HOMEOSTASIS,13,-0.383933710323026,-1.02233954812189,0.424731182795699,0.987593052109181,0.955282041869478,431,"tags=31%, list=24%, signal=24%",CYP51A1/SREBF2/IDI1/ATXN2,1595/6721/3422/6311,Non-switched memory B cells,HALLMARK,Monaco_fine
HALLMARK_FATTY_ACID_METABOLISM,HALLMARK_FATTY_ACID_METABOLISM,16,-0.356867826906268,-1.01053008093967,0.448763250883392,0.987593052109181,0.955282041869478,623,"tags=50%, list=34%, signal=33%",PSME1/HMGCS1/SERINC1/SUCLG2/RAP1GDS1/ERP29/IDI1/ADIPOR2,5720/3157/57515/8801/5910/10961/3422/79602,Non-switched memory B cells,HALLMARK,Monaco_fine
HALLMARK_P53_PATHWAY,HALLMARK_P53_PATHWAY,30,-0.301987060168814,-1.00034300411707,0.447552447552448,0.987593052109181,0.955282041869478,484,"tags=30%, list=26%, signal=22%",LDHB/PVT1/JUN/DDIT4/IER5/CCNK/FBXW7/TGFB1/IFI30,3945/5820/3725/54541/51278/8812/55294/7040/10437,Non-switched memory B cells,HALLMARK,Monaco_fine
HALLMARK_MITOTIC_SPINDLE,HALLMARK_MITOTIC_SPINDLE,52,0.248512640026828,0.986062581292047,0.464197530864198,0.987593052109181,0.955282041869478,327,"tags=29%, list=18%, signal=24%",CNTRL/LRPPRC/MYH9/PREX1/MYO1E/TLK1/NIN/ARFGEF1/KIF5B/RASA2/CDK5RAP2/DYNC1H1/STAU1/AKAP13/ARHGAP5,11064/10128/4627/57580/4643/9874/51199/10565/3799/5922/55755/1778/6780/11214/394,Non-switched memory B cells,HALLMARK,Monaco_fine
HALLMARK_TNFA_SIGNALING_VIA_NFKB,HALLMARK_TNFA_SIGNALING_VIA_NFKB,60,0.238518835851837,0.967342184953421,0.541772151898734,0.987593052109181,0.955282041869478,228,"tags=18%, list=12%, signal=17%",KLF2/CD69/EGR3/TNF/CD83/JUNB/TNFSF9/KLF6/IRF1/DUSP1/NR4A2,10365/969/1960/7124/9308/3726/8744/1316/3659/1843/4929,Non-switched memory B cells,HALLMARK,Monaco_fine
HALLMARK_PEROXISOME,HALLMARK_PEROXISOME,10,-0.39204542367397,-0.946187156380379,0.528545119705341,0.987593052109181,0.955282041869478,233,"tags=30%, list=13%, signal=26%",SMARCC1/PRDX1/IDI1,6599/5052/3422,Non-switched memory B cells,HALLMARK,Monaco_fine
HALLMARK_APICAL_JUNCTION,HALLMARK_APICAL_JUNCTION,27,-0.28210101179029,-0.918731762157706,0.568695652173913,0.987593052109181,0.955282041869478,176,"tags=22%, list=10%, signal=20%",PTPRC/EVL/ARPC2/MYL12B/DLG1/VASP,5788/51466/10109/103910/1739/7408,Non-switched memory B cells,HALLMARK,Monaco_fine
HALLMARK_PROTEIN_SECRETION,HALLMARK_PROTEIN_SECRETION,21,0.282588309062189,0.900335529371977,0.613953488372093,0.987593052109181,0.955282041869478,437,"tags=38%, list=24%, signal=29%",GNAS/MON2/ARFGEF1/STX7/VPS4B/SNX2/TPD52/SGMS1,2778/23041/10565/8417/9525/6643/7163/259230,Non-switched memory B cells,HALLMARK,Monaco_fine
HALLMARK_DNA_REPAIR,HALLMARK_DNA_REPAIR,16,-0.313921814010312,-0.888921365847558,0.627208480565371,0.987593052109181,0.955282041869478,125,"tags=19%, list=7%, signal=18%",REV3L/HCLS1/POLR2A,5980/3059/5430,Non-switched memory B cells,HALLMARK,Monaco_fine
HALLMARK_APOPTOSIS,HALLMARK_APOPTOSIS,33,0.243740139680491,0.87784555081408,0.705882352941177,0.987593052109181,0.955282041869478,255,"tags=21%, list=14%, signal=19%",CD69/EGR3/TNF/CDKN1B/DNAJA1/IRF1/PPP3R1,969/1960/7124/1027/3301/3659/5534,Non-switched memory B cells,HALLMARK,Monaco_fine
HALLMARK_HEME_METABOLISM,HALLMARK_HEME_METABOLISM,27,-0.269096908569246,-0.876380681629036,0.641739130434783,0.987593052109181,0.955282041869478,359,"tags=30%, list=20%, signal=24%",UCP2/TFRC/KAT2B/NR3C1/TENT5C/TNRC6B/USP15/ELL2,7351/7037/8850/2908/54855/23112/9958/22936,Non-switched memory B cells,HALLMARK,Monaco_fine
HALLMARK_PI3K_AKT_MTOR_SIGNALING,HALLMARK_PI3K_AKT_MTOR_SIGNALING,26,0.249852388763647,0.850997257394394,0.735023041474654,0.987593052109181,0.955282041869478,413,"tags=35%, list=23%, signal=27%",MAPKAP1/PIKFYVE/CDKN1B/PTEN/DAPP1/VAV3/IL2RG/CXCR4/PFN1,79109/200576/1027/5728/27071/10451/3561/7852/5216,Non-switched memory B cells,HALLMARK,Monaco_fine
HALLMARK_TGF_BETA_SIGNALING,HALLMARK_TGF_BETA_SIGNALING,17,-0.291695134629812,-0.842168048614177,0.685964912280702,0.987593052109181,0.955282041869478,440,"tags=35%, list=24%, signal=27%",IFNGR2/HIPK2/SMURF2/APC/TGFB1/BMPR2,3460/28996/64750/324/7040/659,Non-switched memory B cells,HALLMARK,Monaco_fine
HALLMARK_INFLAMMATORY_RESPONSE,HALLMARK_INFLAMMATORY_RESPONSE,27,0.238818061246851,0.816512124717578,0.786885245901639,0.987593052109181,0.955282041869478,208,"tags=19%, list=11%, signal=17%",CD69/TNFSF9/KLF6/IRF1/TAPBP,969/8744/1316/3659/6892,Non-switched memory B cells,HALLMARK,Monaco_fine
HALLMARK_ALLOGRAFT_REJECTION,HALLMARK_ALLOGRAFT_REJECTION,51,0.203519818288607,0.805768288901966,0.805418719211823,0.987593052109181,0.955282041869478,529,"tags=35%, list=29%, signal=26%",ETS1/TNF/LY86/IL16/HLA-DMB/PTPN6/TAPBP/CD47/EIF4G3/IL2RG/IFNGR1/TPD52/EIF3J/RPS19/IRF8/B2M/IFNAR2/CD74,2113/7124/9450/3603/3109/5777/6892/961/8672/3561/3459/7163/8669/6223/3394/567/3455/972,Non-switched memory B cells,HALLMARK,Monaco_fine
HALLMARK_MYOGENESIS,HALLMARK_MYOGENESIS,16,-0.283830662380624,-0.803713309532908,0.738515901060071,0.987593052109181,0.955282041869478,285,"tags=25%, list=16%, signal=21%",MEF2C/TGFB1/SPTAN1/LARGE1,4208/7040/6709/9215,Non-switched memory B cells,HALLMARK,Monaco_fine
HALLMARK_KRAS_SIGNALING_UP,HALLMARK_KRAS_SIGNALING_UP,23,-0.253073618657692,-0.793009806911078,0.774080560420315,0.987593052109181,0.955282041869478,434,"tags=35%, list=24%, signal=27%",ST6GAL1/USP12/HDAC9/WDR33/RABGAP1L/DOCK2/BIRC3/ADAM17,6480/219333/9734/55339/9910/1794/330/6868,Non-switched memory B cells,HALLMARK,Monaco_fine
HALLMARK_HYPOXIA,HALLMARK_HYPOXIA,31,0.219991035703297,0.780570677309869,0.832946635730859,0.987593052109181,0.955282041869478,211,"tags=16%, list=12%, signal=15%",ETS1/MYH9/CDKN1B/KLF6/DUSP1,2113/4627/1027/1316/1843,Non-switched memory B cells,HALLMARK,Monaco_fine
HALLMARK_IL2_STAT5_SIGNALING,HALLMARK_IL2_STAT5_SIGNALING,36,-0.216806719834333,-0.744711199630412,0.871304347826087,0.987593052109181,0.955282041869478,231,"tags=31%, list=13%, signal=27%",ADAM19/NFKBIZ/MYC/SWAP70/HIPK2/RABGAP1L/SELL/MAP3K8/RHOH/BMPR2/CTSZ,8728/64332/4609/23075/28996/9910/6402/1326/399/659/1522,Non-switched memory B cells,HALLMARK,Monaco_fine
HALLMARK_MYC_TARGETS_V1,HALLMARK_MYC_TARGETS_V1,82,0.165100914047611,0.716268391524117,0.973684210526316,0.987593052109181,0.955282041869478,475,"tags=26%, list=26%, signal=20%",CUL1/SRSF7/HNRNPA3/SERBP1/FBL/EIF4G2/SRSF3/HNRNPA1/XPO1/DEK/SLC25A3/HSP90AB1/UBE2E1/G3BP1/PPIA/RSL1D1/EIF3J/HNRNPC/RPS10/RPL6/SSB,8454/6432/220988/26135/2091/1982/6428/3178/7514/7913/5250/3326/7324/10146/5478/26156/8669/3183/6204/6128/6741,Non-switched memory B cells,HALLMARK,Monaco_fine
HALLMARK_OXIDATIVE_PHOSPHORYLATION,HALLMARK_OXIDATIVE_PHOSPHORYLATION,26,0.203304068415106,0.692453674325446,0.910138248847926,0.987593052109181,0.955282041869478,305,"tags=19%, list=17%, signal=16%",LRPPRC/HADHA/COX4I1/ATP6V1G1/SLC25A3,10128/3030/1327/9550/5250,Non-switched memory B cells,HALLMARK,Monaco_fine
HALLMARK_UV_RESPONSE_UP,HALLMARK_UV_RESPONSE_UP,27,0.192562377048542,0.658365262676069,0.953161592505855,0.987593052109181,0.955282041869478,225,"tags=19%, list=12%, signal=16%",GLS/JUNB/DNAJA1/IRF1/CDC5L,2744/3726/3301/3659/988,Non-switched memory B cells,HALLMARK,Monaco_fine
HALLMARK_G2M_CHECKPOINT,HALLMARK_G2M_CHECKPOINT,49,0.161961821594966,0.631628359838017,0.987593052109181,0.987593052109181,0.955282041869478,484,"tags=29%, list=26%, signal=22%",CUL1/CDKN1B/SFPQ/SLC38A1/KIF5B/XPO1/STAG1/G3BP1/CUL5/SS18/HSPA8/ATRX/AMD1/TOP1,8454/1027/6421/81539/3799/7514/10274/10146/8065/6760/3312/546/262/7150,Non-switched memory B cells,HALLMARK,Monaco_fine
HALLMARK_COMPLEMENT,HALLMARK_COMPLEMENT,27,-0.189700087973158,-0.617805285415325,0.954782608695652,0.987593052109181,0.955282041869478,322,"tags=37%, list=18%, signal=31%",HSPA1A/KYNU/CASP4/GRB2/LYN/GNG2/ZEB1/PSMB9/HSPA5/USP15,3303/8942/837/2885/4067/54331/6935/5698/3309/9958,Non-switched memory B cells,HALLMARK,Monaco_fine
HALLMARK_E2F_TARGETS,HALLMARK_E2F_TARGETS,171,-0.686028877222666,-3.28656104048128,1e-10,8e-10,5.43859649122807e-10,1582,"tags=54%, list=15%, signal=47%",SRSF1/PRIM2/TRA2B/POLD3/MSH2/ILF3/WEE1/PTTG1/RAD50/SLBP/TP53/TIMELESS/EED/RAD1/CDKN2C/RANBP1/NASP/NME1/DONSON/MTHFD2/MCM7/MCM3/ANP32E/POLD2/CKS1B/SMC3/CDC25B/DEK/IPO7/CIT/SMC6/RAN/BARD1/LIG1/PLK4/AURKA/BRCA2/UBE2T/MCM2/TACC3/SPC25/CTPS1/HNRNPD/CDKN2A/DDX39A/RRM2/RAD51AP1/CDCA8/CKS2/HELLS/TK1/DIAPH3/POLA2/DNMT1/NCAPD2/DUT/KIF22/TUBB/MAD2L1/TOP2A/UBE2S/RACGAP1/GINS4/BRCA1/ATAD2/PCNA/TMPO/SNRPB/ASF1B/CDKN3/BUB1B/MELK/ORC6/XRCC6/CDK1/CENPE/RPA3/HMGB2/MMS22L/MCM6/MKI67/KPNA2/CHEK1/MCM4/JPT1/DLGAP5/LMNB1/EZH2/HMMR/CENPM/SMC4/STMN1,6426/5558/6434/10714/4436/3609/7465/9232/10111/7884/7157/8914/8726/5810/1031/5902/4678/4830/29980/10797/4176/4172/81611/5425/1163/9126/994/7913/10527/11113/79677/5901/580/3978/10733/6790/675/29089/4171/10460/57405/1503/3184/1029/10212/6241/10635/55143/1164/3070/7083/81624/23649/1786/9918/1854/3835/203068/4085/7153/27338/29127/84296/672/29028/5111/7112/6628/55723/1033/701/9833/23594/2547/983/1062/6119/3148/253714/4175/4288/3838/1111/4173/51155/9787/4001/2146/3161/79019/10051/3925,Non-Vd2 gd T cells,HALLMARK,Monaco_fine
HALLMARK_G2M_CHECKPOINT,HALLMARK_G2M_CHECKPOINT,164,-0.661692512865524,-3.13485858413896,1e-10,8e-10,5.43859649122807e-10,1984,"tags=57%, list=19%, signal=47%",TGFB1/ODC1/UCK2/MAP3K20/TENT4A/PRMT5/PML/MCM5/KATNA1/SRSF1/PRIM2/TRA2B/DR1/TOP1/CASP8AP2/KMT5A/ILF3/PTTG1/MT2A/SNRPD1/HIRA/ATF5/SLC38A1/CDKN2C/NASP/WRN/MCM3/EWSR1/CKS1B/CDC25B/DBF4/FBXO5/NUP98/BARD1/UBE2C/RBL1/CHMP1A/PLK4/AURKA/BRCA2/MCM2/TACC3/DTYMK/HNRNPD/DDX39A/SLC7A1/KIF11/HMGN2/CKS2/CDC6/POLQ/CCNA2/POLA2/KNL1/KIF22/TFDP1/STIL/MAD2L1/TOP2A/KIF15/KPNB1/UBE2S/RACGAP1/CHAF1A/TMPO/CDKN3/BCL3/SMC2/NSD2/ORC6/CDK1/CENPE/KIF20B/GINS2/CDC7/MCM6/MKI67/KPNA2/CHEK1/E2F3/JPT1/KIF23/LMNB1/PRC1/EZH2/TPX2/HMMR/CENPF/SMC4/STMN1/BUB1/NDC80/NUSAP1,7040/4953/7371/51776/11044/10419/5371/4174/11104/6426/5558/6434/1810/7150/9994/387893/3609/9232/4502/6632/7290/22809/81539/1031/4678/7486/4172/2130/1163/994/10926/26271/4928/580/11065/5933/5119/10733/6790/675/4171/10460/1841/3184/10212/6541/3832/3151/1164/990/10721/890/23649/57082/3835/7027/6491/4085/7153/56992/3837/27338/29127/10036/7112/1033/602/10592/7468/23594/983/1062/9585/51659/8317/4175/4288/3838/1111/1871/51155/9493/4001/9055/2146/22974/3161/1063/10051/3925/699/10403/51203,Non-Vd2 gd T cells,HALLMARK,Monaco_fine
HALLMARK_INTERFERON_ALPHA_RESPONSE,HALLMARK_INTERFERON_ALPHA_RESPONSE,87,-0.650167271955838,-2.78118704469736,1e-10,8e-10,5.43859649122807e-10,1368,"tags=47%, list=13%, signal=41%",TMEM140/HERC6/NUB1/MOV10/TRAFD1/HELZ2/OASL/IRF7/PLSCR1/B2M/MX1/STAT2/DDX60/ISG20/IFIT2/CSF1/IL15/HLA-C/TRIM5/PSMA3/SAMD9L/LY6E/IFIT3/TRIM25/ISG15/CD74/IRF1/IFI35/EPSTI1/UBE2L6/PSMB8/LAP3/PARP14/GBP2/PSME1/TAP1/PSMB9/IRF9/PARP9/GBP4/PSME2,55281/55008/51667/4343/10906/85441/8638/3665/5359/567/4599/6773/55601/3669/3433/1435/3600/3107/85363/5684/219285/4061/3437/7706/9636/972/3659/3430/94240/9246/5696/51056/54625/2634/5720/6890/5698/10379/83666/115361/5721,Non-Vd2 gd T cells,HALLMARK,Monaco_fine
HALLMARK_INTERFERON_GAMMA_RESPONSE,HALLMARK_INTERFERON_GAMMA_RESPONSE,163,-0.574467320513023,-2.72663352952016,1e-10,8e-10,5.43859649122807e-10,1203,"tags=42%, list=11%, signal=38%",PELI1/IFIH1/RAPGEF6/CMTR1/IRF4/MT2A/HERC6/HLA-B/CASP3/ST8SIA4/HLA-A/MTHFD2/IL18BP/TNFSF10/TRAFD1/HELZ2/NLRC5/RBCK1/OASL/TNFAIP3/IRF7/PLSCR1/GCH1/B2M/MX1/HLA-DQA1/STAT2/NAMPT/DDX60/ISG20/TAPBP/IFIT2/IL15/GPR18/PSMA3/CASP4/SAMD9L/LY6E/IFIT3/APOL6/TRIM25/MVP/PSMA2/ISG15/HLA-DRB1/CD74/IRF1/IFI35/RNF213/EPSTI1/UBE2L6/PSMB8/LAP3/PSMB2/PARP14/PSME1/FAS/TAP1/STAT3/XAF1/PSMB10/PSMB9/IRF9/GBP4/CD38/GZMA/PSME2/STAT1,57162/64135/51735/23070/3662/4502/55008/3106/836/7903/3105/10797/10068/8743/10906/85441/84166/10616/8638/7128/3665/5359/2643/567/4599/3117/6773/10135/55601/3669/6892/3433/3600/2841/5684/837/219285/4061/3437/80830/7706/9961/5683/9636/3123/972/3659/3430/57674/94240/9246/5696/51056/5690/54625/5720/355/6890/6774/54739/5699/5698/10379/115361/952/3001/5721/6772,Non-Vd2 gd T cells,HALLMARK,Monaco_fine
HALLMARK_MYC_TARGETS_V1,HALLMARK_MYC_TARGETS_V1,193,-0.511542426782237,-2.48949813373093,1e-10,8e-10,5.43859649122807e-10,2766,"tags=54%, list=26%, signal=41%",SRSF2/EIF4G2/HNRNPU/SMARCC1/ORC2/GSPT1/CDK2/ETF1/HNRNPC/RRP9/PRPS2/LSM2/SSBP1/TXNL4A/SNRPB2/ERH/SNRPD2/SNRPA/IFRD1/CCT2/LSM7/VDAC3/SNRPA1/ODC1/APEX1/CAD/COPS5/CCT5/RPLP0/GOT2/PRDX3/MCM5/CYC1/PGK1/HDDC2/HSPD1/SRSF1/HNRNPA2B1/TRA2B/SRSF3/SF3A1/EIF4H/PSMD8/PPIA/PSMC4/PWP1/DDX21/AIMP2/HNRNPR/SNRPD1/EXOSC7/RANBP1/VDAC1/SRM/HDGF/NME1/PSMD1/STARD7/MCM7/PSMD3/PSMA7/YWHAQ/POLD2/CBX3/SLC25A3/EIF4A1/DEK/RAN/PHB2/PPM1G/PSMD7/HNRNPA3/C1QBP/SRPK1/PSMD14/RRM1/NDUFAB1/MCM2/SET/SNRPG/ILF2/HPRT1/CTPS1/HNRNPD/PSMA1/CANX/CCNA2/PSMA2/UBE2L3/DUT/TFDP1/MAD2L1/KPNB1/PCNA/PSMB3/TYMS/COX5A/PSMA4/XRCC6/PSMB2/MCM6/KPNA2/MCM4/PSMA6/LDHA,6427/1982/3192/6599/4999/2935/1017/2107/3183/9136/5634/57819/6742/10907/6629/2079/6633/6626/3475/10576/51690/7419/6627/4953/328/790/10987/22948/6175/2806/10935/4174/1537/5230/51020/3329/6426/3181/6434/6428/10291/7458/5714/5478/5704/11137/9188/7965/10236/6632/23016/5902/7416/6723/3068/4830/5707/56910/4176/5709/5688/10971/5425/11335/5250/1973/7913/5901/11331/5496/5713/220988/708/6732/10213/6240/4706/4171/6418/6637/3608/3251/1503/3184/5682/821/890/5683/7332/1854/7027/4085/3837/5111/5691/7298/9377/5685/2547/5690/4175/3838/4173/5687/3939,Non-Vd2 gd T cells,HALLMARK,Monaco_fine
HALLMARK_OXIDATIVE_PHOSPHORYLATION,HALLMARK_OXIDATIVE_PHOSPHORYLATION,199,-0.497158089715576,-2.42614597569022,1e-10,8e-10,5.43859649122807e-10,2079,"tags=45%, list=20%, signal=37%",CYCS/SDHC/CPT1A/ATP6V0E1/VDAC3/OXA1L/COX11/COX6B1/ATP5PO/GOT2/PRDX3/MDH2/CYC1/NDUFS4/NDUFA8/NDUFC1/PDHB/SUPV3L1/COX17/ATP5PB/CYB5R3/MDH1/CS/UQCR10/NDUFS7/FXN/NDUFA7/GPI/NDUFV2/COX6A1/ATP5F1E/ATP5MF/VDAC1/HSPA9/NDUFB2/BAX/IDH3G/NDUFA2/UQCRC1/NDUFB8/ACAA2/ETFA/SLC25A3/ATP5PD/ATP6V1D/MRPL15/COX8A/TCIRG1/TIMM17A/UQCRFS1/NDUFB4/PHB2/NDUFS8/NDUFA1/FH/NDUFB6/COX7A2/ATP5F1B/TIMM13/COX7B/OGDH/NDUFB3/NDUFB1/ATP6AP1/MRPS15/NDUFAB1/NDUFS6/ATP5PF/COX6C/ATP5F1C/OPA1/OAT/NDUFA6/UQCRC2/SDHA/COX5B/HSD17B10/ATP5MG/GLUD1/NDUFA9/MRPL11/ACAT1/ATP5MC3/SLC25A12/PHYH/LDHB/COX5A/SLC25A5/LDHA/IDH2,54205/6391/1374/8992/7419/5018/1353/1340/539/2806/10935/4191/1537/4724/4702/4717/5162/6832/10063/515/1727/4190/1431/29796/374291/2395/4701/2821/4729/1337/514/9551/7416/3313/4708/581/3421/4695/7384/4714/10449/2108/5250/10476/51382/29088/1351/10312/10440/7386/4710/11331/4728/4694/2271/4712/1347/506/26517/1349/4967/4709/4707/537/64960/4706/4726/522/1345/509/4976/4942/4700/7385/6389/1329/3028/10632/2746/4704/65003/38/518/8604/5264/3945/9377/292/3939/3418,Non-Vd2 gd T cells,HALLMARK,Monaco_fine
HALLMARK_MTORC1_SIGNALING,HALLMARK_MTORC1_SIGNALING,179,-0.451192325550395,-2.16941882378278,1.07235680160111e-09,7.3533037824076e-09,4.99895651874201e-09,2164,"tags=40%, list=20%, signal=33%",LDLR/IFRD1/BTG2/CCNF/PRDX1/ACACA/CYB5B/COPS5/TM7SF2/INSIG1/EEF1E1/PGK1/HSPD1/GOT1/ADIPOR2/SLC2A3/ADD3/GLA/NFKBIB/ACLY/ARPC5L/PPIA/GPI/PSMC4/DDIT3/HSPA9/TBK1/MTHFD2/QDPR/TOMM40/SHMT2/PITPNB/ELOVL5/GSR/ATP6V1D/ATP2A2/G6PD/TPI1/TES/PSMD14/UBE2D3/AURKA/NAMPT/MCM2/USO1/TUBA4A/HMBS/HPRT1/PSMD13/ACTR2/DDX39A/PSMA3/CANX/ENO1/RRM2/XBP1/HSP90B1/GAPDH/ACTR3/CORO1A/SLC1A4/PPA1/PSAT1/CTSC/PSMA4/DHFR/SDF2L1/HSPA5/MCM4/CALR/LDHA/BUB1,3949/3475/7832/899/5052/31/80777/10987/7108/3638/9521/5230/3329/2805/79602/6515/120/2717/4793/47/81873/5478/2821/5704/1649/3313/29110/10797/5860/10452/6472/23760/60481/2936/51382/488/2539/7167/26136/10213/7323/6790/10135/4171/8615/7277/3145/3251/5719/10097/10212/5684/821/2023/6241/7494/7184/2597/10096/11151/6509/5464/29968/1075/5685/1719/23753/3309/4173/811/3939/699,Non-Vd2 gd T cells,HALLMARK,Monaco_fine
HALLMARK_ALLOGRAFT_REJECTION,HALLMARK_ALLOGRAFT_REJECTION,141,-0.463416721564974,-2.15326431028338,1.22896476151101e-08,7.37378856906608e-08,5.01288257984755e-08,1248,"tags=30%, list=12%, signal=27%",CCR5/APBB1/ST8SIA4/HLA-A/NME1/SRGN/CXCL13/IL10/IRF7/MAP4K1/FLNA/IL2RG/B2M/ZAP70/HLA-DQA1/FYB1/CSK/LCK/CD3G/TAPBP/CSF1/HLA-E/IL15/CDKN2A/HCLS1/GLMN/CTSS/CD74/CD3D/IL12RB1/BRCA1/HLA-DRA/BCL3/UBE2N/GBP2/FAS/TAP1/TAP2/PSMB10/GZMA/GZMB/STAT1,1234/322/7903/3105/4830/5552/10563/3586/3665/11184/2316/3561/567/7535/3117/2533/1445/3932/917/6892/1435/3133/3600/1029/3059/11146/1520/972/915/3594/672/3122/602/7334/2634/355/6890/6891/5699/3001/3002/6772,Non-Vd2 gd T cells,HALLMARK,Monaco_fine
HALLMARK_MITOTIC_SPINDLE,HALLMARK_MITOTIC_SPINDLE,165,-0.422718877765867,-2.00271723416169,1.85738698647689e-07,9.90606392787674e-07,6.73438556500393e-07,1563,"tags=31%, list=15%, signal=27%",RAPGEF6/CKAP5/CEP250/DOCK2/SPTBN1/RHOF/STAU1/CNTRL/PLEKHG2/RANBP9/MARK4/SUN2/KNTC1/ARHGDIA/ATG4B/CEP57/SMC3/RICTOR/EZR/FBXO5/NET1/CD2AP/FLNA/PIF1/ECT2/BIN1/AURKA/BRCA2/TUBA4A/CLIP1/KIF11/MAPRE1/KIF22/TOP2A/KIF15/RACGAP1/CDK1/CENPE/KIF20B/CAPZB/DLGAP5/KIF23/LMNB1/PRC1/TPX2/CENPF/SMC4/BCL2L11/BUB1/NDC80/NUSAP1,51735/9793/11190/1794/6711/54509/6780/11064/64857/10048/57787/25777/9735/396/23192/9702/9126/253260/7430/26271/10276/23607/2316/80119/1894/274/6790/675/7277/6249/3832/22919/3835/7153/56992/29127/983/1062/9585/832/9787/9493/4001/9055/22974/1063/10051/10018/699/10403/51203,Non-Vd2 gd T cells,HALLMARK,Monaco_fine
HALLMARK_PI3K_AKT_MTOR_SIGNALING,HALLMARK_PI3K_AKT_MTOR_SIGNALING,91,-0.455102536676094,-1.96968210247624,1.46774733699155e-05,7.04518721755943e-05,4.78949131018294e-05,1364,"tags=27%, list=13%, signal=24%",NFKBIB/GRB2/DDIT3/TBK1/ARF1/PIN1/ARHGDIA/RPS6KA1/ECSIT/IL2RG/UBE2D3/LCK/STAT2/CSNK2B/ACTR2/PRKAG1/HSP90B1/ACTR3/CFL1/UBE2N/ARPC3/CDK1/PFN1/PPP1CA/CALR,4793/2885/1649/29110/375/5300/396/6195/51295/3561/7323/3932/6773/1460/10097/5571/7184/10096/1072/7334/10094/983/5216/5499/811,Non-Vd2 gd T cells,HALLMARK,Monaco_fine
HALLMARK_DNA_REPAIR,HALLMARK_DNA_REPAIR,139,-0.374456719891716,-1.73227138876474,8.58169107630276e-05,0.000374473792420484,0.000254576481689364,2190,"tags=34%, list=21%, signal=27%",BCAP31/RFC2/POLR2I/RFC3/POLR2G/POLR2H/SAC3D1/USP11/NELFE/VPS37B/SDCBP/TAF12/REV3L/AGO4/APRT/POLD3/GUK1/COX17/SUPT4H1/ADRM1/ELOA/ELL/FEN1/TAF10/TP53/SRSF6/NME1/GTF2H5/POLA1/ITPA/POLR2A/RBX1/DDB1/LIG1/ZWINT/ALYREF/HPRT1/GTF2B/HCLS1/ARL6IP1/POLA2/ADA/DUT/MPG/PCNA/TYMS/RPA3,10134/5982/5438/5983/5436/5437/29901/8237/7936/79720/6386/6883/5980/192670/353/10714/2987/10063/6827/11047/6924/8178/2237/6881/7157/6431/4830/404672/5422/3704/5430/9978/1642/3978/11130/10189/3251/2959/3059/23204/23649/100/1854/4350/5111/7298/6119,Non-Vd2 gd T cells,HALLMARK,Monaco_fine
HALLMARK_ADIPOGENESIS,HALLMARK_ADIPOGENESIS,153,-0.32450615448937,-1.5308431881972,0.00302375103446179,0.0120950041378472,0.00822248088318558,2601,"tags=37%, list=25%, signal=28%",MCCC1/UQCR11/SUCLG1/NDUFB7/AGPAT3/SLC19A1/AIFM1/UQCRQ/SLC25A1/GHITM/SLC5A6/SDHC/DBT/ATP5PO/STAT5A/PRDX3/SCP2/MDH2/CYC1/COQ9/ADIPOR2/CS/UQCR10/BCL2L13/GPD2/ACLY/PPP1R15B/ESYT1/COX6A1/TALDO1/DHRS7B/MIGA2/CDKN2C/DDT/QDPR/IDH3G/HADH/UQCRC1/ACAA2/YWHAG/MRPL15/COX8A/RTN3/ATP1B3/STOM/COX7B/NDUFAB1/SQOR/CPT2/SAMM50/DNAJC15/SOD1/ELMOD3/UBC/TANK/PHYH/UCP2,56922/10975/8802/4713/56894/6573/9131/27089/6576/27069/8884/6391/1629/539/6776/10935/6342/4191/1537/57017/79602/1431/29796/23786/2820/47/84919/23344/1337/6888/25979/84895/1031/1652/5860/3421/3033/7384/10449/7532/29088/1351/10313/483/2040/1349/4706/58472/1376/25813/29103/6647/84173/7316/10010/5264/7351,Non-Vd2 gd T cells,HALLMARK,Monaco_fine
HALLMARK_GLYCOLYSIS,HALLMARK_GLYCOLYSIS,124,-0.329890820718375,-1.50392055662274,0.00425192761416631,0.0156994250369217,0.0106728547400126,1897,"tags=31%, list=18%, signal=25%",B3GAT1/B3GAT3/GOT2/MDH2/PGK1/GOT1/MIF/PKM/MDH1/PPIA/PSMC4/ALG1/TALDO1/HOMER1/NASP/PAXIP1/B4GALT1/POLR3K/RBCK1/CHST12/G6PD/TPI1/ME2/GMPPB/AURKA/ISG20/PGAM1/SOD1/ENO1/CLN6/ARPP19/CHPF2/TXN/HSPA5/CDK1/HMMR/STMN1/LDHA,27087/26229/2806/4191/5230/2805/4282/5315/4190/5478/5704/56052/6888/9456/4678/22976/2683/51728/10616/55501/2539/7167/4200/29925/6790/3669/5223/6647/2023/54982/10776/54480/7295/3309/983/3161/3925/3939,Non-Vd2 gd T cells,HALLMARK,Monaco_fine
HALLMARK_IL6_JAK_STAT3_SIGNALING,HALLMARK_IL6_JAK_STAT3_SIGNALING,54,-0.421693413705297,-1.64584851541299,0.00784983201111917,0.0269137097524086,0.0182966009281725,1110,"tags=22%, list=11%, signal=20%",TNFRSF1B/CXCL13/IL2RG/STAT2/CSF1/IRF1/IL12RB1/FAS/STAT3/IRF9/CD38/STAT1,7133/10563/3561/6773/1435/3659/3594/355/6774/10379/952/6772,Non-Vd2 gd T cells,HALLMARK,Monaco_fine
HALLMARK_COMPLEMENT,HALLMARK_COMPLEMENT,119,-0.318024854659977,-1.43828132133273,0.0158016018847831,0.0505651260313058,0.0343754146265456,1430,"tags=20%, list=14%, signal=18%",APOBEC3G/GPD2/GRB2/CASP3/CTSD/TNFAIP3/IRF7/CALM3/PLSCR1/DUSP5/ERAP2/LCK/PIK3CG/CASP4/CTSS/PPP4C/IRF1/CTSC/LAP3/HSPA5/PFN1/PSMB9/GZMA/GZMB,60489/2820/2885/836/1509/7128/3665/808/5359/1847/64167/3932/5294/837/1520/5531/3659/1075/51056/3309/5216/5698/3001/3002,Non-Vd2 gd T cells,HALLMARK,Monaco_fine
HALLMARK_APOPTOSIS,HALLMARK_APOPTOSIS,123,-0.304723151292595,-1.38613379170827,0.0236986187436359,0.0710958562309076,0.0483327092797837,1197,"tags=19%, list=11%, signal=17%",DDIT3/CASP3/TNFSF10/BAX/LEF1/GSR/CDC25B/MCL1/GCH1/SAT1/ISG20/CASP4/SOD1/ATF3/IRF1/BTG3/TOP2A/BRCA1/HMGB2/FAS/TAP1/CD38/BCL2L11,1649/836/8743/581/51176/2936/994/4170/2643/6303/3669/837/6647/467/3659/10950/7153/672/3148/355/6890/952/10018,Non-Vd2 gd T cells,HALLMARK,Monaco_fine
HALLMARK_ESTROGEN_RESPONSE_EARLY,HALLMARK_ESTROGEN_RESPONSE_EARLY,108,0.301184322819586,1.32115660046243,0.0476190476190476,0.134453781512605,0.0914049830458499,2336,"tags=29%, list=22%, signal=23%",MYBL1/DYNLT3/BHLHE40/NBL1/SLC39A6/NXT1/AQP3/SYNGR1/CHPT1/SLC26A2/PEX11A/ARL3/BCL2/DHRS3/SNX24/CLDN7/KRT8/UGCG/CANT1/HES1/IGF1R/MYC/UNC119/RETREG1/NRIP1/AKAP1/SLC37A1/AFF1/FCMR/RPS6KA2/ADCY9,4603/6990/8553/4681/25800/29107/360/9145/56994/1836/8800/403/596/9249/28966/1366/3856/7357/124583/3280/3480/4609/9094/54463/8204/8165/54020/4299/9214/6196/115,Non-Vd2 gd T cells,HALLMARK,Monaco_fine
HALLMARK_MYC_TARGETS_V2,HALLMARK_MYC_TARGETS_V2,53,-0.34598130663394,-1.35439260338927,0.0729613733905579,0.184323469618252,0.125307621889601,2072,"tags=28%, list=20%, signal=23%",NOC4L/RABEPK/NOP2/MCM5/HSPD1/SUPV3L1/IMP4/GRWD1/AIMP2/SRM/CBX3/PPAN/PLK4/WDR74/MCM4,79050/10244/4839/4174/3329/6832/92856/83743/7965/6723/11335/56342/10733/54663/4173,Non-Vd2 gd T cells,HALLMARK,Monaco_fine
HALLMARK_UNFOLDED_PROTEIN_RESPONSE,HALLMARK_UNFOLDED_PROTEIN_RESPONSE,98,-0.298786375254065,-1.31824329863866,0.0699588477366255,0.184323469618252,0.125307621889601,1831,"tags=27%, list=17%, signal=22%",DCP2/CXXC1/SPCS1/EXOSC9/EXOSC4/EIF4EBP1/SPCS3/HSPA9/MTHFD2/BANF1/LSM1/EXOSC1/DNAJA4/CKS1B/EIF4A1/HERPUD1/CNOT2/EIF4A3/XBP1/ATF3/HSP90B1/PDIA6/SLC1A4/PSAT1/HSPA5/CALR,167227/30827/28972/5393/54512/1978/60559/3313/10797/8815/27257/51013/55466/1163/1973/9709/4848/9775/7494/467/7184/10130/6509/29968/3309/811,Non-Vd2 gd T cells,HALLMARK,Monaco_fine
HALLMARK_IL2_STAT5_SIGNALING,HALLMARK_IL2_STAT5_SIGNALING,144,0.271494796128131,1.24019153645913,0.0925925925925926,0.222222222222222,0.151072124756335,2100,"tags=26%, list=20%, signal=21%",NT5E/CAPN3/MYO1E/DENND5A/IL2RA/BHLHE40/NRP1/AHR/P4HA1/SNX9/CDKN1C/FLT3LG/CD48/MAP3K8/PTGER2/IRF8/SMPDL3A/IGF2R/BCL2/SLC39A8/DHRS3/PHLDA1/PTCH1/TNFRSF18/SWAP70/CCND3/ARL4A/NDRG1/IGF1R/RHOB/SERPINB6/MYC/POU2F1/IFNGR1/SNX14/HIPK2/PLAGL1,4907/825/4643/23258/3559/8553/8829/196/5033/51429/1028/2323/962/1326/5732/3394/10924/3482/596/64116/9249/22822/5727/8784/23075/896/10124/10397/3480/388/5269/4609/5451/3459/57231/28996/5325,Non-Vd2 gd T cells,HALLMARK,Monaco_fine
HALLMARK_HEDGEHOG_SIGNALING,HALLMARK_HEDGEHOG_SIGNALING,14,0.511718457050056,1.38489793662281,0.108818011257036,0.227098458275553,0.154387109792591,1712,"tags=36%, list=16%, signal=30%",NRP1/LDB1/DPYSL2/PTCH1/RASA1,8829/8861/1808/5727/5921,Non-Vd2 gd T cells,HALLMARK,Monaco_fine
HALLMARK_UV_RESPONSE_DN,HALLMARK_UV_RESPONSE_DN,89,0.296452367242756,1.25002872723875,0.101960784313725,0.227098458275553,0.154387109792591,2734,"tags=34%, list=26%, signal=25%",NR1D2/BHLHE40/NRP1/SYNJ2/PHF3/ICA1/TGFBR3/SMAD7/NIPBL/PRKCA/PIAS3/ID1/CAV1/CITED2/ACVR2A/NR3C1/ARHGEF9/IGF1R/GCNT1/DBP/MYC/PDLIM5/MRPS31/MAP2K5/PRKAR2B/SCN8A/SMAD3/SIPA1L1/DUSP1/PTEN,9975/8553/8829/8871/23469/3382/7049/4092/25836/5578/10401/3397/857/10370/92/2908/23229/3480/2650/1628/4609/10611/10240/5607/5577/6334/4088/26037/1843/5728,Non-Vd2 gd T cells,HALLMARK,Monaco_fine
HALLMARK_UV_RESPONSE_UP,HALLMARK_UV_RESPONSE_UP,110,-0.276395528985625,-1.24143246329968,0.104166666666667,0.227098458275553,0.154387109792591,1987,"tags=27%, list=19%, signal=22%",STARD3/CYB5B/POLR2H/UROD/MARK2/MGAT1/BAK1/NUP58/GLS/PARP2/E2F5/PPIF/FEN1/DDX21/CASP3/PPAT/RAB27A/GCH1/PSMC3/ARRB2/TUBA4A/GGH/ATF3/AP2S1/CLTB/IRF1/BTG3/HLA-F/TAP1/BCL2L11,10948/80777/5437/7389/2011/4245/578/9818/2744/10038/1875/10105/2237/9188/836/5471/5873/2643/5702/409/7277/8836/467/1175/1212/3659/10950/3134/6890/10018,Non-Vd2 gd T cells,HALLMARK,Monaco_fine
HALLMARK_REACTIVE_OXYGEN_SPECIES_PATHWAY,HALLMARK_REACTIVE_OXYGEN_SPECIES_PATHWAY,45,-0.323742616712566,-1.22866784498449,0.165938864628821,0.331877729257642,0.225618631732169,1012,"tags=22%, list=10%, signal=20%",HMOX2/LSP1/PTPA/PDLIM1/GSR/NDUFB4/G6PD/NDUFA6/SOD1/TXN,3163/4046/5524/9124/2936/4710/2539/4700/6647/7295,Non-Vd2 gd T cells,HALLMARK,Monaco_fine
HALLMARK_HYPOXIA,HALLMARK_HYPOXIA,122,0.255732328203542,1.14901344460998,0.199626865671642,0.36026936026936,0.244919959832241,1759,"tags=22%, list=17%, signal=19%",TGFB3/ENO2/BHLHE40/MXI1/GBE1/P4HA1/ZNF292/CDKN1C/IER3/ERO1A/IRS2/FOXO3/B3GALT6/BCL2/BTG1/PRKCA/PNRC1/GLRX/KLF7/CAV1/TGFBI/SAP30/CITED2/NR3C1/NDRG1/JMJD6/HMOX1,7043/2026/8553/4601/2632/5033/23036/1028/8870/30001/8660/2309/126792/596/694/5578/10957/2745/8609/857/7045/8819/10370/2908/10397/23210/3162,Non-Vd2 gd T cells,HALLMARK,Monaco_fine
HALLMARK_HEME_METABOLISM,HALLMARK_HEME_METABOLISM,130,0.253588066102159,1.14088904686901,0.202651515151515,0.36026936026936,0.244919959832241,2604,"tags=29%, list=25%, signal=22%",BMP2K/MFHAS1/UBAC1/MXI1/RCL1/MKRN1/VEZF1/AQP3/EZH1/ATG4A/SMOX/FOXO3/ACSL6/KDM7A/TRAK2/DCUN1D1/CCND3/SYNJ1/SLC30A1/NR3C1/ADD1/HTRA2/HEBP1/TNRC6B/DMTN/NCOA4/SLC11A2/HAGH/FBXO9/MGST3/DCAF10/PICALM/ARL2BP/MOSPD1/CCDC28A/BLVRB/CDR2/FECH,55589/9258/10422/4601/10171/23608/7716/360/2145/115201/54498/2309/23305/80853/66008/54165/896/8867/7779/2908/118/27429/50865/23112/2039/8031/4891/3029/26268/4259/79269/8301/23568/56180/25901/645/1039/2235,Non-Vd2 gd T cells,HALLMARK,Monaco_fine
HALLMARK_ESTROGEN_RESPONSE_LATE,HALLMARK_ESTROGEN_RESPONSE_LATE,101,-0.257695495473798,-1.13961746226698,0.201646090534979,0.36026936026936,0.244919959832241,1490,"tags=20%, list=14%, signal=17%",PPIF/ADD3/SLC27A2/FABP5/GLA/BAG1/ELOVL5/RBBP8/PLK4/ISG20/COX6C/HPRT1/XBP1/CDC6/STIL/BTG3/TOP2A/SLC1A4/GINS2/IDH2,10105/120/11001/2171/2717/573/60481/5932/10733/3669/1345/3251/7494/990/6491/10950/7153/6509/51659/3418,Non-Vd2 gd T cells,HALLMARK,Monaco_fine
HALLMARK_BILE_ACID_METABOLISM,HALLMARK_BILE_ACID_METABOLISM,61,0.289807051755924,1.1504640437934,0.224105461393597,0.384180790960452,0.261175537714342,1433,"tags=25%, list=14%, signal=21%",NR3C2/ABCA5/HSD17B11/HSD17B4/SLC27A5/HACL1/PEX11A/SLC35B2/FADS1/ALDH1A1/GNPAT/ACSL1/EPHX2/PAOX/PECR,4306/23461/51170/3295/10998/26061/8800/347734/3992/216/8443/2180/2053/196743/55825,Non-Vd2 gd T cells,HALLMARK,Monaco_fine
HALLMARK_TNFA_SIGNALING_VIA_NFKB,HALLMARK_TNFA_SIGNALING_VIA_NFKB,147,-0.234950571152758,-1.10168097438255,0.243534482758621,0.403091557669441,0.274031541398085,2615,"tags=33%, list=25%, signal=25%",TRAF1/CD44/KLF2/SOCS3/TSC22D1/MAFF/CCL5/BIRC2/TNIP1/LDLR/NFKB2/NR4A3/BTG2/TNIP2/B4GALT5/STAT5A/RELA/CD83/CEBPD/TNFRSF9/IFIH1/FOSL2/SLC2A3/RCAN1/RELB/MSC/PANX1/IL23A/B4GALT1/DUSP4/TNFAIP3/DUSP5/REL/MCL1/GCH1/MXD1/SAT1/NAMPT/KLF6/IFIT2/CSF1/LITAF/ATF3/IRF1/TANK/BTG3/BCL3/TAP1,7185/960/10365/9021/8848/23764/6352/329/10318/3949/4791/8013/7832/79155/9334/6776/5970/9308/1052/3604/64135/2355/6515/1827/5971/9242/24145/51561/2683/1846/7128/1847/5966/4170/2643/4084/6303/10135/1316/3433/1435/9516/467/3659/10010/10950/602/6890,Non-Vd2 gd T cells,HALLMARK,Monaco_fine
HALLMARK_SPERMATOGENESIS,HALLMARK_SPERMATOGENESIS,56,-0.285871570593837,-1.12310244350996,0.269487750556793,0.431180400890869,0.293127026921424,1762,"tags=25%, list=17%, signal=21%",TOPBP1/CLPB/PARP2/PGS1/PHKG2/TALDO1/DBF4/AURKA/CHFR/CDKN3/NCAPH/CDK1/EZH2/BUB1,11073/81570/10038/9489/5261/6888/10926/6790/55743/1033/23397/983/2146/699,Non-Vd2 gd T cells,HALLMARK,Monaco_fine
HALLMARK_FATTY_ACID_METABOLISM,HALLMARK_FATTY_ACID_METABOLISM,118,-0.238548782357029,-1.07673386485461,0.294623655913979,0.456191467221644,0.310130164119977,2218,"tags=25%, list=21%, signal=20%",HSD17B7/SMS/ALAD/SDHC/CPT1A/ODC1/APEX1/UROD/MDH2/ADIPOR2/MIF/PDHB/MDH1/KMT5A/GPD2/TP53INP2/IDH3G/HADH/ACAA2/ELOVL5/FH/NCAPH2/CPT2/SDHA/HSD17B10/MLYCD/UBE2L6/PSME1/LDHA,51478/6611/210/6391/1374/4953/328/7389/4191/79602/4282/5162/4190/387893/2820/58476/3421/3033/10449/60481/2271/29781/1376/6389/3028/23417/9246/5720/3939,Non-Vd2 gd T cells,HALLMARK,Monaco_fine
HALLMARK_EPITHELIAL_MESENCHYMAL_TRANSITION,HALLMARK_EPITHELIAL_MESENCHYMAL_TRANSITION,60,0.275859221711267,1.09335368876467,0.314606741573034,0.471910112359551,0.320816085156712,2040,"tags=30%, list=19%, signal=24%",NT5E/ENO2/TPM1/TGFBR3/ITGA5/QSOX1/PLOD3/SERPINH1/TIMP1/ITGA2/DST/TGFBI/SGCD/RHOB/COL6A2/P3H1/COLGALT1/CALU,4907/2026/7168/7049/3678/5768/8985/871/7076/3673/667/7045/6444/388/1292/64175/79709/813,Non-Vd2 gd T cells,HALLMARK,Monaco_fine
HALLMARK_NOTCH_SIGNALING,HALLMARK_NOTCH_SIGNALING,20,0.361841390588386,1.06968605065841,0.36468330134357,0.504462635331397,0.342946089808625,2159,"tags=40%, list=20%, signal=32%",PPARD/PRKCA/TCF7L2/SAP30/HES1/CUL1/ARRB1/KAT2A,5467/5578/6934/8819/3280/8454/408/2648,Non-Vd2 gd T cells,HALLMARK,Monaco_fine
HALLMARK_COAGULATION,HALLMARK_COAGULATION,44,0.282326606704235,1.04416948090772,0.367837338262477,0.504462635331397,0.342946089808625,1414,"tags=20%, list=13%, signal=18%",CPQ/ISCU/P2RY1/CLU/HMGCS2/TIMP1/CD9/ITGA2/KLF7,10404/23479/5028/1191/3158/7076/928/3673/8609,Non-Vd2 gd T cells,HALLMARK,Monaco_fine
HALLMARK_PEROXISOME,HALLMARK_PEROXISOME,79,-0.246365671688859,-1.03550734253219,0.364978902953586,0.504462635331397,0.342946089808625,2481,"tags=39%, list=23%, signal=30%",ACOX1/PRDX5/YWHAH/PEX14/SLC23A2/SMARCC1/IDE/SLC25A17/FDPS/ATXN1/PEX11B/SLC25A19/STS/PRDX1/VPS4B/ESR2/ISOC1/SCP2/MSH2/SLC27A2/PEX6/ELOVL5/GSTK1/CTPS1/MLYCD/SOD1/CLN6/ITGB1BP1/MVP/TOP2A/IDH2,51/25824/7533/5195/9962/6599/3416/10478/2224/6310/8799/60386/412/5052/9525/2100/51015/6342/4436/11001/5190/60481/373156/1503/23417/6647/54982/9270/9961/7153/3418,Non-Vd2 gd T cells,HALLMARK,Monaco_fine
HALLMARK_XENOBIOTIC_METABOLISM,HALLMARK_XENOBIOTIC_METABOLISM,108,-0.227494875661205,-1.01590028127481,0.415094339622642,0.540064293368258,0.367148971368772,1543,"tags=19%, list=15%, signal=16%",GSS/SLC35B1/MT2A/MTHFD1/DDT/PMM1/SHMT2/ELOVL5/GSTO1/GSR/GCH1/ATP2A2/ACP2/LPIN2/HPRT1/AHCY/ARPP19/MCCC2/FAS/PSMB10,2937/10237/4502/4522/1652/5372/6472/60481/9446/2936/2643/488/53/9663/3251/191/10776/64087/355/5699,Non-Vd2 gd T cells,HALLMARK,Monaco_fine
HALLMARK_CHOLESTEROL_HOMEOSTASIS,HALLMARK_CHOLESTEROL_HOMEOSTASIS,59,-0.251762813740262,-0.9981516146608,0.416299559471366,0.540064293368258,0.367148971368772,3787,"tags=49%, list=36%, signal=32%",ACAT2/S100A11/IDI1/PDK3/ERRFI1/HMGCS1/FASN/NIBAN1/TMEM97/LSS/EBP/ALCAM/STX5/GUSB/ANXA5/FDPS/MVD/HSD17B7/LDLR/MVK/TM7SF2/FABP5/ATF5/PLSCR1/PMVK/TP53INP1/ATF3/ACTG1/FBXO6,39/6282/3422/5165/54206/3157/2194/116496/27346/4047/10682/214/6811/2990/308/2224/4597/51478/3949/4598/7108/2171/22809/5359/10654/94241/467/71/26270,Non-Vd2 gd T cells,HALLMARK,Monaco_fine
HALLMARK_WNT_BETA_CATENIN_SIGNALING,HALLMARK_WNT_BETA_CATENIN_SIGNALING,26,0.309257105551348,0.999434948900456,0.460674157303371,0.581904198698995,0.395592766659404,2159,"tags=35%, list=20%, signal=28%",TCF7/AXIN1/NKD1/PPARD/PTCH1/MYC/CSNK1E/CUL1/KAT2A,6932/8312/85407/5467/5727/4609/1454/8454/2648,Non-Vd2 gd T cells,HALLMARK,Monaco_fine
HALLMARK_INFLAMMATORY_RESPONSE,HALLMARK_INFLAMMATORY_RESPONSE,100,0.216654703195813,0.940059059563783,0.586073500967118,0.72132123195953,0.490371890147926,1925,"tags=23%, list=18%, signal=19%",IL7R/NLRP3/ACVR1B/GABBR1/IFNAR1/AHR/IRAK2/CD48/PTGER2/PDE4B/ITGA5/KIF1B/IL18RAP/CCR7/TIMP1/SLC31A2/SLC4A4/ACVR2A/PTPRE/SELENOS/MYC/LCP2/SLC11A2,3575/114548/91/2550/3454/196/3656/962/5732/5142/3678/23095/8807/1236/7076/1318/8671/92/5791/55829/4609/3937/4891,Non-Vd2 gd T cells,HALLMARK,Monaco_fine
HALLMARK_ANDROGEN_RESPONSE,HALLMARK_ANDROGEN_RESPONSE,81,-0.211931027409963,-0.892350284253889,0.675847457627119,0.797118847539016,0.541900970914682,2341,"tags=27%, list=22%, signal=21%",ABCC4/SELENOP/CENPN/SMS/INPP4B/MYL12A/LMAN1/INSIG1/ZMIZ1/MAF/ADRM1/SPCS3/B4GALT1/ELOVL5/GSR/B2M/TMEM50A/SAT1/GPD1L/DBI/SRF/XRCC6,10257/6414/55839/6611/8821/10627/3998/3638/57178/4094/11047/60559/2683/60481/2936/567/23585/6303/23171/1622/6722/2547,Non-Vd2 gd T cells,HALLMARK,Monaco_fine
HALLMARK_APICAL_JUNCTION,HALLMARK_APICAL_JUNCTION,96,-0.203705753211724,-0.887763208245623,0.697478991596639,0.797118847539016,0.541900970914682,1222,"tags=36%, list=12%, signal=33%",ICAM1/DLG1/PLCG1/YWHAH/ARHGEF6/PECAM1/TUBG1/PTPRC/CTNND1/TRAF1/GNAI2/PARD6G/MVD/EXOC4/CD99/MAP3K20/MYH9/INSIG1/INPPL1/MYL12B/RHOF/AKT2/RSU1/B4GALT1/HADH/IKBKG/FYB1/EVL/CNN2/ARPC2/CAP1/RAC2/ACTG1/PFN1/ACTB,3383/1739/5335/7533/9459/5175/7283/5788/1500/7185/2771/84552/4597/60412/4267/51776/4627/3638/3636/103910/54509/208/6251/2683/3033/8517/2533/51466/1265/10109/10487/5880/71/5216/60,Non-Vd2 gd T cells,HALLMARK,Monaco_fine
HALLMARK_TGF_BETA_SIGNALING,HALLMARK_TGF_BETA_SIGNALING,47,0.227523912229252,0.855032212400078,0.695412844036697,0.797118847539016,0.541900970914682,2455,"tags=32%, list=23%, signal=25%",SMURF2/CDKN1C/SMAD7/TGIF1/TGFBR1/ID3/FNTA/ID1/APC/CDH1/HIPK2/CDK9/SMURF1/XIAP/SMAD3,64750/1028/4092/7050/7046/3399/2339/3397/324/999/28996/1025/57154/331/4088,Non-Vd2 gd T cells,HALLMARK,Monaco_fine
HALLMARK_KRAS_SIGNALING_UP,HALLMARK_KRAS_SIGNALING_UP,91,0.197341483617813,0.838971317399395,0.821011673151751,0.895860895860896,0.609028240607188,1376,"tags=14%, list=13%, signal=13%",IL7R/NRP1/SATB1/SPRY2/IRF8/ZNF639/ERO1A/CDADC1/MAP7/HDAC9/MMD/ITGA2/GLRX,3575/8829/6304/10253/3394/51193/30001/81602/9053/9734/23531/3673/2745,Non-Vd2 gd T cells,HALLMARK,Monaco_fine
HALLMARK_APICAL_SURFACE,HALLMARK_APICAL_SURFACE,22,-0.2356256575543,-0.747271602117002,0.821205821205821,0.895860895860896,0.609028240607188,2158,"tags=32%, list=20%, signal=25%",GSTM3/CROCC/NCOA6/ADIPOR2/B4GALT1/IL2RG/BRCA1,2947/9696/23054/79602/2683/3561/672,Non-Vd2 gd T cells,HALLMARK,Monaco_fine
HALLMARK_PROTEIN_SECRETION,HALLMARK_PROTEIN_SECRETION,88,0.192304708955839,0.812732433933513,0.857699805068226,0.914879792072774,0.621957753382807,1420,"tags=17%, list=13%, signal=15%",BET1/CLN5/ICA1/STX7/SCAMP1/KIF1B/VAMP3/YKT6/IGF2R/SNAP23/ARCN1/STX16/COG2/ADAM10/DST,10282/1203/3382/8417/9522/23095/9341/10652/3482/8773/372/8675/22796/102/667,Non-Vd2 gd T cells,HALLMARK,Monaco_fine
HALLMARK_P53_PATHWAY,HALLMARK_P53_PATHWAY,150,-0.17060599573208,-0.804066462245354,0.909677419354839,0.929032258064516,0.631578947368421,1200,"tags=13%, list=11%, signal=12%",TP53/DDIT3/PMM1/BAX/TRAFD1/CTSD/NOTCH1/STOM/MXD1/HEXIM1/TRAF4/SAT1/CDKN2A/ATF3/IRAK1/ADA/LDHB/PCNA/FAS/TAP1,7157/1649/5372/581/10906/1509/4851/2040/4084/10614/9618/6303/1029/467/3654/100/3945/5111/355/6890,Non-Vd2 gd T cells,HALLMARK,Monaco_fine
HALLMARK_MYOGENESIS,HALLMARK_MYOGENESIS,71,0.187759596596908,0.766877932125305,0.898686679174484,0.929032258064516,0.631578947368421,2895,"tags=31%, list=27%, signal=23%",BHLHE40/CNN3/RIT1/NCAM1/PTP4A3/CLU/KLF5/AGL/ACSL1/SGCD/COL6A2/EIF4A2/ITGB1/MYOM1/GNAO1/ADCY9/MAPRE3/PICK1/OCEL1/CHRNB1/IGF1/CDKN1A,8553/1266/6016/4684/11156/1191/688/178/2180/6444/1292/1974/3688/8736/2775/115/22924/9463/79629/1140/3479/1026,Non-Vd2 gd T cells,HALLMARK,Monaco_fine
HALLMARK_KRAS_SIGNALING_DN,HALLMARK_KRAS_SIGNALING_DN,51,0.131527734432984,0.500278413731927,1,1,0.679824561403509,3943,"tags=39%, list=37%, signal=25%",PRKN/PDE6B/ZBTB16/MTHFR/SLC29A3/FGGY/SIDT1/VPS50/GAMT/CPEB3/DTNB/SGK1/TG/ASB7/SPHK2/CLSTN3/PDK2/RSAD2/COQ8A/MAST3,5071/5158/7704/4524/55315/55277/54847/55610/2593/22849/1838/6446/7038/140460/56848/9746/5164/91543/56997/23031,Non-Vd2 gd T cells,HALLMARK,Monaco_fine
HALLMARK_INTERFERON_GAMMA_RESPONSE,HALLMARK_INTERFERON_GAMMA_RESPONSE,144,-0.485515782524385,-2.22440092604206,9.59622756563522e-10,4.60618923150491e-08,4.34355563497173e-08,1496,"tags=36%, list=15%, signal=31%",GBP4/LGALS3BP/TXNIP/MVP/PARP14/RNF31/SOD2/MX1/SPPL2A/OAS2/HLA-DMA/ADAR/JAK2/TRIM21/XAF1/PNPT1/ICAM1/ITGB7/KLRK1/EPSTI1/IRF2/NMI/TNFAIP3/SP110/IFI30/IRF9/TNFAIP2/IL15RA/SAMHD1/TAPBP/ZBP1/SOCS3/RTP4/RNF213/PSME2/PIM1/IRF7/STAT3/HLA-DQA1/NLRC5/PSMB9/UBE2L6/IL15/PSMB10/LAP3/EIF2AK2/PSMB8/TAP1/SAMD9L/APOL6/IFI35/STAT1,115361/3959/10628/9961/54625/55072/6648/4599/84888/4939/3108/103/3717/6737/54739/87178/3383/3695/22914/94240/3660/9111/7128/3431/10437/10379/7127/3601/25939/6892/81030/9021/64108/57674/5721/5292/3665/6774/3117/84166/5698/9246/3600/5699/51056/5610/5696/6890/219285/80830/3430/6772,Plasmablasts,HALLMARK,Monaco_fine
HALLMARK_INTERFERON_ALPHA_RESPONSE,HALLMARK_INTERFERON_ALPHA_RESPONSE,70,-0.583811736833195,-2.4150076969368,1.01603974397946e-08,2.4384953855507e-07,2.29945836795351e-07,1496,"tags=43%, list=15%, signal=37%",GBP4/LGALS3BP/TXNIP/PARP14/RNF31/MX1/ADAR/GBP2/TRIM21/PNPT1/EPSTI1/IRF2/CNP/NMI/SP110/IFI30/IRF9/RTP4/PSME2/IRF7/PSMB9/UBE2L6/PARP9/IL15/LAP3/EIF2AK2/PSMB8/TAP1/SAMD9L/IFI35,115361/3959/10628/54625/55072/4599/103/2634/6737/87178/94240/3660/1267/9111/3431/10437/10379/64108/5721/3665/5698/9246/83666/3600/51056/5610/5696/6890/219285/3430,Plasmablasts,HALLMARK,Monaco_fine
HALLMARK_IL6_JAK_STAT3_SIGNALING,HALLMARK_IL6_JAK_STAT3_SIGNALING,40,-0.467721992310691,-1.73233021222042,0.00297605448235919,0.0285701230306482,0.0269411247876727,1091,"tags=28%, list=11%, signal=25%",MAP3K8/BAK1/PTPN11/IRF9/IL15RA/SOCS3/PIM1/STAT3/IL12RB1/PIK3R5/STAT1,1326/578/5781/10379/3601/9021/5292/6774/3594/23533/6772,Plasmablasts,HALLMARK,Monaco_fine
HALLMARK_ALLOGRAFT_REJECTION,HALLMARK_ALLOGRAFT_REJECTION,122,-0.349394525911262,-1.57668497302913,0.0029185003264386,0.0285701230306482,0.0269411247876727,359,"tags=19%, list=4%, signal=18%",HLA-DMA/SPI1/GBP2/JAK2/ICAM1/CD7/CD247/NME1/TAPBP/MRPL3/IRF7/HLA-DQA1/IL12RB1/EIF4G3/CXCR3/CD3G/CCND2/CD8A/IL15/PSMB10/TAP2/TAP1/STAT1,3108/6688/2634/3717/3383/924/919/4830/6892/11222/3665/3117/3594/8672/2833/917/894/925/3600/5699/6891/6890/6772,Plasmablasts,HALLMARK,Monaco_fine
HALLMARK_OXIDATIVE_PHOSPHORYLATION,HALLMARK_OXIDATIVE_PHOSPHORYLATION,197,-0.313560105330827,-1.51771478376728,0.00208710898306831,0.0285701230306482,0.0269411247876727,3029,"tags=41%, list=31%, signal=29%",COX7B/MRPL11/IMMT/ACAA2/SLC25A11/POLR2F/RHOT1/NDUFS7/COX7A2/CYCS/ATP5PF/PHYH/PDHA1/ATP1B1/ATP5PD/NDUFC1/IDH3G/ACAT1/LDHA/ACADM/NDUFS4/MDH2/MRPS11/ATP5F1E/ECH1/PDK4/ATP5MF/ATP5PO/ATP5F1B/SUPV3L1/ECI1/NDUFS6/SUCLG1/SDHC/ACAA1/UQCRC2/MRPL34/NDUFB8/GPI/NDUFB7/GLUD1/TOMM70/DECR1/SDHA/NDUFV2/MRPS30/ATP6V1F/GOT2/LDHB/ABCB7/SLC25A12/NDUFB2/PRDX3/ATP5MC1/MRPL35/SDHB/HSD17B10/MRPS15/NDUFA9/NDUFA3/NDUFB1/NDUFA5/ATP6V1E1/OGDH/MRPL15/AIFM1/ECHS1/DLAT/HADHB/NDUFS3/TCIRG1/MTRF1/TIMM8B/CS/NDUFS1/MTRR/IDH2/SUCLA2/PDHB/IDH3A,1349/65003/10989/10449/8402/5435/55288/374291/1347/54205/522/5264/5160/481/10476/4717/3421/38/3939/34/4724/4191/64963/514/1891/5166/9551/539/506/6832/1632/4726/8802/6391/30/7385/64981/4714/2821/4713/2746/9868/1666/6389/4729/10884/9296/2806/3945/22/8604/4708/10935/516/51318/6390/3028/64960/4704/4696/4707/4698/529/4967/29088/9131/1892/1737/3032/4722/10312/9617/26521/1431/4719/4552/3418/8803/5162/3419,Plasmablasts,HALLMARK,Monaco_fine
HALLMARK_FATTY_ACID_METABOLISM,HALLMARK_FATTY_ACID_METABOLISM,122,-0.291659450347057,-1.31614847543699,0.0569633833304688,0.390606057123215,0.368334659129347,2865,"tags=40%, list=30%, signal=29%",UROD/PDHA1/NTHL1/ACSL4/IDH3G/LDHA/ACADM/CPT2/NBN/MDH2/ECH1/ACSS1/ECI1/SUCLG1/IDI1/SDHC/CRAT/ACAA1/AUH/RDH11/OSTC/DECR1/ACAT2/SDHA/ALDH3A2/GCDH/NCAPH2/ELOVL5/UGDH/PTS/EHHADH/ACOX1/ACOT8/MCEE/BCKDHB/HSD17B10/ADSL/MGLL/BLVRA/HMGCS2/ECHS1/HADHB/UROS/ECI2/SUCLA2/ADIPOR2/PDHB/RAP1GDS1/UBE2L6,7389/5160/4913/2182/3421/3939/34/1376/4683/4191/1891/84532/1632/8802/3422/6391/1384/30/549/51109/58505/1666/39/6389/224/2639/29781/60481/7358/5805/1962/51/10005/84693/594/3028/158/11343/644/3158/1892/3032/7390/10455/8803/79602/5162/5910/9246,Plasmablasts,HALLMARK,Monaco_fine
HALLMARK_TNFA_SIGNALING_VIA_NFKB,HALLMARK_TNFA_SIGNALING_VIA_NFKB,129,0.291792541165424,1.31185035545765,0.050880626223092,0.390606057123215,0.368334659129347,1254,"tags=19%, list=13%, signal=17%",MYC/BTG2/IL23A/DNAJB4/NFIL3/CD44/PER1/NR4A3/EGR3/PHLDA1/PLEK/TNIP2/CD83/PDLIM5/KLF9/NAMPT/MAP2K3/IER2/LITAF/NR4A2/RIPK2/JUN/CCL4/TIPARP/RELA,4609/7832/51561/11080/4783/960/5187/8013/1960/22822/5341/79155/9308/10611/687/10135/5606/9592/9516/4929/8767/3725/6351/25976/5970,Plasmablasts,HALLMARK,Monaco_fine
HALLMARK_MYC_TARGETS_V2,HALLMARK_MYC_TARGETS_V2,47,-0.360368369426422,-1.37290139159957,0.065843621399177,0.395061728395062,0.372536278969028,3110,"tags=55%, list=32%, signal=38%",WDR43/NDUFAF4/NOC4L/MYBBP1A/TMEM97/DDX18/DCTPP1/IMP4/NOLC1/MRTO4/NPM1/CDK4/SUPV3L1/GRWD1/WDR74/PUS1/PRMT3/MPHOSPH10/UTP20/PES1/SRM/TCOF1/NOP16/AIMP2/FARSA/RABEPK,23160/29078/79050/10514/27346/8886/79077/92856/9221/51154/4869/1019/6832/83743/54663/80324/10196/10199/27340/23481/6723/6949/51491/7965/2193/10244,Plasmablasts,HALLMARK,Monaco_fine
HALLMARK_ANDROGEN_RESPONSE,HALLMARK_ANDROGEN_RESPONSE,76,0.296993953318702,1.22665866686286,0.140039447731755,0.555288461538462,0.523627277327935,2622,"tags=37%, list=27%, signal=27%",UBE2J1/TPD52/APPBP2/HPGD/PDLIM5/MAP7/STK39/UBE2I/ELK4/GSR/CDC14B/MAK/CCND3/MYL12A/HOMER2/ARID5B/GPD1L/GNAI3/TNFAIP8/ELL2/ANKH/KRT8/ACSL3/LMAN1/B2M/PIAS1/NDRG1/SRF,51465/7163/10513/3248/10611/9053/27347/7329/2005/2936/8555/4117/896/10627/9455/84159/23171/2773/25816/22936/56172/3856/2181/3998/567/8554/10397/6722,Plasmablasts,HALLMARK,Monaco_fine
HALLMARK_UV_RESPONSE_DN,HALLMARK_UV_RESPONSE_DN,85,0.289128127246641,1.22065631622651,0.12810707456979,0.555288461538462,0.523627277327935,2610,"tags=36%, list=27%, signal=27%",IGF1R/ATXN1/MYC/PRDM2/FYN/IRS1/MIOS/PDLIM5/APBB2/CELF2/SLC7A1/ATP2C1/SMAD7/DYRK1A/BMPR1A/MAP2K5/MTA1/ATRX/AKT3/SIPA1L1/PRKCA/NEK7/SPOP/ADD3/WDR37/MT1E/LAMC1/MAPK14/CDC42BPA/ID1/SRI,3480/6310/4609/7799/2534/3667/54468/10611/323/10659/6541/27032/4092/1859/657/5607/9112/546/10000/26037/5578/140609/8405/120/22884/4493/3915/1432/8476/3397/6717,Plasmablasts,HALLMARK,Monaco_fine
HALLMARK_ESTROGEN_RESPONSE_EARLY,HALLMARK_ESTROGEN_RESPONSE_EARLY,97,0.277842811713862,1.19499632156002,0.150390625,0.555288461538462,0.523627277327935,1450,"tags=20%, list=15%, signal=17%",FCMR/IGF1R/MYC/SH3BP5/CD44/MAST4/TBC1D30/EGR3/PMAIP1/NXT1/LRIG1/PAPSS2/AMFR/GAB2/TOB1/ELF1/TIPARP/TMEM164/OPN3,9214/3480/4609/9467/960/375449/23329/1960/5366/29107/26018/9060/267/9846/10140/1997/25976/84187/23596,Plasmablasts,HALLMARK,Monaco_fine
HALLMARK_ESTROGEN_RESPONSE_LATE,HALLMARK_ESTROGEN_RESPONSE_LATE,96,0.278365435953018,1.19452566756529,0.145669291338583,0.555288461538462,0.523627277327935,1451,"tags=22%, list=15%, signal=19%",PERP/LLGL2/CD44/MDK/EGR3/PTPN6/NXT1/DCXR/MEST/GALE/PAPSS2/MOCS2/RABEP1/DNAJC1/AMFR/TOB1/ASS1/CKB/HPRT1/OPN3/HOMER2,64065/3993/960/4192/1960/5777/29107/51181/4232/2582/9060/4338/9135/64215/267/10140/445/1152/3251/23596/9455,Plasmablasts,HALLMARK,Monaco_fine
HALLMARK_ADIPOGENESIS,HALLMARK_ADIPOGENESIS,150,-0.255853711872737,-1.18611251593021,0.119433198380567,0.555288461538462,0.523627277327935,2666,"tags=33%, list=27%, signal=25%",IDH3G/ACADM/GADD45A/GPAT4/ESRRA/CPT2/MDH2/DNAJC15/ECH1/SULT1A1/ATP5PO/SUCLG1/SDHC/TANK/ABCB8/SQOR/CRAT/VEGFB/NDUFB7/PPP1R15B/ACLY/DECR1/RREB1/ATP1B3/PRDX3/SDHB/ACOX1/SLC25A1/PEX14/PEMT/MGLL/NDUFA5/MRPL15/AIFM1/SCARB1/ECHS1/DLAT/ELMOD3/NDUFS3/PFKFB3/GHITM/NMT1/MTCH2/CS/DGAT1/PFKL/ADIPOR2/UCP2/IDH3A/CHUK,3421/34/1647/137964/2101/1376/4191/29103/1891/6817/539/8802/6391/10010/11194/58472/1384/7423/4713/84919/47/1666/6239/483/10935/6390/51/6576/5195/10400/11343/4698/29088/9131/949/1892/1737/84173/4722/5209/27069/4836/23788/1431/8694/5211/79602/7351/3419/1147,Plasmablasts,HALLMARK,Monaco_fine
HALLMARK_WNT_BETA_CATENIN_SIGNALING,HALLMARK_WNT_BETA_CATENIN_SIGNALING,25,0.356320042565337,1.18430043944863,0.241379310344828,0.558730158730159,0.526872737399053,734,"tags=20%, list=8%, signal=19%",MYC/SKP2/HEY2/TCF7/CUL1,4609/6502/23493/6932/8454,Plasmablasts,HALLMARK,Monaco_fine
HALLMARK_PI3K_AKT_MTOR_SIGNALING,HALLMARK_PI3K_AKT_MTOR_SIGNALING,81,0.276579997485767,1.16145826520488,0.193857965451056,0.558730158730159,0.526872737399053,1295,"tags=20%, list=13%, signal=17%",MAPK1/VAV3/RALB/TRIB3/DDIT3/THEM4/ECSIT/PAK4/HSP90B1/GSK3B/MAP2K3/RIPK1/MAP3K7/TRAF2/NCK1/SMAD2,5594/10451/5899/57761/1649/117145/51295/10298/7184/2932/5606/8737/6885/7186/4690/4087,Plasmablasts,HALLMARK,Monaco_fine
HALLMARK_UV_RESPONSE_UP,HALLMARK_UV_RESPONSE_UP,111,-0.256999962841437,-1.15086835187126,0.191532258064516,0.558730158730159,0.526872737399053,572,"tags=11%, list=6%, signal=10%",ICAM1/FURIN/CNP/BCL2L11/CLTB/FEN1/SIGMAR1/CREG1/DGAT1/TUBA4A/TAP1/HLA-F,3383/5045/1267/10018/1212/2237/10280/8804/8694/7277/6890/3134,Plasmablasts,HALLMARK,Monaco_fine
HALLMARK_INFLAMMATORY_RESPONSE,HALLMARK_INFLAMMATORY_RESPONSE,82,-0.267399463384225,-1.12744521244175,0.240740740740741,0.558730158730159,0.526872737399053,628,"tags=15%, list=6%, signal=14%",SEMA4D/ICAM1/NMI/GPR183/IL15RA/TAPBP/RTP4/IRF7/ADRM1/IL15/PIK3R5/EIF2AK2,10507/3383/9111/1880/3601/6892/64108/3665/11047/3600/23533/5610,Plasmablasts,HALLMARK,Monaco_fine
HALLMARK_COMPLEMENT,HALLMARK_COMPLEMENT,112,-0.248081432359411,-1.11165527311581,0.243951612903226,0.558730158730159,0.526872737399053,1932,"tags=25%, list=20%, signal=20%",HNF4A/CR2/CD59/GZMA/PPP2CB/CSRP1/CTSD/MAFF/RABIF/CTSB/RBSN/APOBEC3G/XPNPEP1/CASP9/CALM3/JAK2/USP14/IRF2/TNFAIP3/ERAP2/LIPA/CTSO/APOBEC3F/PIM1/IRF7/PSMB9/PIK3R5/LAP3,3172/1380/966/3001/5516/1465/1509/23764/5877/1508/64145/60489/7511/842/808/3717/9097/3660/7128/64167/3988/1519/200316/5292/3665/5698/23533/51056,Plasmablasts,HALLMARK,Monaco_fine
HALLMARK_IL2_STAT5_SIGNALING,HALLMARK_IL2_STAT5_SIGNALING,117,0.249383642301866,1.11120424283627,0.230174081237911,0.558730158730159,0.526872737399053,1448,"tags=19%, list=15%, signal=16%",CYFIP1/IGF1R/RABGAP1L/MYC/NFIL3/CD44/TNFSF10/PHLDA1/AHCY/CD83/UCK2/LRIG1/GSTO1/IGF2R/CDKN1C/PNP/ARL4A/CDC42SE2/CCND3/IFNGR1/RGS16/PTRH2,23191/3480/9910/4609/4783/960/8743/22822/191/9308/7371/26018/9446/3482/1028/4860/10124/56990/896/3459/6004/51651,Plasmablasts,HALLMARK,Monaco_fine
HALLMARK_MTORC1_SIGNALING,HALLMARK_MTORC1_SIGNALING,165,-0.234401318855873,-1.10444898639093,0.235416666666667,0.558730158730159,0.526872737399053,2287,"tags=30%, list=24%, signal=24%",UBE2D3/GLRX/CDKN1A/CALR/ACTR3/SSR1/LDLR/PSMG1/IDI1/SKAP2/PIK3R3/TBK1/GPI/ITGB2/RAB1A/RDH11/MTHFD2L/ACLY/GCLC/CCT6A/TOMM40/ELOVL5/ATP5MC1/PSME3/PSMC4/YKT6/PGK1/TM7SF2/PSMC2/PSMD13/DDX39A/SQLE/CACYBP/GGA2/SLC2A3/CXCR4/HMBS/ACACA/ERO1A/NMT1/IFI30/CORO1A/SLC7A5/PFKL/ADIPOR2/EBP/TUBA4A/HMGCR/PSMD14/SC5D,7323/2745/1026/811/10096/6745/3949/8624/3422/8935/8503/29110/2821/3689/5861/51109/441024/47/2729/908/10452/60481/516/10197/5704/10652/5230/7108/5701/5719/10212/6713/27101/23062/6515/7852/3145/31/30001/4836/10437/11151/8140/5211/79602/10682/7277/3156/10213/6309,Plasmablasts,HALLMARK,Monaco_fine
HALLMARK_DNA_REPAIR,HALLMARK_DNA_REPAIR,130,-0.240089860865778,-1.09630823759077,0.244444444444444,0.558730158730159,0.526872737399053,1705,"tags=22%, list=18%, signal=19%",POLR2J/UPF3B/NELFE/PCNA/DCTN4/ELL/DDB1/TAF9/SMAD5/POLE4/PRIM1/POLR2A/TSG101/TAF12/POLR1C/AK3/NELFB/LIG1/MRPL40/POM121/USP11/SNAPC5/FEN1/NME1/RFC2/POLB/ADRM1/ERCC2/TARBP2,5439/65109/7936/5111/51164/8178/1642/6880/4090/56655/5557/5430/7251/6883/9533/50808/25920/3978/64976/9883/8237/10302/2237/4830/5982/5423/11047/2068/6895,Plasmablasts,HALLMARK,Monaco_fine
HALLMARK_HEDGEHOG_SIGNALING,HALLMARK_HEDGEHOG_SIGNALING,12,0.428012115665853,1.16589448384684,0.267857142857143,0.584415584415584,0.551093643198906,552,"tags=17%, list=6%, signal=16%",HEY2/RASA1,23493/5921,Plasmablasts,HALLMARK,Monaco_fine
HALLMARK_EPITHELIAL_MESENCHYMAL_TRANSITION,HALLMARK_EPITHELIAL_MESENCHYMAL_TRANSITION,56,0.275639941665858,1.07649187015963,0.324543610547667,0.677308404621219,0.638689942954219,1044,"tags=16%, list=11%, signal=14%",FERMT2/CD44/PFN2/MEST/CADM1/FLNA/SNTB1/JUN/DST,10979/960/5217/4232/23705/2316/6641/3725/667,Plasmablasts,HALLMARK,Monaco_fine
HALLMARK_KRAS_SIGNALING_DN,HALLMARK_KRAS_SIGNALING_DN,43,-0.273148280628751,-1.0304903682926,0.410821643286573,0.78877755511022,0.743803396266217,1378,"tags=28%, list=14%, signal=24%",MAST3/SKIL/SIDT1/FGGY/MX1/CDKAL1/SPHK2/DTNB/PDK2/MSH5/DCC/CPEB3,23031/6498/54847/55277/4599/54901/56848/1838/5164/4439/1630/22849,Plasmablasts,HALLMARK,Monaco_fine
HALLMARK_P53_PATHWAY,HALLMARK_P53_PATHWAY,145,0.219695740715279,1.01146134810282,0.409177820267686,0.78877755511022,0.743803396266217,2216,"tags=26%, list=23%, signal=21%",PERP/CTSF/BTG2/SP1/TRIB3/FBXW7/CD82/DDIT3/DCXR/PRMT2/FAM162A/CDKN2AIP/ZFP36L1/CCNG1/JUN/DGKA/TOB1/CCND3/F2R/PMM1/RPL18/RGS16/UPP1/PPP1R15A/FUCA1/CASP1/ABHD4/RRP8/CCNK/PLK3/TP53/FOXO3/XPC/MKNK2/ISCU/NOL8/RNF19B/TRIAP1,64065/8722/7832/6667/57761/55294/3732/1649/51181/3275/26355/55602/677/900/3725/1606/10140/896/2149/5372/6141/6004/7378/23645/2517/834/63874/23378/8812/1263/7157/2309/7508/2872/23479/55035/127544/51499,Plasmablasts,HALLMARK,Monaco_fine
HALLMARK_NOTCH_SIGNALING,HALLMARK_NOTCH_SIGNALING,16,0.34170853081525,1.00499145970902,0.45271629778672,0.830104653751948,0.782774125248548,818,"tags=25%, list=8%, signal=23%",MAML2/CUL1/DTX2/APH1A,84441/8454/113878/51107,Plasmablasts,HALLMARK,Monaco_fine
HALLMARK_HEME_METABOLISM,HALLMARK_HEME_METABOLISM,132,0.219941811407518,0.989974637736868,0.466933867735471,0.830104653751948,0.782774125248548,1260,"tags=18%, list=13%, signal=16%",BTG2/MXI1/NFE2L1/TENT5C/ALDH6A1/CCDC28A/HTATIP2/TNRC6B/RBM38/BPGM/RBM5/PPOX/GMPS/MKRN1/SDCBP/SLC30A1/MAP2K3/SLC25A38/NNT/XPO7/CLIC2/TFDP2/CCND3/SLC6A9,7832/4601/4779/54855/4329/25901/10553/23112/55544/669/10181/5498/8833/23608/6386/7779/5606/54977/23530/23039/1193/7029/896/6536,Plasmablasts,HALLMARK,Monaco_fine
HALLMARK_APOPTOSIS,HALLMARK_APOPTOSIS,110,0.221101972746462,0.971054560707956,0.518446601941748,0.883983572895277,0.833581000756512,1447,"tags=21%, list=15%, signal=18%",BTG2/CTH/CD44/TNFSF10/DDIT3/EGR3/PMAIP1/BIK/HMGB2/CASP6/DPYD/PEA15/IGF2R/GSR/JUN/TSPO/CASP2/SMAD7/RELA/F2R/IFNGR1/CD38/SOD1,7832/1491/960/8743/1649/1960/5366/638/3148/839/1806/8682/3482/2936/3725/706/835/4092/5970/2149/3459/952/6647,Plasmablasts,HALLMARK,Monaco_fine
HALLMARK_E2F_TARGETS,HALLMARK_E2F_TARGETS,139,-0.207560854123561,-0.955724280088156,0.545271629778672,0.883983572895277,0.833581000756512,2763,"tags=36%, list=28%, signal=26%",BRMS1L/NUP153/NUDT21/NOLC1/PAICS/HMMR/ANP32E/NBN/XRCC6/RAD1/CENPM/CDK4/RBBP7/EED/HELLS/PRKDC/CDKN1A/SYNCRIP/BARD1/SNRPB/HMGB3/CHEK2/DUT/CCP110/DNMT1/PCNA/CTCF/PHF5A/MXD3/PAN2/POLE4/CDC25B/EIF2S1/LYAR/IPO7/TUBB/EXOSC8/DDX39A/CBX5/MMS22L/ZW10/RANBP1/BRCA2/JPT1/LIG1/ORC2/PPP1R8/NME1/RFC2/TCF19,84312/9972/11051/9221/10606/3161/81611/4683/2547/5810/79019/1019/5931/8726/3070/5591/1026/10492/580/6628/3149/11200/1854/9738/1786/5111/10664/84844/83463/9924/56655/994/1965/55646/10527/203068/11340/10212/23468/253714/9183/5902/675/51155/3978/4999/5511/4830/5982/6941,Plasmablasts,HALLMARK,Monaco_fine
HALLMARK_XENOBIOTIC_METABOLISM,HALLMARK_XENOBIOTIC_METABOLISM,110,-0.211418758127989,-0.941877570523475,0.589322381930185,0.883983572895277,0.833581000756512,1673,"tags=21%, list=17%, signal=18%",PGRMC1/GCLC/GART/ELOVL5/SLC35B1/UGDH/DHRS1/PTS/COMT/SMOX/MCCC2/ACP2/ACOX1/NINJ1/PEMT/TPST1/TMEM176B/LPIN2/NMT1/PGD/GSS/PYCR1/PSMB10,10857/2729/2618/60481/10237/7358/115817/5805/1312/54498/64087/53/51/4814/10400/8460/28959/9663/4836/5226/2937/5831/5699,Plasmablasts,HALLMARK,Monaco_fine
HALLMARK_SPERMATOGENESIS,HALLMARK_SPERMATOGENESIS,51,-0.239653685506734,-0.932952783792898,0.584158415841584,0.883983572895277,0.833581000756512,1799,"tags=27%, list=19%, signal=22%",POMC/SLC2A5/LPIN1/PRKAR2A/SLC12A2/IP6K1/RPL39L/CLPB/DCC/MAST2/PHKG2/GFI1/CFTR/MTOR,5443/6518/23175/5576/6558/9807/116832/81570/1630/23139/5261/2672/1080/2475,Plasmablasts,HALLMARK,Monaco_fine
HALLMARK_TGF_BETA_SIGNALING,HALLMARK_TGF_BETA_SIGNALING,43,-0.244675790891601,-0.92307388971216,0.565130260521042,0.883983572895277,0.833581000756512,535,"tags=14%, list=6%, signal=13%",XIAP/FURIN/PPP1CA/SLC20A1/CTNNB1/ACVR1,331/5045/5499/6574/1499/90,Plasmablasts,HALLMARK,Monaco_fine
HALLMARK_PROTEIN_SECRETION,HALLMARK_PROTEIN_SECRETION,90,0.210852409930872,0.894288999102848,0.709551656920078,0.975985977212971,0.920337653950828,1573,"tags=18%, list=16%, signal=15%",MAPK1/TPD52/ATP6V1H/GALC/STX12/VPS4B/IGF2R/SCAMP1/AP2S1/SNAP23/DST/RAB14/ATP1A1/GOLGA4/SOD1/STX7,5594/7163/51606/2581/23673/9525/3482/9522/1175/8773/667/51552/476/2803/6647/8417,Plasmablasts,HALLMARK,Monaco_fine
HALLMARK_PEROXISOME,HALLMARK_PEROXISOME,70,-0.212596915625137,-0.879432795175928,0.696177062374246,0.975985977212971,0.920337653950828,1966,"tags=27%, list=20%, signal=22%",CRAT/ACAA1/RDH11/GNPAT/PEX11B/ELOVL5/MVP/FDPS/SOD2/EHHADH/ACOX1/ACOT8/ITGB1BP1/PEX14/SLC23A2/SLC25A17/ECI2/SLC35B2/IDH2,1384/30/51109/8443/8799/60481/9961/2224/6648/1962/51/10005/9270/5195/9962/10478/10455/347734/3418,Plasmablasts,HALLMARK,Monaco_fine
HALLMARK_REACTIVE_OXYGEN_SPECIES_PATHWAY,HALLMARK_REACTIVE_OXYGEN_SPECIES_PATHWAY,39,0.239492905455408,0.865517780959371,0.711656441717791,0.975985977212971,0.920337653950828,1447,"tags=15%, list=15%, signal=13%",MBP/GLRX2/FTL/GSR/TXNRD2/SOD1,4155/51022/2512/2936/10587/6647,Plasmablasts,HALLMARK,Monaco_fine
HALLMARK_GLYCOLYSIS,HALLMARK_GLYCOLYSIS,126,0.196956741017923,0.885192967055203,0.73320537428023,0.977237974572939,0.921518265496412,2231,"tags=26%, list=23%, signal=20%",MXI1/CLN6/CTH/CD44/RPE/SLC25A13/BIK/CASP6/GALE/B4GALT2/PAXIP1/FAM162A/ANKZF1/ANG/TALDO1/PKP2/SOD1/SLC16A3/RBCK1/PHKA2/ME1/COG2/IDH1/P4HA2/GOT1/GNPDA1/ALDH9A1/B3GALT6/KIF2A/STMN1/UGP2/LCT/PGM2,4601/54982/1491/960/6120/10165/638/839/2582/8704/22976/26355/55139/283/6888/5318/6647/9123/10616/5256/4199/22796/3417/8974/2805/10007/223/126792/3796/3925/7360/3938/55276,Plasmablasts,HALLMARK,Monaco_fine
HALLMARK_CHOLESTEROL_HOMEOSTASIS,HALLMARK_CHOLESTEROL_HOMEOSTASIS,56,-0.210933624978854,-0.832755255174313,0.801571709233792,0.977237974572939,0.921518265496412,2434,"tags=43%, list=25%, signal=32%",CD9/HMGCS1/TP53INP1/NIBAN1/TMEM97/ANTXR2/ALCAM/PLAUR/STARD4/ECH1/LDLR/IDI1/FABP5/S100A11/ACAT2/CPEB2/FDPS/TM7SF2/SQLE/FBXO6/CTNNB1/EBP/HMGCR/SC5D,928/3157/94241/116496/27346/118429/214/5329/134429/1891/3949/3422/2171/6282/39/132864/2224/7108/6713/26270/1499/10682/3156/6309,Plasmablasts,HALLMARK,Monaco_fine
HALLMARK_KRAS_SIGNALING_UP,HALLMARK_KRAS_SIGNALING_UP,78,-0.199131718448651,-0.831737581280231,0.811244979919679,0.977237974572939,0.921518265496412,1163,"tags=15%, list=12%, signal=14%",ATG10/TSPAN13/TRIB2/DOCK2/CXCR4/TMEM176B/ERO1A/PTCD2/TNFAIP3/PECAM1/CCND2/PSMB8,83734/27075/28951/1794/7852/28959/30001/79810/7128/5175/894/5696,Plasmablasts,HALLMARK,Monaco_fine
HALLMARK_HYPOXIA,HALLMARK_HYPOXIA,118,0.18587991025124,0.828778583522373,0.86073500967118,0.977237974572939,0.921518265496412,2970,"tags=36%, list=31%, signal=26%",PLAC8/MXI1/TPD52/NFIL3/DDIT3/TES/CASP6/CCNG2/FAM162A/NOCT/JMJD6/CDKN1C/VHL/ANKZF1/JUN/TIPARP/PPP1R15A/RORA/TMEM45A/P4HA2/PRKCA/FOXO3/B3GALT6/IDS/EFNA1/UGP2/MT2A/PGM2/ERRFI1/MT1E/PNRC1/GAPDH/NDRG1/KLF7/ATF3/NR3C1/SIAH2/BCL2/GYS1/ENO2/STBD1/ETS1/NAGK,51316/4601/7163/4783/1649/26136/839/901/26355/25819/23210/1028/7428/55139/3725/25976/23645/6095/55076/8974/5578/2309/126792/3423/1942/7360/4502/55276/54206/4493/10957/2597/10397/8609/467/2908/6478/596/2997/2026/8987/2113/55577,Plasmablasts,HALLMARK,Monaco_fine
HALLMARK_MITOTIC_SPINDLE,HALLMARK_MITOTIC_SPINDLE,141,0.180997961915235,0.825939948325416,0.874509803921569,0.977237974572939,0.921518265496412,2162,"tags=24%, list=22%, signal=19%",BIN1/EPB41L2/FBXO5/SUN2/NUMA1/PKD2/PREX1/RASA1/PDLIM5/ALS2/RABGAP1/TRIO/SPTBN1/FLNA/SMC3/ABR/DYNLL2/DST/RALBP1/NCK1/HOOK3/WASL/CYTH2/RAPGEF6/EZR/KIF22/ABI1/LATS1/RICTOR/ARHGAP5/KATNA1/AKAP13/YWHAE/MAP3K11,274/2037/26271/25777/4926/5311/57580/5921/10611/57679/23637/7204/6711/2316/9126/29/140735/667/10928/4690/84376/8976/9266/51735/7430/3835/10006/9113/253260/394/11104/11214/7531/4296,Plasmablasts,HALLMARK,Monaco_fine
HALLMARK_UNFOLDED_PROTEIN_RESPONSE,HALLMARK_UNFOLDED_PROTEIN_RESPONSE,103,0.185975542258773,0.810006746479259,0.880769230769231,0.977237974572939,0.921518265496412,699,"tags=11%, list=7%, signal=10%",KHSRP/CHAC1/EIF4EBP1/EXOSC9/CKS1B/PSAT1/RRP9/DNAJA4/BAG3/LSM4/HSP90B1,8570/79094/1978/5393/1163/29968/9136/55466/9531/25804/7184,Plasmablasts,HALLMARK,Monaco_fine
HALLMARK_MYC_TARGETS_V1,HALLMARK_MYC_TARGETS_V1,184,0.169437409267646,0.804865426948748,0.951550387596899,0.977237974572939,0.921518265496412,2375,"tags=23%, list=24%, signal=18%",MYC/IMPDH2/SF3A1/XPO1/RRP9/TCP1/CLNS1A/TARDBP/CUL1/PRPF31/EIF3B/ABCE1/BUB3/TRIM28/CCT5/HPRT1/SNRPD3/RPL18/IFRD1/PRPS2/USP1/NHP2/SNRPA/NAP1L1/FBL/EXOSC7/KPNB1/LSM2/CCT4/HSP90AB1/RFC4/MCM5/XPOT/CCT3/HNRNPA3/YWHAE/GLO1/RPS6/POLD2/MCM7/SNRPG/SMARCC1,4609/3615/10291/7514/9136/6950/1207/23435/8454/26121/8662/6059/9184/10155/22948/3251/6634/6141/3475/5634/7398/55651/6626/4673/2091/23016/3837/57819/10575/3326/5984/4174/11260/7203/220988/7531/2739/6194/5425/4176/6637/6599,Plasmablasts,HALLMARK,Monaco_fine
HALLMARK_G2M_CHECKPOINT,HALLMARK_G2M_CHECKPOINT,131,0.17893479185362,0.804313608191712,0.911646586345381,0.977237974572939,0.921518265496412,2552,"tags=27%, list=26%, signal=21%",MYC/HUS1/ATF5/KMT5A/FBXO5/XPO1/NUMA1/CKS1B/UCK2/CKS2/NUP98/CUL1/FOXN3/BUB3/SLC7A1/RPA2/ATRX/E2F3/MYBL2/KIF22/SFPQ/KPNB1/HMGA1/KATNA1/MCM5/DKC1/STMN1/HMGN2/MT2A/POLA2/MARCKS/SMARCC1/SLC38A1/MAPK14/TFDP1/SRSF10,4609/3364/22809/387893/26271/7514/4926/1163/7371/1164/4928/8454/1112/9184/6541/6118/546/1871/4605/3835/6421/3837/3159/11104/4174/1736/3925/3151/4502/23649/4082/6599/81539/1432/7027/10772,Plasmablasts,HALLMARK,Monaco_fine
HALLMARK_COAGULATION,HALLMARK_COAGULATION,44,-0.210193232955512,-0.793561386612129,0.835365853658537,0.977237974572939,0.921518265496412,2065,"tags=30%, list=21%, signal=23%",WDR1/HNF4A/CSRP1/MAFF/RABIF/CTSB/CASP9/GDA/HMGCS2/FURIN/USP11/PECAM1/CTSO,9948/3172/1465/23764/5877/1508/842/9615/3158/5045/8237/5175/1519,Plasmablasts,HALLMARK,Monaco_fine
HALLMARK_APICAL_JUNCTION,HALLMARK_APICAL_JUNCTION,93,-0.174005791406109,-0.75031083097506,0.95679012345679,0.977237974572939,0.921518265496412,2432,"tags=27%, list=25%, signal=20%",FYB1/SRC/ACTN4/MYH9/ICAM2/MSN/RHOF/LIMA1/SKAP2/TAOK2/PIK3R3/CRAT/NF1/CLDN7/PTPRC/CTNND1/CLDN15/RRAS/DHX16/CERCAM/ICAM1/SYMPK/MPZL1/RSU1/PECAM1,2533/6714/81/4627/3384/4478/54509/51474/8935/9344/8503/1384/4763/1366/5788/1500/24146/6237/8449/51148/3383/8189/9019/6251/5175,Plasmablasts,HALLMARK,Monaco_fine
HALLMARK_BILE_ACID_METABOLISM,HALLMARK_BILE_ACID_METABOLISM,53,0.179634150094675,0.691029186962377,0.956878850102669,0.977237974572939,0.921518265496412,2157,"tags=23%, list=22%, signal=18%",ATXN1/PEX16/CYP46A1/BMP6/SCP2/SOD1/PEX19/IDH1/NR3C2/PEX13/ALDH9A1/LONP2,6310/9409/10858/654/6342/6647/5824/3417/4306/5194/223/83752,Plasmablasts,HALLMARK,Monaco_fine
HALLMARK_APICAL_SURFACE,HALLMARK_APICAL_SURFACE,18,0.208974328676984,0.634271303052689,0.920731707317073,0.977237974572939,0.921518265496412,3166,"tags=44%, list=33%, signal=30%",MAL/AKAP7/TMEM8B/ATP8B1/ADAM10/BRCA1/CRYBG1/SULF2,4118/9465/51754/5205/102/672/202/55959,Plasmablasts,HALLMARK,Monaco_fine
HALLMARK_MYOGENESIS,HALLMARK_MYOGENESIS,59,-0.165613170494796,-0.656458238784569,0.989858012170385,0.989858012170385,0.933418739546635,2662,"tags=31%, list=27%, signal=22%",APP/PRNP/PKIA/HDAC5/PDE4DIP/MYH9/GAA/CDKN1A/CRAT/LPIN1/FLII/FDPS/LSP1/OCEL1/RB1/PSEN2/NAV2/MEF2D,351/5621/5569/10014/9659/4627/2548/1026/1384/23175/2314/2224/4046/79629/5925/5664/89797/4209,Plasmablasts,HALLMARK,Monaco_fine
HALLMARK_INTERFERON_GAMMA_RESPONSE,HALLMARK_INTERFERON_GAMMA_RESPONSE,27,-0.55625434462874,-1.82673681757251,0.00141115778754146,0.0352789446885365,0.0282231557508292,169,"tags=56%, list=24%, signal=44%",PTPN1/IRF4/IRF8/SLAMF7/PELI1/IRF1/HLA-DRB1/TXNIP/P2RY14/IRF7/SAMHD1/HLA-A/B2M/CD74/HLA-B,5770/3662/3394/57823/57162/3659/3123/10628/9934/3665/25939/3105/567/972/3106,Plasmacytoid dendritic cells,HALLMARK,Monaco_fine
HALLMARK_INTERFERON_ALPHA_RESPONSE,HALLMARK_INTERFERON_ALPHA_RESPONSE,10,-0.679993912262519,-1.71601698727654,0.00957626064093641,0.0910378496520661,0.0728302797216529,95,"tags=70%, list=14%, signal=61%",IRF1/TXNIP/HLA-C/IRF7/B2M/SELL/CD74,3659/10628/3107/3665/567/6402/972,Plasmacytoid dendritic cells,HALLMARK,Monaco_fine
HALLMARK_INFLAMMATORY_RESPONSE,HALLMARK_INFLAMMATORY_RESPONSE,14,-0.582156029715078,-1.63004419295661,0.0121607769258717,0.0910378496520661,0.0728302797216529,126,"tags=50%, list=18%, signal=42%",CYBB/IRF1/GPR183/RGS1/BTG2/IRF7/SELL,1536/3659/1880/5996/7832/3665/6402,Plasmacytoid dendritic cells,HALLMARK,Monaco_fine
HALLMARK_ALLOGRAFT_REJECTION,HALLMARK_ALLOGRAFT_REJECTION,26,-0.491989543535661,-1.60790130005214,0.0145660559443306,0.0910378496520661,0.0728302797216529,285,"tags=77%, list=41%, signal=47%",LTB/HDAC9/LYN/RPS9/RPL9/PTPRC/GZMB/IRF4/IRF8/SRGN/RPL39/RPS19/CTSS/RPS3A/HLA-E/HLA-DRA/IRF7/HLA-A/B2M/CD74,4050/9734/4067/6203/6133/5788/3002/3662/3394/5552/6170/6223/1520/6189/3133/3122/3665/3105/567/972,Plasmacytoid dendritic cells,HALLMARK,Monaco_fine
HALLMARK_HYPOXIA,HALLMARK_HYPOXIA,23,-0.511846941441796,-1.6190525348617,0.0219783089399675,0.109891544699837,0.0879132357598698,106,"tags=35%, list=15%, signal=31%",DUSP1/CXCR4/ZFP36/HSPA5/PPP1R15A/ATF3/FOS/NR3C1,1843/7852/7538/3309/23645/467/2353/2908,Plasmacytoid dendritic cells,HALLMARK,Monaco_fine
HALLMARK_TNFA_SIGNALING_VIA_NFKB,HALLMARK_TNFA_SIGNALING_VIA_NFKB,33,-0.439576141376916,-1.51844791585006,0.0365408038976857,0.152253349573691,0.121802679658952,106,"tags=30%, list=15%, signal=27%",DUSP1/IRF1/GPR183/BTG2/ZFP36/AREG/NR4A3/PPP1R15A/ATF3/FOS,1843/3659/1880/7832/7538/374/8013/23645/467/2353,Plasmacytoid dendritic cells,HALLMARK,Monaco_fine
HALLMARK_COMPLEMENT,HALLMARK_COMPLEMENT,18,-0.472776256826887,-1.40452448477593,0.0891891891891892,0.318532818532819,0.254826254826255,238,"tags=72%, list=34%, signal=49%",DUSP5/LYN/PLEK/GRB2/FCER1G/GZMB/ZEB1/HSPA1A/CTSS/IRF1/HSPA5/IRF7/PFN1,1847/4067/5341/2885/2207/3002/6935/3303/1520/3659/3309/3665/5216,Plasmacytoid dendritic cells,HALLMARK,Monaco_fine
HALLMARK_P53_PATHWAY,HALLMARK_P53_PATHWAY,20,-0.436754639316659,-1.32988736091963,0.113333333333333,0.354166666666667,0.283333333333333,72,"tags=30%, list=10%, signal=28%",TXNIP/BTG2/PPP1R15A/HINT1/ATF3/FOS,10628/7832/23645/3094/467/2353,Plasmacytoid dendritic cells,HALLMARK,Monaco_fine
HALLMARK_KRAS_SIGNALING_UP,HALLMARK_KRAS_SIGNALING_UP,13,-0.455332785934648,-1.2415991055529,0.187760778859527,0.469401947148818,0.375521557719054,294,"tags=77%, list=42%, signal=46%",LAPTM5/HDAC9/LCP1/FCER1G/PRDM1/IRF8/CTSS/CXCR4/RABGAP1L/PPP1R15A,7805/9734/3936/2207/639/3394/1520/7852/9910/23645,Plasmacytoid dendritic cells,HALLMARK,Monaco_fine
HALLMARK_MTORC1_SIGNALING,HALLMARK_MTORC1_SIGNALING,22,0.306001751038984,1.22247814461293,0.186721991701245,0.469401947148818,0.375521557719054,103,"tags=36%, list=15%, signal=32%",DDIT4/RAB1A/IFRD1/SQSTM1/UBE2D3/HSPD1/XBP1/HSPE1,54541/5861/3475/8878/7323/3329/7494/3336,Plasmacytoid dendritic cells,HALLMARK,Monaco_fine
HALLMARK_HEME_METABOLISM,HALLMARK_HEME_METABOLISM,12,-0.460038508808917,-1.22565431452916,0.220362622036262,0.500824140991505,0.400659312793204,63,"tags=25%, list=9%, signal=23%",BTG2/YPEL5/NR3C1,7832/51646/2908,Plasmacytoid dendritic cells,HALLMARK,Monaco_fine
HALLMARK_ESTROGEN_RESPONSE_LATE,HALLMARK_ESTROGEN_RESPONSE_LATE,13,-0.41322452047796,-1.1267785032541,0.315716272600835,0.657742234585072,0.526193787668058,57,"tags=23%, list=8%, signal=22%",ZFP36/AREG/FOS,7538/374/2353,Plasmacytoid dendritic cells,HALLMARK,Monaco_fine
HALLMARK_UV_RESPONSE_UP,HALLMARK_UV_RESPONSE_UP,17,-0.364364112754353,-1.069342023512,0.389115646258503,0.719144800777454,0.575315840621963,95,"tags=29%, list=14%, signal=26%",TMBIM6/IRF1/BTG2/ATF3/FOS,7009/3659/7832/467/2353,Plasmacytoid dendritic cells,HALLMARK,Monaco_fine
HALLMARK_PI3K_AKT_MTOR_SIGNALING,HALLMARK_PI3K_AKT_MTOR_SIGNALING,15,-0.369947245746972,-1.05224993427949,0.402721088435374,0.719144800777454,0.575315840621963,234,"tags=47%, list=33%, signal=32%",ARPC3/GRB2/VAV3/CXCR4/ARF1/CFL1/PFN1,10094/2885/10451/7852/375/1072/5216,Plasmacytoid dendritic cells,HALLMARK,Monaco_fine
HALLMARK_ANDROGEN_RESPONSE,HALLMARK_ANDROGEN_RESPONSE,15,0.288321141245297,0.991641822792903,0.456928838951311,0.760605006954103,0.608484005563282,141,"tags=40%, list=20%, signal=33%",SLC38A2/ARID5B/PTK2B/PIAS1/UBE2J1/TPD52,54407/84159/2185/8554/51465/7163,Plasmacytoid dendritic cells,HALLMARK,Monaco_fine
HALLMARK_APICAL_JUNCTION,HALLMARK_APICAL_JUNCTION,10,-0.392158268325755,-0.989641580626605,0.486787204450626,0.760605006954103,0.608484005563282,111,"tags=50%, list=16%, signal=43%",SYK/PTPRC/ARPC2/PFN1/ACTB,6850/5788/10109/5216/60,Plasmacytoid dendritic cells,HALLMARK,Monaco_fine
HALLMARK_PROTEIN_SECRETION,HALLMARK_PROTEIN_SECRETION,10,-0.357868951185586,-0.903109849042621,0.600834492350487,0.874719543993694,0.699775635194955,62,"tags=30%, list=9%, signal=28%",AP3B1/ARF1/ATP1A1,8546/375/476,Plasmacytoid dendritic cells,HALLMARK,Monaco_fine
HALLMARK_IL2_STAT5_SIGNALING,HALLMARK_IL2_STAT5_SIGNALING,20,-0.286918497384785,-0.873646777703554,0.638666666666667,0.874719543993694,0.699775635194955,84,"tags=30%, list=12%, signal=27%",IRF4/IRF8/RABGAP1L/ALCAM/SELL/SNX9,3662/3394/9910/214/6402/51429,Plasmacytoid dendritic cells,HALLMARK,Monaco_fine
HALLMARK_MITOTIC_SPINDLE,HALLMARK_MITOTIC_SPINDLE,10,-0.334011390135133,-0.84290345704516,0.680111265646732,0.874719543993694,0.699775635194955,177,"tags=60%, list=25%, signal=45%",DLG1/CCDC88A/PCM1/DOCK2/KIF5B/CD2AP,1739/55704/5108/1794/3799/23607,Plasmacytoid dendritic cells,HALLMARK,Monaco_fine
HALLMARK_MYC_TARGETS_V1,HALLMARK_MYC_TARGETS_V1,42,-0.230901122119645,-0.842686901028782,0.702958579881657,0.874719543993694,0.699775635194955,222,"tags=38%, list=32%, signal=28%",PPIA/RPS3/HNRNPD/RPL18/HNRNPA3/HNRNPA1/RPS5/PABPC1/RPL34/RPL22/RPS2/GNL3/RPL14/CANX/EEF1B2/EIF4G2,5478/6188/3184/6141/220988/3178/6193/26986/6164/6146/6187/26354/9045/821/1933/1982,Plasmacytoid dendritic cells,HALLMARK,Monaco_fine
HALLMARK_APOPTOSIS,HALLMARK_APOPTOSIS,20,-0.255873366888704,-0.779116524448695,0.774666666666667,0.874719543993694,0.699775635194955,95,"tags=30%, list=14%, signal=27%",PMAIP1/APP/IRF1/TXNIP/BTG2/ATF3,5366/351/3659/10628/7832/467,Plasmacytoid dendritic cells,HALLMARK,Monaco_fine
HALLMARK_UV_RESPONSE_DN,HALLMARK_UV_RESPONSE_DN,12,-0.283044444895876,-0.75409914267468,0.765690376569038,0.874719543993694,0.699775635194955,4,"tags=17%, list=1%, signal=17%",DUSP1/NR3C1,1843/2908,Plasmacytoid dendritic cells,HALLMARK,Monaco_fine
HALLMARK_ESTROGEN_RESPONSE_EARLY,HALLMARK_ESTROGEN_RESPONSE_EARLY,11,-0.285788671685859,-0.742726792219364,0.804741980474198,0.874719543993694,0.699775635194955,50,"tags=18%, list=7%, signal=17%",AREG/FOS,374/2353,Plasmacytoid dendritic cells,HALLMARK,Monaco_fine
HALLMARK_UNFOLDED_PROTEIN_RESPONSE,HALLMARK_UNFOLDED_PROTEIN_RESPONSE,25,0.17871369762971,0.739899344230773,0.872146118721461,0.908485540334856,0.726788432267884,100,"tags=20%, list=14%, signal=18%",DDIT4/EIF2AK3/ATF4/NPM1/XBP1,54541/9451/468/4869/7494,Plasmacytoid dendritic cells,HALLMARK,Monaco_fine
HALLMARK_G2M_CHECKPOINT,HALLMARK_G2M_CHECKPOINT,18,0.153156792712645,0.571300087934015,0.99236641221374,0.99236641221374,0.793893129770992,104,"tags=22%, list=15%, signal=19%",TOP1/TGFB1/STAG1/ATRX,7150/7040/10274/546,Plasmacytoid dendritic cells,HALLMARK,Monaco_fine
HALLMARK_TNFA_SIGNALING_VIA_NFKB,HALLMARK_TNFA_SIGNALING_VIA_NFKB,30,-0.558271517872617,-1.89859806959567,0.000840273187621436,0.0218471028781573,0.019458958029128,95,"tags=43%, list=15%, signal=39%",JUN/JUNB/CD69/SQSTM1/CCNL1/IER5/AREG/KLF6/FOSB/BTG2/TNFAIP3/EGR1/NR4A2,3725/3726/969/8878/57018/51278/374/1316/2354/7832/7128/1958/4929,Progenitor cells,HALLMARK,Monaco_fine
HALLMARK_ALLOGRAFT_REJECTION,HALLMARK_ALLOGRAFT_REJECTION,22,-0.539805014571792,-1.69856735975786,0.00805356372261214,0.0697975522626385,0.0621678603149007,120,"tags=45%, list=19%, signal=38%",PTPRC/B2M/HDAC9/NPM1/STAT1/HLA-A/HLA-E/SRGN/CD74/HLA-DRA,5788/567/9734/4869/6772/3105/3133/5552/972/3122,Progenitor cells,HALLMARK,Monaco_fine
HALLMARK_UV_RESPONSE_DN,HALLMARK_UV_RESPONSE_DN,16,0.599290935276963,1.69280907762515,0.0069659589642689,0.0697975522626385,0.0621678603149007,31,"tags=31%, list=5%, signal=31%",PRKCE/AKT3/NR3C1/KIT/SIPA1L1,5581/10000/2908/3815/26037,Progenitor cells,HALLMARK,Monaco_fine
HALLMARK_INTERFERON_GAMMA_RESPONSE,HALLMARK_INTERFERON_GAMMA_RESPONSE,18,-0.530449414383039,-1.58234433097052,0.0307172070238797,0.199661845655218,0.177836461717198,75,"tags=39%, list=12%, signal=35%",B2M/CD69/STAT1/HLA-A/HLA-B/CD74/TNFAIP3,567/969/6772/3105/3106/972/7128,Progenitor cells,HALLMARK,Monaco_fine
HALLMARK_OXIDATIVE_PHOSPHORYLATION,HALLMARK_OXIDATIVE_PHOSPHORYLATION,12,0.561792955761725,1.45851108905919,0.0718446601941748,0.373592233009709,0.332754215636178,204,"tags=58%, list=32%, signal=41%",COX5B/COX7C/SLC25A6/ATP5F1E/ATP5MG/COX4I1/SLC25A3,1329/1350/293/514/10632/1327/5250,Progenitor cells,HALLMARK,Monaco_fine
HALLMARK_ESTROGEN_RESPONSE_EARLY,HALLMARK_ESTROGEN_RESPONSE_EARLY,11,0.523996351437631,1.33355696422982,0.13472485768501,0.583807716635041,0.519990678784247,52,"tags=36%, list=8%, signal=34%",NRIP1/SVIL/FKBP5/CD44,8204/6840/2289/960,Progenitor cells,HALLMARK,Monaco_fine
HALLMARK_UV_RESPONSE_UP,HALLMARK_UV_RESPONSE_UP,16,-0.448904871953067,-1.285553773241,0.181818181818182,0.590909090909091,0.526315789473684,82,"tags=50%, list=13%, signal=45%",NR4A1/CCND3/HNRNPU/JUNB/SQSTM1/EIF5/FOSB/BTG2,3164/896/3192/3726/8878/1983/2354/7832,Progenitor cells,HALLMARK,Monaco_fine
HALLMARK_ESTROGEN_RESPONSE_LATE,HALLMARK_ESTROGEN_RESPONSE_LATE,14,0.461386386275841,1.26626267128844,0.174812030075188,0.590909090909091,0.526315789473684,78,"tags=36%, list=12%, signal=32%",NRIP1/ID2/FKBP5/CD44/CD9,8204/3398/2289/960/928,Progenitor cells,HALLMARK,Monaco_fine
HALLMARK_APOPTOSIS,HALLMARK_APOPTOSIS,18,0.412970530591253,1.21030321357883,0.212406015037594,0.613617376775272,0.546541793079189,81,"tags=28%, list=13%, signal=25%",HSPB1/LGALS3/CD38/CD44/DPYD,3315/3958/952/960/1806,Progenitor cells,HALLMARK,Monaco_fine
HALLMARK_MTORC1_SIGNALING,HALLMARK_MTORC1_SIGNALING,18,-0.398031965969476,-1.18733965543047,0.253191489361702,0.645788336933045,0.575196089575992,118,"tags=39%, list=18%, signal=33%",HSPA5/ELOVL5/CANX/HSP90B1/SQSTM1/BTG2/CXCR4,3309/60481/821/7184/8878/7832/7852,Progenitor cells,HALLMARK,Monaco_fine
HALLMARK_PI3K_AKT_MTOR_SIGNALING,HALLMARK_PI3K_AKT_MTOR_SIGNALING,13,-0.426713159632129,-1.14961969266021,0.294623655913979,0.645788336933045,0.575196089575992,150,"tags=46%, list=23%, signal=36%",PLCB1/PRKCB/VAV3/HSP90B1/SQSTM1/CXCR4,23236/5579/10451/7184/8878/7852,Progenitor cells,HALLMARK,Monaco_fine
HALLMARK_HYPOXIA,HALLMARK_HYPOXIA,20,-0.372844047661748,-1.1303479349578,0.298056155507559,0.645788336933045,0.575196089575992,39,"tags=30%, list=6%, signal=29%",HSPA5/JUN/KLF6/WSB1/CXCR4/TNFAIP3,3309/3725/1316/26118/7852/7128,Progenitor cells,HALLMARK,Monaco_fine
HALLMARK_HEME_METABOLISM,HALLMARK_HEME_METABOLISM,10,0.440778100351522,1.08179663464501,0.367112810707457,0.701672044587856,0.624971051859629,82,"tags=40%, list=13%, signal=35%",NR3C1/CAST/BMP2K/TFDP2,2908/831/55589/7029,Progenitor cells,HALLMARK,Monaco_fine
HALLMARK_INFLAMMATORY_RESPONSE,HALLMARK_INFLAMMATORY_RESPONSE,12,-0.397662902095223,-1.06631562072706,0.37782340862423,0.701672044587856,0.624971051859629,75,"tags=33%, list=12%, signal=30%",CD69/KLF6/RGS1/BTG2,969/1316/5996/7832,Progenitor cells,HALLMARK,Monaco_fine
HALLMARK_MYC_TARGETS_V1,HALLMARK_MYC_TARGETS_V1,37,-0.271514244338018,-0.986382846126101,0.475789473684211,0.824701754385965,0.73455216989843,185,"tags=35%, list=29%, signal=27%",EIF4A1/PSMA7/HSPD1/SRSF7/RPS10/HSP90AB1/HNRNPU/CANX/NPM1/HNRNPA1/SET/HNRNPC/NAP1L1,1973/5688/3329/6432/6204/3326/3192/821/4869/3178/6418/3183/4673,Progenitor cells,HALLMARK,Monaco_fine
HALLMARK_COMPLEMENT,HALLMARK_COMPLEMENT,14,0.349601767816069,0.959472757692671,0.518796992481203,0.830712074303406,0.739905491282386,216,"tags=64%, list=34%, signal=44%",LGALS3/LYN/DOCK10/LCP2/CALM1/CTSD/FYN/FCER1G/CLU,3958/4067/55619/3937/801/1509/2534/2207/1191,Progenitor cells,HALLMARK,Monaco_fine
HALLMARK_UNFOLDED_PROTEIN_RESPONSE,HALLMARK_UNFOLDED_PROTEIN_RESPONSE,11,-0.357297828962462,-0.924748381477494,0.543157894736842,0.830712074303406,0.739905491282386,118,"tags=45%, list=18%, signal=38%",EIF4A1/HSPA5/HSP90B1/NPM1/FUS,1973/3309/7184/4869/2521,Progenitor cells,HALLMARK,Monaco_fine
HALLMARK_KRAS_SIGNALING_UP,HALLMARK_KRAS_SIGNALING_UP,14,-0.314949678133744,-0.869984518078934,0.617021276595745,0.832,0.741052631578948,17,"tags=29%, list=3%, signal=28%",LCP1/HDAC9/CXCR4/TNFAIP3,3936/9734/7852/7128,Progenitor cells,HALLMARK,Monaco_fine
HALLMARK_EPITHELIAL_MESENCHYMAL_TRANSITION,HALLMARK_EPITHELIAL_MESENCHYMAL_TRANSITION,12,-0.315989481685497,-0.847311928096347,0.642710472279261,0.832,0.741052631578948,41,"tags=25%, list=6%, signal=24%",JUN/AREG/TNFAIP3,3725/374/7128,Progenitor cells,HALLMARK,Monaco_fine
HALLMARK_G2M_CHECKPOINT,HALLMARK_G2M_CHECKPOINT,15,-0.286480721347978,-0.805930211147505,0.695560253699789,0.832,0.741052631578948,163,"tags=47%, list=25%, signal=36%",NCL/PAFAH1B1/HNRNPU/ATRX/SFPQ/HSPA8/STMN1,4691/5048/3192/546/6421/3312/3925,Progenitor cells,HALLMARK,Monaco_fine
HALLMARK_GLYCOLYSIS,HALLMARK_GLYCOLYSIS,10,-0.311344508045254,-0.789578161604661,0.72651356993737,0.832,0.741052631578948,47,"tags=30%, list=7%, signal=28%",HSPA5/STMN1/CXCR4,3309/3925/7852,Progenitor cells,HALLMARK,Monaco_fine
HALLMARK_ANDROGEN_RESPONSE,HALLMARK_ANDROGEN_RESPONSE,12,-0.292424620384209,-0.784123786649315,0.722792607802875,0.832,0.741052631578948,197,"tags=67%, list=31%, signal=47%",MYL12A/IQGAP2/ELL2/CCND3/SLC38A2/B2M/ELOVL5/XRCC5,10627/10788/22936/896/54407/567/60481/7520,Progenitor cells,HALLMARK,Monaco_fine
HALLMARK_IL2_STAT5_SIGNALING,HALLMARK_IL2_STAT5_SIGNALING,12,0.291015027281548,0.755525038218923,0.8,0.832,0.741052631578948,52,"tags=17%, list=8%, signal=16%",IL18R1/CD44,8809/960,Progenitor cells,HALLMARK,Monaco_fine
HALLMARK_MITOTIC_SPINDLE,HALLMARK_MITOTIC_SPINDLE,10,0.307344757928055,0.754312713216009,0.783938814531549,0.832,0.741052631578948,28,"tags=20%, list=4%, signal=19%",AKAP13/PCM1,11214/5108,Progenitor cells,HALLMARK,Monaco_fine
HALLMARK_P53_PATHWAY,HALLMARK_P53_PATHWAY,18,-0.251938994130815,-0.751540539595057,0.797872340425532,0.832,0.741052631578948,100,"tags=22%, list=16%, signal=19%",ZFP36L1/JUN/IER5/BTG2,677/3725/51278/7832,Progenitor cells,HALLMARK,Monaco_fine
HALLMARK_APICAL_JUNCTION,HALLMARK_APICAL_JUNCTION,11,-0.262808581075419,-0.680193917476681,0.861052631578948,0.861052631578948,0.766929469422544,5,"tags=27%, list=1%, signal=28%",PTPRC/ACTB/ARPC2,5788/60/10109,Progenitor cells,HALLMARK,Monaco_fine
HALLMARK_TNFA_SIGNALING_VIA_NFKB,HALLMARK_TNFA_SIGNALING_VIA_NFKB,127,0.410964066307148,1.88591556485351,1.09866092640228e-05,0.000527357244673092,0.00043946437056091,1566,"tags=37%, list=19%, signal=30%",KLF10/FOS/MYC/DUSP1/PPP1R15A/EGR3/KLF2/EIF1/PNRC1/BTG2/BTG1/PLK2/PLPP3/SGK1/CD80/NFKBIA/KYNU/TNIP2/NR4A1/TNF/NFE2L2/JUN/CD83/RHOB/IER2/SLC2A6/CCL4/ZFP36/EGR1/SNN/TNFSF9/FOSB/ZBTB10/SAT1/JUNB/YRDC/NR4A2/CEBPB/CD69/KLF6/CDKN1A/MCL1/IFNGR2/TSC22D1/TNFAIP3/TNIP1/ZC3H12A,7071/2353/4609/1843/23645/1960/10365/10209/10957/7832/694/10769/8613/6446/941/4792/8942/79155/3164/7124/4780/3725/9308/388/9592/11182/6351/7538/1958/8303/8744/2354/65986/6303/3726/79693/4929/1051/969/1316/1026/4170/3460/8848/7128/10318/80149,Switched memory B cells,HALLMARK,Monaco_fine
HALLMARK_MYC_TARGETS_V1,HALLMARK_MYC_TARGETS_V1,181,0.365544449498312,1.76584039371703,2.57070606116552e-05,0.000616969454679725,0.000514141212233105,1182,"tags=25%, list=14%, signal=22%",HSP90AB1/HNRNPA2B1/RPL6/RPS6/RPL34/RPS2/RACK1/HDGF/MYC/RPL18/EEF1B2/RPL22/RPLP0/RPS3/RPS10/MCM7/RPL14/PPIA/NAP1L1/HDAC2/RPS5/SMARCC1/PABPC1/RSL1D1/HNRNPA3/TCP1/EIF3D/PCBP1/UBA2/SRSF2/G3BP1/SRSF7/SYNCRIP/PTGES3/USP1/HNRNPA1/SERBP1/HNRNPC/SF3A1/TRA2B/CCT4/GLO1/ACP1/NPM1/PABPC4,3326/3181/6128/6194/6164/6187/10399/3068/4609/6141/1933/6146/6175/6188/6204/4176/9045/5478/4673/3066/6193/6599/26986/26156/220988/6950/8664/5093/10054/6427/10146/6432/10492/10728/7398/3178/26135/3183/10291/6434/10575/2739/52/4869/8761,Switched memory B cells,HALLMARK,Monaco_fine
HALLMARK_OXIDATIVE_PHOSPHORYLATION,HALLMARK_OXIDATIVE_PHOSPHORYLATION,194,-0.326024237620517,-1.62955618776186,0.000209157144765207,0.00334651431624331,0.00278876193020276,2129,"tags=38%, list=26%, signal=29%",ETFB/DECR1/IDH3B/COX7B/ATP5PF/COX6B1/UQCR11/SDHB/ATP6V1C1/BDH2/NDUFB7/NDUFA9/NDUFA6/BAX/CASP7/TOMM70/NDUFB5/HADHA/NDUFA1/UQCRQ/NDUFS4/ATP6V0B/CYC1/ECI1/COX6C/COX10/HSPA9/UQCRFS1/NDUFA5/TIMM9/TIMM13/OPA1/CYB5A/UQCRC1/NDUFS7/SDHC/MRPL35/ATP5PB/SLC25A12/ACAT1/COX7A2/IDH2/SUCLA2/ECHS1/SURF1/ATP6V1F/NDUFB2/ACO2/DLST/IDH3A/MRPS11/NDUFA3/ACAA2/SUCLG1/NDUFS6/NDUFV1/ATP6AP1/PRDX3/NDUFB3/ATP6V1E1/MTX2/BCKDHA/TCIRG1/NDUFS8/MRPL15/HSD17B10/SLC25A11/NDUFC1/GOT2/ECH1/AIFM1/SLC25A20/ACADSB,2109/1666/3420/1349/522/1340/10975/6390/528/56898/4713/4704/4700/581/840/9868/4711/3030/4694/27089/4724/533/1537/1632/1345/1352/3313/7386/4698/26520/26517/4976/1528/7384/374291/6391/51318/515/8604/38/1347/3418/8803/1892/6834/9296/4708/50/1743/3419/64963/4696/10449/8802/4726/4723/537/10935/4709/529/10651/593/10312/4728/29088/3028/8402/4717/2806/1891/9131/788/36,Switched memory B cells,HALLMARK,Monaco_fine
HALLMARK_ADIPOGENESIS,HALLMARK_ADIPOGENESIS,125,-0.353558024828291,-1.66963852862884,0.000722150521948271,0.00866580626337926,0.00722150521948271,2129,"tags=39%, list=26%, signal=30%",ETFB/DECR1/COX7B/UQCR11/BCL6/GPAT4/UCP2/SDHB/G3BP2/NDUFB7/RMDN3/SCP2/SULT1A1/UQCRQ/DNAJC15/TALDO1/CYC1/SQOR/NDUFA5/SLC25A1/PEX14/GPHN/UQCRC1/SDHC/MTCH2/NMT1/RNF11/ECHS1/REEP5/CHUK/ELMOD3/ALDH2/ACO2/MAP4K3/IDH3A/SAMM50/ARAF/BCL2L13/ACAA2/SUCLG1/ESRRA/PRDX3/BCKDHA/TANK/MRPL15/ECH1/COQ9/AIFM1/DBT,2109/1666/1349/10975/604/137964/7351/6390/9908/4713/55177/6342/6817/27089/29103/6888/1537/58472/4698/6576/5195/10243/7384/6391/23788/4836/26994/1892/7905/1147/84173/217/50/8491/3419/25813/369/23786/10449/8802/2101/10935/593/10010/29088/1891/57017/9131/1629,Switched memory B cells,HALLMARK,Monaco_fine
HALLMARK_HYPOXIA,HALLMARK_HYPOXIA,105,0.357885927242739,1.59167594694071,0.00221186350105117,0.0204169298274553,0.0170141081895461,2134,"tags=38%, list=26%, signal=29%",FOS/DUSP1/PPP1R15A/PNRC1/BTG1/DDIT3/SLC2A1/MXI1/TPD52/PIM1/JUN/WSB1/SIAH2/ZFP36/PLAC8/ANKZF1/TES/NEDD4L/ERO1A/ZNF292/RRAGD/GCNT2/KLF6/CDKN1A/BCL2/KDM3A/TNFAIP3/S100A4/HK1/NR3C1/IER3/BHLHE40/PGK1/AMPD3/CXCR4/MIF/NOCT/CASP6/GAPDH/TPI1,2353/1843/23645/10957/694/1649/6513/4601/7163/5292/3725/26118/6478/7538/51316/55139/26136/23327/30001/23036/58528/2651/1316/1026/596/55818/7128/6275/3098/2908/8870/8553/5230/272/7852/4282/25819/839/2597/7167,Switched memory B cells,HALLMARK,Monaco_fine
HALLMARK_G2M_CHECKPOINT,HALLMARK_G2M_CHECKPOINT,122,0.344551888726432,1.5736079353951,0.00255211622843191,0.0204169298274553,0.0170141081895461,1779,"tags=30%, list=21%, signal=24%",HSPA8/MYC/KATNA1/CASP8AP2/FOXN3/LIG3/SFPQ/SMARCC1/LMNB1/RPA2/CHMP1A/LBR/SRSF2/TOP1/G3BP1/CKS1B/KIF5B/SYNCRIP/STAG1/NASP/SMC2/TRA2B/ILF3/YTHDC1/HMGN2/HNRNPD/SLC12A2/TNPO2/TLE3/RBL1/RPS6KA5/NCL/MTF2/ODC1/CUL4A/NOTCH2/CUL5,3312/4609/11104/9994/1112/3980/6421/6599/4001/6118/5119/3930/6427/7150/10146/1163/3799/10492/10274/4678/10592/6434/3609/91746/3151/3184/6558/30000/7090/5933/9252/4691/22823/4953/8451/4853/8065,Switched memory B cells,HALLMARK,Monaco_fine
HALLMARK_ALLOGRAFT_REJECTION,HALLMARK_ALLOGRAFT_REJECTION,116,0.30800289083804,1.39508872418462,0.0221493146629,0.144896393251444,0.120746994376203,1131,"tags=24%, list=14%, signal=21%",RPS19/RPS3A/RPS9/IL16/RPL39/CD74/RPL9/HLA-DRA/B2M/HLA-DQA1/CD80/PRKCB/CTSS/TPD52/TNF/JAK2/IKBKB/TLR6/EIF3D/UBE2D1/PTPRC/CCL4/TLR1/HLA-E/IL7/FCGR2B/CD79A/NPM1,6223/6189/6203/3603/6170/972/6133/3122/567/3117/941/5579/1520/7163/7124/3717/3551/10333/8664/7321/5788/6351/7096/3133/3574/2213/973/4869,Switched memory B cells,HALLMARK,Monaco_fine
HALLMARK_P53_PATHWAY,HALLMARK_P53_PATHWAY,126,0.304570608363234,1.39200777880873,0.026828827533193,0.144896393251444,0.120746994376203,1793,"tags=35%, list=22%, signal=28%",FOS/RPS12/RACK1/RPL18/SERTAD3/PPP1R15A/TRAF4/BTG2/BTG1/DDIT3/PLK2/HEXIM1/CGRRF1/CDKN2AIP/ZFP36L1/RPL36/JUN/ISCU/TPRKB/TXNIP/SLC3A2/POLH/TNFSF9/FBXW7/SAT1/HINT1/S100A10/SLC35D1/RALGDS/CDKN1A/APP/CCP110/TSC22D1/RGS16/CCNG1/FAS/TOB1/S100A4/PERP/NOL8/LDHB/UPP1/IER3/MDM2,2353/6206/10399/6141/29946/23645/9618/7832/694/1649/10769/10614/10668/55602/677/25873/3725/23479/51002/10628/6520/5429/8744/55294/6303/3094/6281/23169/5900/1026/351/9738/8848/6004/900/355/10140/6275/64065/55035/3945/7378/8870/4193,Switched memory B cells,HALLMARK,Monaco_fine
HALLMARK_E2F_TARGETS,HALLMARK_E2F_TARGETS,127,0.289940156196925,1.33053641005968,0.0271680737346457,0.144896393251444,0.120746994376203,2554,"tags=43%, list=31%, signal=30%",MYC/ING3/MCM7/NAP1L1/SNRPB/IPO7/RPA3/LMNB1/RPA2/CSE1L/LBR/SRSF2/LYAR/CKS1B/SYNCRIP/UBR7/STAG1/HELLS/ZW10/USP1/NASP/TRA2B/ILF3/RBBP7/CDKN1A/HNRNPD/CCP110/RAN/ATAD2/BRMS1L/LUC7L3/NOP56/HMGB2/EED/SRSF1/UNG/DCK/POLE4/RPA1/NUP205/PNN/UBE2S/PCNA/MTHFD2/RAD21/PAICS/STMN1/TP53/KIF22/RANBP1/ANP32E/TACC3/CTPS1/WEE1,4609/54556/4176/4673/6628/10527/6119/4001/6118/1434/3930/6427/55646/1163/10492/55148/10274/3070/9183/7398/4678/6434/3609/5931/1026/3184/9738/5901/29028/84312/51747/10528/3148/8726/6426/7374/1633/56655/6117/23165/5411/27338/5111/10797/5885/10606/3925/7157/3835/5902/81611/10460/1503/7465,Switched memory B cells,HALLMARK,Monaco_fine
HALLMARK_COAGULATION,HALLMARK_COAGULATION,34,-0.400093207997692,-1.47446193946986,0.0508618069739795,0.203447227895918,0.169539356579932,1949,"tags=38%, list=24%, signal=29%",CD9/TIMP1/LTA4H/CTSB/WDR1/FYN/APOA1/GNB2/MSRB2/CPQ/PECAM1/APOC3/ANXA1,928/7076/4048/1508/9948/2534/335/2783/22921/10404/5175/345/301,Switched memory B cells,HALLMARK,Monaco_fine
HALLMARK_ESTROGEN_RESPONSE_EARLY,HALLMARK_ESTROGEN_RESPONSE_EARLY,87,0.316287794513134,1.3561452247754,0.0457875457875458,0.203447227895918,0.169539356579932,1360,"tags=28%, list=16%, signal=23%",KLF10/FOS/MYC/IGF1R/EGR3/SLC2A1/CHPT1/ABLIM1/ISG20L2/FCMR/JAK2/ELF1/RBBP8/SIAH2/SLC37A1/GAB2/GLA/MAST4/RRP12/ELOVL5/DYNLT3/BCL2/KDM4B/SH3BP5,7071/2353/4609/3480/1960/6513/56994/3983/81875/9214/3717/1997/5932/6478/54020/9846/2717/375449/23223/60481/6990/596/23030/9467,Switched memory B cells,HALLMARK,Monaco_fine
HALLMARK_INTERFERON_GAMMA_RESPONSE,HALLMARK_INTERFERON_GAMMA_RESPONSE,146,-0.272133040052496,-1.30790723625272,0.0501154634303431,0.203447227895918,0.169539356579932,1944,"tags=34%, list=23%, signal=27%",ITGB7/IL15RA/LAP3/PSMB8/EIF4E3/ADAR/PDE4B/CASP7/PFKP/HERC6/STAT2/SOCS3/EIF2AK2/IRF1/XAF1/ZNFX1/ARID5B/STAT1/MVP/CASP3/CD38/LCP2/VAMP5/ICAM1/CASP1/EPSTI1/PELI1/PSMB10/MX1/IL18BP/SOCS1/GBP4/IRF9/PSME2/ST3GAL5/CCL5/IFIH1/TNFSF10/APOL6/TAP1/ZBP1/RBCK1/GPR18/VAMP8/IFI35/IL10RA/IRF7/SAMHD1/ISG15/GZMA,3695/3601/51056/5696/317649/103/5142/840/5214/55008/6773/9021/5610/3659/54739/57169/84159/6772/9961/836/952/3937/10791/3383/834/94240/57162/5699/4599/10068/8651/115361/10379/5721/8869/6352/64135/8743/80830/6890/81030/10616/2841/8673/3430/3587/3665/25939/9636/3001,Switched memory B cells,HALLMARK,Monaco_fine
HALLMARK_MTORC1_SIGNALING,HALLMARK_MTORC1_SIGNALING,152,0.274530358501647,1.30179348894605,0.0598007987594686,0.22080294926573,0.184002457721442,2200,"tags=34%, list=27%, signal=26%",PPP1R15A/BTG2/DDIT3/SLC2A1/PPIA/HMGCS1/CYP51A1/INSIG1/HSP90B1/CYB5B/PSMD13/ACSL3/GOT1/PHGDH/FGL2/CACYBP/DAPP1/SKAP2/PSMD12/GGA2/TES/RAB1A/GLA/ERO1A/ELOVL5/CDKN1A/RIT1/IDI1/CORO1A/NFYC/GMPS/IDH1/GTF2H1/CCNG1/TCEA1/SRD5A1/BHLHE40/PGK1/CXCR4/GSR/ACTR3/PSMA3/ACTR2/NAMPT/UNG/GAPDH/RPA1/TPI1/UBE2D3/NUP205/PNP/HSPE1,23645/7832/1649/6513/5478/3157/1595/3638/7184/80777/5719/2181/2805/26227/10875/27101/27071/8935/5718/23062/26136/5861/2717/30001/60481/1026/6016/3422/11151/4802/8833/3417/2965/900/6917/6715/8553/5230/7852/2936/10096/5684/10097/10135/7374/2597/6117/7167/7323/23165/4860/3336,Switched memory B cells,HALLMARK,Monaco_fine
HALLMARK_INTERFERON_ALPHA_RESPONSE,HALLMARK_INTERFERON_ALPHA_RESPONSE,66,-0.295035457037061,-1.24245132948419,0.11358574610245,0.389436843779828,0.324530703149857,1941,"tags=38%, list=23%, signal=29%",GBP2/LAP3/PSMB8/PARP9/NCOA7/ADAR/HERC6/STAT2/EIF2AK2/IRF1/UBA7/TMEM140/CASP1/EPSTI1/MX1/GBP4/IRF9/PSME2/IFIH1/TAP1/IFI35/CNP/IRF7/ISG15/OAS1,2634/51056/5696/83666/135112/103/55008/6773/5610/3659/7318/55281/834/94240/4599/115361/10379/5721/64135/6890/3430/1267/3665/9636/4938,Switched memory B cells,HALLMARK,Monaco_fine
HALLMARK_UV_RESPONSE_DN,HALLMARK_UV_RESPONSE_DN,75,0.289941642948682,1.21032351154281,0.146209386281588,0.467870036101083,0.389891696750903,1799,"tags=29%, list=22%, signal=23%",MYC/DUSP1/RASA2/IGF1R/PLPP3/RUNX1/INSIG1/SYNJ2/NR1D2/DLG1/ARHGEF9/SPOP/TGFBR2/YTHDC1/ATP2B4/NIPBL/SCAF8/ANXA4/DBP/NOTCH2/NR3C1/BHLHE40,4609/1843/5922/3480/8613/861/3638/8871/9975/1739/23229/8405/7048/91746/493/25836/22828/307/1628/4853/2908/8553,Switched memory B cells,HALLMARK,Monaco_fine
HALLMARK_MYC_TARGETS_V2,HALLMARK_MYC_TARGETS_V2,43,0.322885625271618,1.19342625527864,0.196564885496183,0.535244922341697,0.446037435284747,2593,"tags=42%, list=31%, signal=29%",MYC/SUPV3L1/PPAN/NIP7/GRWD1/RRP12/NPM1/TFB2M/IMP4/DDX18/NOP56/TCOF1/UNG/HSPE1/WDR43/DUSP2/NOP16/MPHOSPH10,4609/6832/56342/51388/83743/23223/4869/64216/92856/8886/10528/6949/7374/3336/23160/1844/51491/10199,Switched memory B cells,HALLMARK,Monaco_fine
HALLMARK_PI3K_AKT_MTOR_SIGNALING,HALLMARK_PI3K_AKT_MTOR_SIGNALING,77,0.277714887286315,1.16507232814815,0.200716845878136,0.535244922341697,0.446037435284747,2219,"tags=35%, list=27%, signal=26%",DDIT3/SLC2A1/PFN1/CAB39L/PRKCB/HSP90B1/MAPKAP1/THEM4/CFL1/PRKAG1/ARF1/GRB2/DAPP1/ARPC3/CDKN1A/RIT1/PLA2G12A/RAC1/RPS6KA1/CLTC/CXCR4/ACTR3/ACTR2/RAF1/NOD1/UBE2D3/UBE2N,1649/6513/5216/81617/5579/7184/79109/117145/1072/5571/375/2885/27071/10094/1026/6016/81579/5879/6195/1213/7852/10096/10097/5894/10392/7323/7334,Switched memory B cells,HALLMARK,Monaco_fine
HALLMARK_GLYCOLYSIS,HALLMARK_GLYCOLYSIS,107,-0.245587230230343,-1.12779541235964,0.197309417040359,0.535244922341697,0.446037435284747,2174,"tags=36%, list=26%, signal=27%",DDIT4/GCLC/GFPT1/CITED2/PDK3/ALDOB/COPB2/HDLBP/PMM2/ARPP19/IDUA/PFKP/TALDO1/KDELR3/SPAG4/PRPS1/PHKA2/CYB5A/GMPPB/SDHC/GYS1/SRD5A3/CLDN3/PAM/GUSB/CHST12/EXT1/LHPP/AK3/GLRX/TPST1/EXT2/RBCK1/SDC1/B4GALT7/GOT2/GNE/PGLS,54541/2729/2673/10370/5165/229/9276/3069/5373/10776/3425/5214/6888/11015/6676/5631/5256/1528/29925/6391/2997/79644/1365/5066/2990/55501/2131/64077/50808/2745/8460/2132/10616/6382/11285/2806/10020/25796,Switched memory B cells,HALLMARK,Monaco_fine
HALLMARK_APICAL_SURFACE,HALLMARK_APICAL_SURFACE,14,0.4046804156992,1.13256414628807,0.279761904761905,0.663232769193034,0.552693974327529,2449,"tags=64%, list=30%, signal=45%",CRYBG1/FLOT2/NTNG1/ATP8B1/APP/ADAM10/NCOA6/ADIPOR2/CROCC,202/2319/22854/5205/351/102/23054/79602/9696,Switched memory B cells,HALLMARK,Monaco_fine
HALLMARK_NOTCH_SIGNALING,HALLMARK_NOTCH_SIGNALING,15,0.389451475811805,1.11781772722662,0.310276679841897,0.663232769193034,0.552693974327529,769,"tags=20%, list=9%, signal=18%",MAML2/LFNG/SKP1,84441/3955/6500,Switched memory B cells,HALLMARK,Monaco_fine
HALLMARK_CHOLESTEROL_HOMEOSTASIS,HALLMARK_CHOLESTEROL_HOMEOSTASIS,46,0.293959259487775,1.10317087099268,0.294990723562152,0.663232769193034,0.552693974327529,1036,"tags=20%, list=12%, signal=17%",PNRC1/ACTG1/HMGCS1/CYP51A1/SREBF2/CTNNB1/PLSCR1/ACAT2/LSS,10957/71/3157/1595/6721/1499/5359/39/4047,Switched memory B cells,HALLMARK,Monaco_fine
HALLMARK_ANDROGEN_RESPONSE,HALLMARK_ANDROGEN_RESPONSE,70,0.265951141477515,1.09243355053642,0.2994555353902,0.663232769193034,0.552693974327529,1116,"tags=19%, list=13%, signal=16%",CAMKK2/B2M/MYL12A/SGK1/HMGCS1/INSIG1/SLC38A2/TPD52/ACSL3/ZBTB10/SAT1/RRP12/ELOVL5,10645/567/10627/6446/3157/3638/54407/7163/2181/65986/6303/23223/60481,Switched memory B cells,HALLMARK,Monaco_fine
HALLMARK_REACTIVE_OXYGEN_SPECIES_PATHWAY,HALLMARK_REACTIVE_OXYGEN_SPECIES_PATHWAY,38,0.297852725407102,1.07047298921163,0.353383458646617,0.663232769193034,0.552693974327529,1435,"tags=24%, list=17%, signal=20%",FTL/MBP/CDKN2D/CAT/HHEX/SOD1/JUNB/GPX4/GCLM,2512/4155/1032/847/3087/6647/3726/2879/2730,Switched memory B cells,HALLMARK,Monaco_fine
HALLMARK_APICAL_JUNCTION,HALLMARK_APICAL_JUNCTION,69,0.258562630935258,1.06186651148993,0.359205776173285,0.663232769193034,0.552693974327529,727,"tags=14%, list=9%, signal=13%",RHOF/ACTB/ACTG1/SHC1/PFN1/DHX16/INSIG1/DLG1/CD99/PTPRC,54509/60/71/6464/5216/8449/3638/1739/4267/5788,Switched memory B cells,HALLMARK,Monaco_fine
HALLMARK_KRAS_SIGNALING_DN,HALLMARK_KRAS_SIGNALING_DN,33,-0.288997614630015,-1.0584922661867,0.356993736951983,0.663232769193034,0.552693974327529,1775,"tags=36%, list=21%, signal=29%",BARD1/IDUA/DTNB/CDKAL1/DCC/COQ8A/MX1/PTPRJ/ZBTB16/PLAG1/SIDT1/ASB7,580/3425/1838/54901/1630/56997/4599/5795/7704/5324/54847/140460,Switched memory B cells,HALLMARK,Monaco_fine
HALLMARK_KRAS_SIGNALING_UP,HALLMARK_KRAS_SIGNALING_UP,73,0.253808048564807,1.05646151855818,0.361209964412811,0.663232769193034,0.552693974327529,1047,"tags=21%, list=13%, signal=18%",CCSER2/CDADC1/PPP1R15A/LCP1/CAB39L/CTSS/STRN/CD37/KCNN4/DOCK2/RABGAP1L/GALNT3/ADAM8/ERO1A/YRDC,54462/81602/23645/3936/81617/1520/6801/951/3783/1794/9910/2591/101/30001/79693,Switched memory B cells,HALLMARK,Monaco_fine
HALLMARK_PEROXISOME,HALLMARK_PEROXISOME,65,-0.24678783436737,-1.03626128570834,0.373068432671082,0.663232769193034,0.552693974327529,1307,"tags=23%, list=16%, signal=20%",PEX14/ECI2/MVP/STS/PRDX1/PEX2/IDH2/TSPO/FADS1/CTBP1/ABCD3/ABCB9/ITGB1BP1/ECH1/ACOT8,5195/10455/9961/412/5052/5828/3418/706/3992/1487/5825/23457/9270/1891/10005,Switched memory B cells,HALLMARK,Monaco_fine
HALLMARK_XENOBIOTIC_METABOLISM,HALLMARK_XENOBIOTIC_METABOLISM,89,-0.229645568124454,-1.01903355835225,0.41743119266055,0.708357685563998,0.590298071303332,1240,"tags=29%, list=15%, signal=25%",ESR1/ARPP19/ABCD2/PMM1/MAN1A1/GSS/PTS/CYB5A/CSAD/NMT1/DHRS1/PSMB10/ALDH2/PDLIM5/ACO2/DCXR/CCL25/SLC46A3/ID2/TPST1/ABHD6/MTHFD1/SLC35B1/ECH1/ACOX3/COMT,2099/10776/225/5372/4121/2937/5805/1528/51380/4836/115817/5699/217/10611/50/51181/6370/283537/3398/8460/57406/4522/10237/1891/8310/1312,Switched memory B cells,HALLMARK,Monaco_fine
HALLMARK_EPITHELIAL_MESENCHYMAL_TRANSITION,HALLMARK_EPITHELIAL_MESENCHYMAL_TRANSITION,44,-0.25853891108543,-1.00461447771693,0.427966101694915,0.708357685563998,0.590298071303332,1438,"tags=27%, list=17%, signal=23%",ANPEP/CD59/AREG/COPA/ITGAV/CTHRC1/ID2/BASP1/GPX7/DST/SDC1/IL32,290/966/374/1314/3685/115908/3398/10409/2882/667/6382/9235,Switched memory B cells,HALLMARK,Monaco_fine
HALLMARK_HEME_METABOLISM,HALLMARK_HEME_METABOLISM,113,0.221140494370757,1.00252810818564,0.450087565674256,0.720140105078809,0.600116754232341,2162,"tags=31%, list=26%, signal=23%",MFHAS1/HDGF/BTG2/SLC2A1/TNRC6B/KLF3/MXI1/CAT/ISCA1/CAST/RBM5/ARL2BP/EZH1/TOP1/SLC25A37/VEZF1/LPIN2/RNF19A/TMEM9B/GCLM/LRP10/GMPS/TCEA1/SIDT2/FBXO7/NR3C1/ARHGEF12/YPEL5/CA2/RAD23A/CCDC28A/BSG/ATP6V0A1/NARF/ACP5,9258/3068/7832/6513/23112/51274/4601/847/81689/831/10181/23568/2145/7150/51312/7716/9663/25897/56674/2730/26020/8833/6917/51092/25793/2908/23365/51646/760/5886/25901/682/535/26502/54,Switched memory B cells,HALLMARK,Monaco_fine
HALLMARK_MYOGENESIS,HALLMARK_MYOGENESIS,49,0.253979849898598,0.967301706785673,0.490842490842491,0.756756756756757,0.630630630630631,1799,"tags=31%, list=22%, signal=24%",EIF4A2/ABLIM1/SSPN/MYOM1/MEF2D/TPM3/CDKN1A/APP/RIT1/SPTAN1/AGL/MYO1C/ACSL1/HDAC5/BHLHE40,1974/3983/8082/8736/4209/7170/1026/351/6016/6709/178/4641/2180/10014/8553,Switched memory B cells,HALLMARK,Monaco_fine
HALLMARK_INFLAMMATORY_RESPONSE,HALLMARK_INFLAMMATORY_RESPONSE,77,-0.221932716591492,-0.965614516372509,0.504504504504505,0.756756756756757,0.630630630630631,987,"tags=16%, list=12%, signal=14%",LCP2/ICAM1/SLAMF1/RASGRP1/CCL5/TNFSF10/RHOG/IL10RA/RNF144B/LTA/IRF7/SLC11A2,3937/3383/6504/10125/6352/8743/391/3587/255488/4049/3665/4891,Switched memory B cells,HALLMARK,Monaco_fine
HALLMARK_IL2_STAT5_SIGNALING,HALLMARK_IL2_STAT5_SIGNALING,112,-0.211141717817278,-0.972391753591283,0.540415704387991,0.767536961308588,0.639614134423823,972,"tags=17%, list=12%, signal=15%",DCPS/LRRC8C/SOCS1/ITGAV/GBP4/PHTF2/CKAP4/BMPR2/MAPKAPK2/ITGAE/TNFRSF18/MAP3K8/TNFSF10/HIPK2/TTC39B/IL10RA/UCK2/RNH1/PRKCH,28960/84230/8651/3685/115361/57157/10970/659/9261/3682/8784/1326/8743/28996/158219/3587/7371/6050/5583,Switched memory B cells,HALLMARK,Monaco_fine
HALLMARK_ESTROGEN_RESPONSE_LATE,HALLMARK_ESTROGEN_RESPONSE_LATE,78,0.225678027520062,0.952174583601743,0.54367201426025,0.767536961308588,0.639614134423823,1606,"tags=27%, list=19%, signal=22%",FOS/EGR3/CHPT1/SGK1/JAK2/RBBP8/SIAH2/ZFP36/ALDH3A2/UGDH/GLA/ELOVL5/METTL3/DYNLT3/BCL2/PTPN6/ATP2B4/PDCD4/MDK/TOB1/PERP,2353/1960/56994/6446/3717/5932/6478/7538/224/7358/2717/60481/56339/6990/596/5777/493/27250/4192/10140/64065,Switched memory B cells,HALLMARK,Monaco_fine
HALLMARK_UNFOLDED_PROTEIN_RESPONSE,HALLMARK_UNFOLDED_PROTEIN_RESPONSE,95,0.215228040162193,0.945834061483605,0.576086956521739,0.790062111801242,0.658385093167702,1940,"tags=26%, list=23%, signal=20%",RPS14/NFYA/EIF4A2/SHC1/EEF2/HSP90B1/CKS1B/KIF5B/SLC30A5/HERPUD1/LSM4/ERO1A/CEBPB/NPM1/YWHAZ/EIF4EBP1/PAIP1/NOP14/EXOSC10/CHAC1/NOP56/CNOT2/SRPRA/NFYB/ZBTB17,6208/4800/1974/6464/1938/7184/1163/3799/64924/9709/25804/30001/1051/4869/7534/1978/10605/8602/5394/79094/10528/4848/6734/4801/7709,Switched memory B cells,HALLMARK,Monaco_fine
HALLMARK_TGF_BETA_SIGNALING,HALLMARK_TGF_BETA_SIGNALING,40,-0.235605118998245,-0.894917776713434,0.625541125541126,0.834054834054834,0.695045695045695,939,"tags=18%, list=11%, signal=16%",APC/BMPR2/CDK9/ID2/HIPK2/XIAP/TRIM33,324/659/1025/3398/28996/331/51592,Switched memory B cells,HALLMARK,Monaco_fine
HALLMARK_FATTY_ACID_METABOLISM,HALLMARK_FATTY_ACID_METABOLISM,94,-0.202117331287512,-0.912754441606635,0.657142857142857,0.852509652509653,0.710424710424711,1567,"tags=36%, list=19%, signal=30%",MGLL/ACADM/APEX1/CBR1/ACAA1/CD1D/UBE2L6/GPD2/HSD17B4/PRDX6/DECR1/IDH3B/SERINC1/MCEE/GRHPR/PTS/ECI1/ACSS1/ECI2/SDHC/SUCLA2/ECHS1/AUH/ACO2/DLST/BLVRA/ACAA2/SUCLG1/HSD17B10/PPARA/UROD/ECH1/ACOT8/BCKDHB,11343/34/328/873/30/912/9246/2820/3295/9588/1666/3420/57515/84693/9380/5805/1632/84532/10455/6391/8803/1892/549/50/1743/644/10449/8802/3028/5465/7389/1891/10005/594,Switched memory B cells,HALLMARK,Monaco_fine
HALLMARK_UV_RESPONSE_UP,HALLMARK_UV_RESPONSE_UP,95,-0.199950906779563,-0.902769058872383,0.686666666666667,0.867368421052631,0.72280701754386,952,"tags=18%, list=11%, signal=16%",RAB27A/ICAM1/PPIF/MGAT1/AP2S1/PPT1/ATP6V1F/HSPA13/POLE3/PLCL1/RASGRP1/PARP2/TAP1/CNP/PDLIM3/UROD/YKT6,5873/3383/10105/4245/1175/5538/9296/6782/54107/5334/10125/10038/6890/1267/27295/7389/10652,Switched memory B cells,HALLMARK,Monaco_fine
HALLMARK_HEDGEHOG_SIGNALING,HALLMARK_HEDGEHOG_SIGNALING,10,0.311249429569711,0.790909023453779,0.715705765407555,0.88086863434776,0.7340571952898,2604,"tags=50%, list=31%, signal=34%",DPYSL2/TLE3/CDK6/TLE1/LDB1,1808/7090/1021/7088/8861,Switched memory B cells,HALLMARK,Monaco_fine
HALLMARK_MITOTIC_SPINDLE,HALLMARK_MITOTIC_SPINDLE,131,0.188970618258794,0.87159873075614,0.766550522648084,0.917739416705356,0.764782847254463,866,"tags=13%, list=10%, signal=12%",RASA2/RHOF/TUBGCP5/RAB3GAP1/KATNA1/AKAP13/DLG1/RALBP1/LMNB1/ABR/TUBGCP3/DOCK2/KIF5B/TRIO/ARHGEF7/ARL8A/DYNLL2,5922/54509/114791/22930/11104/11214/1739/10928/4001/29/10426/1794/3799/7204/8874/127829/140735,Switched memory B cells,HALLMARK,Monaco_fine
HALLMARK_APOPTOSIS,HALLMARK_APOPTOSIS,101,0.185922366117685,0.823324804878308,0.822141560798548,0.917739416705356,0.764782847254463,2586,"tags=38%, list=31%, signal=26%",EGR3/BTG2/DDIT3/DNAJA1/TNF/JUN/RHOB/CTNNB1/TXNIP/SOD1/SAT1/CD69/CASP9/GPX4/CDKN1A/APP/MCL1/PDCD4/SPTAN1/FAS/KRT18/IER3/HMGB2/GSR/CASP4/CASP6/GADD45A/BIK/BMF/BTG3/CFLAR/SQSTM1/DAP3/PMAIP1/SC5D/WEE1/RELA/PAK1,1960/7832/1649/3301/7124/3725/388/1499/10628/6647/6303/969/842/2879/1026/351/4170/27250/6709/355/3875/8870/3148/2936/837/839/1647/638/90427/10950/8837/8878/7818/5366/6309/7465/5970/5058,Switched memory B cells,HALLMARK,Monaco_fine
HALLMARK_SPERMATOGENESIS,HALLMARK_SPERMATOGENESIS,43,0.21544749182461,0.796321276802348,0.803435114503817,0.917739416705356,0.764782847254463,1325,"tags=21%, list=16%, signal=18%",PGS1/SIRT1/CLVS1/TOPBP1/MAST2/TSN/ARL4A/CHFR/SLC12A2,9489/23411/157807/11073/23139/7247/10124/55743/6558,Switched memory B cells,HALLMARK,Monaco_fine
HALLMARK_WNT_BETA_CATENIN_SIGNALING,HALLMARK_WNT_BETA_CATENIN_SIGNALING,21,0.250665760024084,0.777678734328522,0.80439121756487,0.917739416705356,0.764782847254463,642,"tags=14%, list=8%, signal=13%",MYC/HDAC2/CTNNB1,4609/3066/1499,Switched memory B cells,HALLMARK,Monaco_fine
HALLMARK_DNA_REPAIR,HALLMARK_DNA_REPAIR,119,-0.178252380102503,-0.828751496271329,0.882488479262673,0.92374928119609,0.769791067663408,1395,"tags=18%, list=17%, signal=16%",LIG1/RRM2B/SUPT4H1/POLR2K/ADRM1/VPS37B/SSRP1/ALYREF/ELL/TAF12/SURF1/MRPL40/AK3/POLD3/ITPA/TMED2/NME4/AGO4/NME1/POLA1/SNAPC5/XPC,3978/50484/6827/5440/11047/79720/6749/10189/8178/6883/6834/64976/50808/10714/3704/10959/4833/192670/4830/5422/10302/7508,Switched memory B cells,HALLMARK,Monaco_fine
HALLMARK_COMPLEMENT,HALLMARK_COMPLEMENT,108,-0.178947761263795,-0.825264089977887,0.854586129753915,0.92374928119609,0.769791067663408,1967,"tags=28%, list=24%, signal=21%",LCK/PRKCD/CR1/LAP3/DYRK2/TIMP1/CASP7/LTA4H/APOBEC3G/IRF1/CTSB/CD59/CASP3/FYN/APOA4/CTSD/LCP2/CASP1/CR2/BRPF3/XPNPEP1/RASGRP1/EHD1/GNB2/CCL5/CPQ/RHOG/IRF7/GZMA/L3MBTL4,3932/5580/1378/51056/8445/7076/840/4048/60489/3659/1508/966/836/2534/337/1509/3937/834/1380/27154/7511/10125/10938/2783/6352/10404/391/3665/3001/91133,Switched memory B cells,HALLMARK,Monaco_fine
HALLMARK_PROTEIN_SECRETION,HALLMARK_PROTEIN_SECRETION,88,0.180214375894348,0.775348950338933,0.904504504504505,0.92374928119609,0.769791067663408,1699,"tags=23%, list=20%, signal=18%",STX12/TPD52/COPB1/SSPN/GNAS/ARF1/RAB22A/SOD1/RAB14/ZW10/GLA/VPS45/GOLGA4/AP3B1/NAPA/ARCN1/VAMP4/ATP1A1/ADAM10/KRT18,23673/7163/1315/8082/2778/375/57403/6647/51552/9183/2717/11311/2803/8546/8775/372/8674/476/102/3875,Switched memory B cells,HALLMARK,Monaco_fine
HALLMARK_IL6_JAK_STAT3_SIGNALING,HALLMARK_IL6_JAK_STAT3_SIGNALING,43,0.203210653779006,0.751092370148695,0.887404580152672,0.92374928119609,0.769791067663408,1524,"tags=23%, list=18%, signal=19%",IFNAR1/TNF/PIM1/JUN/GRB2/IL7/PIK3R5/ITGA4/IFNGR2/FAS,3454/7124/5292/3725/2885/3574/23533/3676/3460/355,Switched memory B cells,HALLMARK,Monaco_fine
HALLMARK_BILE_ACID_METABOLISM,HALLMARK_BILE_ACID_METABOLISM,44,0.189954009141112,0.706879826583967,0.930188679245283,0.930188679245283,0.775157232704403,1931,"tags=30%, list=23%, signal=23%",NPC1/CAT/PEX7/SOD1/PNPLA8/GNPAT/IDI1/GCLM/IDH1/HSD17B11/ACSL1/MLYCD/ACSL5,4864/847/5191/6647/50640/8443/3422/2730/3417/51170/2180/23417/51703,Switched memory B cells,HALLMARK,Monaco_fine
HALLMARK_E2F_TARGETS,HALLMARK_E2F_TARGETS,119,-0.460953438216426,-2.19218304970831,5.00610256783051e-08,2.45299025823695e-06,1.42278704559394e-06,1517,"tags=43%, list=21%, signal=34%",BRCA2/WEE1/SLBP/RFC1/POLD3/CNOT9/TACC3/BRMS1L/DNMT1/NUDT21/DUT/RANBP1/RPA1/CENPM/SRSF2/SNRPB/ANP32E/CTCF/HMGA1/MCM7/SMC4/USP1/UBE2S/IPO7/NAA38/TUBB/HNRNPD/PCNA/RBBP7/ILF3/CKS2/PRPS1/RAN/RFC3/STMN1/MCM3/LMNB1/SSRP1/ATAD2/LBR/PTTG1/JPT1/RPA3/KPNA2/HMGB2/MMS22L/SMC6/DCK/PA2G4/CDKN2A/HELLS,675/7465/7884/5981/10714/9125/10460/84312/1786/11051/1854/5902/6117/79019/6427/6628/81611/10664/3159/4176/10051/7398/27338/10527/84316/203068/3184/5111/5931/3609/1164/5631/5901/5983/3925/4172/4001/6749/29028/3930/9232/51155/6119/3838/3148/253714/79677/1633/5036/1029/3070,T regulatory cells,HALLMARK,Monaco_fine
HALLMARK_ALLOGRAFT_REJECTION,HALLMARK_ALLOGRAFT_REJECTION,117,-0.452095588307131,-2.14008727976284,1.73928812095367e-07,4.2612558963365e-06,2.47161996135522e-06,1083,"tags=37%, list=15%, signal=32%",CD4/CD79A/CD3G/GZMA/HLA-A/SIT1/EIF4G3/IL2RG/ZAP70/RIPK2/GALNT1/UBE2D1/CXCL13/IRF4/IL7/AKT1/HCLS1/PRF1/CD74/GCNT1/TAP2/CD3D/IL2RA/CTSS/EIF5A/CCR5/GBP2/PSMB10/GZMB/CD2/CD7/CSF1/BCL3/CCL5/STAT1/UBE2N/IL10/CXCR3/LTB/LCK/CDKN2A/IL2RB/CSK,920/973/917/3001/3105/27240/8672/3561/7535/8767/2589/7321/10563/3662/3574/207/3059/5551/972/2650/6891/915/3559/1520/1984/1234/2634/5699/3002/914/924/1435/602/6352/6772/7334/3586/2833/4050/3932/1029/3560/1445,T regulatory cells,HALLMARK,Monaco_fine
HALLMARK_INTERFERON_GAMMA_RESPONSE,HALLMARK_INTERFERON_GAMMA_RESPONSE,128,-0.425533205012986,-2.06915308541031,4.80059001234512e-07,7.84096368683036e-06,4.54792738011643e-06,1665,"tags=45%, list=23%, signal=35%",VAMP5/PTPN6/PSMB8/PTPN1/CD69/RAPGEF6/PARP12/TAP1/STAT2/SOCS3/NFKBIA/LY6E/NFKB1/PSME2/PSMA3/SPPL2A/GZMA/PDE4B/VAMP8/HLA-A/RIPK2/EPSTI1/EIF2AK2/IRF4/IL7/UPP1/SP110/EIF4E3/PSMB9/CD74/CASP1/IL10RA/PELI1/IRF2/ADAR/IRF1/PIM1/TNFAIP3/NAMPT/XAF1/PARP14/ISG15/PSMA2/PTPN2/PSMB10/DDX60/CCL5/HERC6/STAT1/SAMHD1/GBP4/ZBP1/ARID5B/ST3GAL5/RNF213/IL2RB/MX1/CASP8,10791/5777/5696/5770/969/51735/64761/6890/6773/9021/4792/4061/4790/5721/5684/84888/3001/5142/8673/3105/8767/94240/5610/3662/3574/7378/3431/317649/5698/972/834/3587/57162/3660/103/3659/5292/7128/10135/54739/54625/9636/5683/5771/5699/55601/6352/55008/6772/25939/115361/81030/84159/8869/57674/3560/4599/841,T regulatory cells,HALLMARK,Monaco_fine
HALLMARK_OXIDATIVE_PHOSPHORYLATION,HALLMARK_OXIDATIVE_PHOSPHORYLATION,180,-0.366148494395758,-1.8450759544454,2.97096800374364e-06,3.63943580458595e-05,2.11095095002837e-05,1700,"tags=39%, list=24%, signal=31%",NDUFB5/SLC25A5/ACAA2/COX6B1/NDUFS3/ECHS1/ATP1B1/ATP5MF/SDHD/ATP6V1C1/NDUFA6/MDH2/GLUD1/SLC25A20/MRPL11/NDUFA1/ATP5PD/NDUFA9/TIMM8B/ETFB/ATP6V1E1/COX5B/MRPL34/ALAS1/SUCLG1/HSD17B10/VDAC1/TCIRG1/LDHB/SLC25A12/UQCRQ/NDUFB3/COX8A/COX17/ETFA/NDUFB8/OPA1/MDH1/SLC25A11/CYCS/ATP5F1A/COX7B/NDUFAB1/LDHA/NDUFA5/NDUFB7/ATP6V0E1/ATP5MC3/UQCRFS1/NDUFB1/COX5A/NDUFA8/NDUFS7/COX6C/ATP5PF/NDUFS6/BAX/ATP5PB/NDUFB2/HSPA9/OXA1L/MRPS15/UQCR10/COX7A2/NDUFC2/ATP5F1B/SLC25A3/VDAC3/ATP5F1C/NDUFA7/IDH3A,4711/292/10449/1340/4722/1892/481/9551/6392/528/4700/4191/2746/788/65003/4694/10476/4704/26521/2109/529/1329/64981/211/8802/3028/7416/10312/3945/8604/27089/4709/1351/10063/2108/4714/4976/4190/8402/54205/498/1349/4706/3939/4698/4713/8992/518/7386/4707/9377/4702/374291/1345/522/4726/581/515/4708/3313/5018/64960/29796/1347/4718/506/5250/7419/509/4701/3419,T regulatory cells,HALLMARK,Monaco_fine
HALLMARK_MYC_TARGETS_V1,HALLMARK_MYC_TARGETS_V1,174,-0.345974870459883,-1.74279250404692,4.45695168499286e-05,0.0004367812651293,0.000253342516831173,1844,"tags=41%, list=26%, signal=31%",BUB3/SRSF1/RAD23B/UBE2L3/HNRNPA2B1/PSMA6/NOLC1/SSBP1/TRA2B/RRM1/TUFM/STARD7/DDX21/HSP90AB1/SRPK1/C1QBP/SMARCC1/CCT7/PSMC6/PTGES3/NPM1/HDAC2/PSMA1/PCBP1/HNRNPR/HNRNPC/PSMD8/DDX18/DUT/PPIA/RANBP1/VDAC1/HDDC2/SRSF2/GNL3/ERH/ODC1/LSM7/PGK1/APEX1/SNRPD1/MCM7/USP1/SERBP1/NDUFAB1/LDHA/HNRNPD/PCNA/PSMC4/EIF4A1/PSMA7/HNRNPU/COX5A/RAN/PSMB3/HSPD1/SNRPA1/SET/PSMA2/PSMD1/SNRPG/LSM2/HPRT1/PSMD7/KPNA2/SLC25A3/PSMA4/PSMD14/VDAC3/HNRNPA3/PA2G4,9184/6426/5887/7332/3181/5687/9221/6742/6434/6240/7284/56910/9188/3326/6732/708/6599/10574/5706/10728/4869/3066/5682/5093/10236/3183/5714/8886/1854/5478/5902/7416/51020/6427/26354/2079/4953/51690/5230/328/6632/4176/7398/26135/4706/3939/3184/5111/5704/1973/5688/3192/9377/5901/5691/3329/6627/6418/5683/5707/6637/57819/3251/5713/3838/5250/5685/10213/7419/220988/5036,T regulatory cells,HALLMARK,Monaco_fine
HALLMARK_INTERFERON_ALPHA_RESPONSE,HALLMARK_INTERFERON_ALPHA_RESPONSE,66,-0.430807999420319,-1.81894736460565,0.00032924566973191,0.00268883963614393,0.00155958475136168,1496,"tags=44%, list=21%, signal=35%",PARP12/TAP1/STAT2/LY6E/PSME2/PSMA3/PARP9/RIPK2/EPSTI1/EIF2AK2/IL7/SP110/PSMB9/CD74/CASP1/SAMD9/IRF2/ADAR/IRF1/PARP14/TMEM140/ISG15/GBP2/DDX60/CSF1/HERC6/GBP4/MX1/CASP8,64761/6890/6773/4061/5721/5684/83666/8767/94240/5610/3574/3431/5698/972/834/54809/3660/103/3659/54625/55281/9636/2634/55601/1435/55008/115361/4599/841,T regulatory cells,HALLMARK,Monaco_fine
HALLMARK_UV_RESPONSE_DN,HALLMARK_UV_RESPONSE_DN,76,0.437158137497076,1.77335643321847,0.000702034364005705,0.00491424054803994,0.00285036508694046,1884,"tags=43%, list=26%, signal=32%",NRP1/AKT3/ACVR2A/CAV1/CDK13/ICA1/SMAD3/ATXN1/PRKCA/DUSP1/ADD3/TOGARAM1/DYRK1A/ABCC1/NIPBL/ATP2B1/BHLHE40/MAPK14/SLC7A1/PTPRM/PEX14/NEK7/MAP2K5/PDLIM5/PHF3/IGF1R/SRI/TENT4A/NR3C1/SPOP/ZMIZ1/BMPR1A/TGFBR3,8829/10000/92/857/8621/3382/4088/6310/5578/1843/120/23116/1859/4363/25836/490/8553/1432/6541/5797/5195/140609/5607/10611/23469/3480/6717/11044/2908/8405/57178/657/7049,T regulatory cells,HALLMARK,Monaco_fine
HALLMARK_HEDGEHOG_SIGNALING,HALLMARK_HEDGEHOG_SIGNALING,10,0.767541428493944,1.92985205015972,0.00162400065893989,0.00994700403600685,0.0057694760251812,486,"tags=50%, list=7%, signal=47%",NRP1/RASA1/NRP2/ADGRG1/NF1,8829/5921/8828/9289/4763,T regulatory cells,HALLMARK,Monaco_fine
HALLMARK_DNA_REPAIR,HALLMARK_DNA_REPAIR,107,-0.340852610694314,-1.5921705625682,0.00267238882853185,0.0133937402455492,0.00776865707045818,2266,"tags=52%, list=32%, signal=36%",SDCBP/NCBP2/TP53/TSG101/ALYREF/POLL/NME3/DDB2/POLR2A/ERCC4/BCAP31/ARL6IP1/SRSF6/GTF2A2/TMED2/PRIM1/LIG1/GMPR2/RPA2/ADRM1/NT5C/POLR2E/DAD1/CSTF3/POLR2D/POLD3/POLR2H/MPC2/NUDT21/POLB/DUT/TAF9/PDE4B/DDB1/POLR2J/COX17/TAF12/POLR2I/RBX1/REV3L/HCLS1/USP11/MPG/PCNA/AGO4/DGUOK/POLA1/RFC3/GTF2H1/SSRP1/HPRT1/SUPT4H1/UMPS/RPA3/GUK1/VPS37B,6386/22916/7157/7251/10189/27343/4832/1643/5430/2072/10134/23204/6431/2958/10959/5557/3978/51292/6118/11047/30833/5434/1603/1479/5433/10714/5437/25874/11051/5423/1854/6880/5142/1642/5439/10063/6883/5438/9978/5980/3059/8237/4350/5111/192670/1716/5422/5983/2965/6749/3251/6827/7372/6119/2987/79720,T regulatory cells,HALLMARK,Monaco_fine
HALLMARK_TNFA_SIGNALING_VIA_NFKB,HALLMARK_TNFA_SIGNALING_VIA_NFKB,117,-0.331571725860534,-1.56956283404623,0.00289099988662629,0.0133937402455492,0.00776865707045818,1713,"tags=42%, list=24%, signal=32%",GADD45B/JUNB/TIPARP/NFE2L2/BCL6/CD69/TAP1/ATF3/TRAF1/SOCS3/CCL4/NFKBIA/IER2/B4GALT5/KDM6B/NFKB1/CCL20/NR4A3/PDE4B/MAP3K8/AREG/BTG3/STAT5A/GADD45A/TANK/RIPK2/RELB/REL/EHD1/B4GALT1/BTG2/CFLAR/MAP2K3/IRF1/TNFAIP3/NAMPT/BIRC3/DUSP2/DUSP5/TNFRSF9/CSF1/DNAJB4/BCL3/FOSL2/CCL5/TNIP2/NINJ1/ZFP36/SAT1,4616/3726/25976/4780/604/969/6890/467/7185/9021/6351/4792/9592/9334/23135/4790/6364/8013/5142/1326/374/10950/6776/1647/10010/8767/5971/5966/10938/2683/7832/8837/5606/3659/7128/10135/330/1844/1847/3604/1435/11080/602/2355/6352/79155/4814/7538/6303,T regulatory cells,HALLMARK,Monaco_fine
HALLMARK_MTORC1_SIGNALING,HALLMARK_MTORC1_SIGNALING,137,-0.320270921250049,-1.56288653265381,0.00300675801430696,0.0133937402455492,0.00776865707045818,1489,"tags=33%, list=21%, signal=26%",DAPP1/HSPA5/PSMC6/SKAP2/PSMD13/XBP1/PNO1/GLA/EBP/PSMA3/UCHL5/CCNG1/LTA4H/PPIA/RPA1/TPI1/GSK3B/HMGCS1/CALR/PGK1/IDI1/SLC6A6/LDHA/GLRX/BTG2/PSMC4/RPN1/ACTR3/MAP2K3/ENO1/HSPD1/ACTR2/ADIPOR2/NAMPT/GTF2H1/CORO1A/HPRT1/CTSC/HSPA9/GSR/DHFR/PSMA4/PSMD14/PPA1/ARPC5L,27071/3309/5706/8935/5719/7494/56902/2717/10682/5684/51377/900/4048/5478/6117/7167/2932/3157/811/5230/3422/6533/3939/2745/7832/5704/6184/10096/5606/2023/3329/10097/79602/10135/2965/11151/3251/1075/3313/2936/1719/5685/10213/5464/81873,T regulatory cells,HALLMARK,Monaco_fine
HALLMARK_PEROXISOME,HALLMARK_PEROXISOME,60,0.42431638686043,1.65675954343354,0.00457189028334603,0.0179520922356102,0.0104125991484742,2382,"tags=52%, list=33%, signal=35%",ESR2/DHRS3/SLC23A2/EPHX2/ATXN1/ACSL1/IDH1/HSD17B11/DHCR24/FADS1/GNPAT/PEX13/CNBP/ERCC3/BCL10/PEX14/ERCC1/CADM1/SOD1/RDH11/ACOX1/CTPS1/ACSL4/ISOC1/TSPO/CTBP1/SOD2/PABPC1/MVP/CAT/MLYCD,2100/9249/9962/2053/6310/2180/3417/51170/1718/3992/8443/5194/7555/2071/8915/5195/2067/23705/6647/51109/51/1503/2182/51015/706/1487/6648/26986/9961/847/23417,T regulatory cells,HALLMARK,Monaco_fine
HALLMARK_IL2_STAT5_SIGNALING,HALLMARK_IL2_STAT5_SIGNALING,112,-0.31988306627452,-1.50796314871479,0.00476279998087618,0.0179520922356102,0.0104125991484742,1028,"tags=31%, list=14%, signal=27%",RNH1/ITGA6/XBP1/PLAGL1/TNFRSF18/MAP3K8/PLPP1/ODC1/CTSZ/GABARAPL1/NFKBIZ/IRF4/CISH/BATF/IL10RA/IL2RA/PIM1/RHOH/CTLA4/GALM/UMPS/TNFRSF9/TNFRSF1B/CSF1/ADAM19/DCPS/ICOS/BCL2L1/IL10/GBP4/FLT3LG/CST7/LTB/IL2RB/IL1R2,6050/3655/7494/5325/8784/1326/8611/4953/1522/23710/64332/3662/1154/10538/3587/3559/5292/399/1493/130589/7372/3604/7133/1435/8728/28960/29851/598/3586/115361/2323/8530/4050/3560/7850,T regulatory cells,HALLMARK,Monaco_fine
HALLMARK_IL6_JAK_STAT3_SIGNALING,HALLMARK_IL6_JAK_STAT3_SIGNALING,46,-0.423633013751799,-1.67807764639052,0.00604362558293717,0.0211526895402801,0.012269014341301,1028,"tags=43%, list=14%, signal=37%",TGFB1/PTPN1/IFNAR1/STAT2/SOCS3/MAP3K8/IL2RG/CXCL13/TYK2/IL7/IL2RA/IRF1/PIM1/PTPN2/TNFRSF1B/CSF1/STAT1/IL1R1/LTB/IL1R2,7040/5770/3454/6773/9021/1326/3561/10563/7297/3574/3559/3659/5292/5771/7133/1435/6772/3554/4050/7850,T regulatory cells,HALLMARK,Monaco_fine
HALLMARK_ESTROGEN_RESPONSE_EARLY,HALLMARK_ESTROGEN_RESPONSE_EARLY,72,0.392231589897506,1.58032073367295,0.0115724665793268,0.037803390825801,0.0219267787818824,1933,"tags=43%, list=27%, signal=32%",DHRS3/NADSYN1/NRIP1/GAB2/TOB1/MED13L/MYB/ADD3/SLC1A1/CD44/TMEM164/SNX24/LRIG1/BHLHE40/BCL2/IL6ST/IGFBP4/ABHD2/INPP5F/SLC39A6/ENDOD1/PLAAT3/NAV2/IGF1R/DYNLT3/ABAT/RETREG1/TIAM1/RRP12/FKBP5/FOS,9249/55191/8204/9846/10140/23389/4602/120/6505/960/84187/28966/26018/8553/596/3572/3487/11057/22876/25800/23052/11145/89797/3480/6990/18/54463/7074/23223/2289/2353,T regulatory cells,HALLMARK,Monaco_fine
HALLMARK_INFLAMMATORY_RESPONSE,HALLMARK_INFLAMMATORY_RESPONSE,75,-0.340267530755454,-1.46602191981549,0.0161957719154527,0.049599551491074,0.0287688053761331,1326,"tags=32%, list=19%, signal=26%",NFKBIA/LY6E/RGS1/NFKB1/CCL20/PDE4B/RIPK2/RHOG/EMP3/EIF2AK2/BTG2/IL10RA/IRF1/LTA/NAMPT/TNFRSF9/TNFRSF1B/CSF1/CCL5/IL10/CXCR6/IL1R1/LCK/IL2RB,4792/4061/5996/4790/6364/5142/8767/391/2014/5610/7832/3587/3659/4049/10135/3604/7133/1435/6352/3586/10663/3554/3932/3560,T regulatory cells,HALLMARK,Monaco_fine
HALLMARK_APOPTOSIS,HALLMARK_APOPTOSIS,96,-0.296470055703901,-1.35682409380584,0.0182481725915051,0.0525976739402207,0.0305077808031355,1786,"tags=34%, list=25%, signal=26%",CREBBP/TIMP1/GADD45B/CCND2/NEDD9/CD69/WEE1/TAP1/ATF3/PMAIP1/EBP/ANKH/ROCK1/BTG3/GADD45A/BID/BCL2L11/PRF1/CYLD/BTG2/CASP1/DFFA/CFLAR/IRF1/BIRC3/BAX/CD2/GSR/HMGB2/BCL2L1/SAT1/CASP2/CASP8,1387/7076/4616/894/4739/969/7465/6890/467/5366/10682/56172/6093/10950/1647/637/10018/5551/1540/7832/834/1676/8837/3659/330/581/914/2936/3148/598/6303/835/841,T regulatory cells,HALLMARK,Monaco_fine
HALLMARK_ADIPOGENESIS,HALLMARK_ADIPOGENESIS,112,-0.281913838981787,-1.32897213112375,0.030639982524988,0.0834088413180229,0.0483789197762969,2033,"tags=45%, list=29%, signal=32%",ATP5PO/SLC66A3/RTN3/MAP4K3/MTCH2/ELMOD3/SDHB/AGPAT3/PLIN2/ACAA2/BCL6/NDUFS3/ECHS1/BAZ2A/LPCAT3/ATP1B3/MDH2/GPD2/REEP5/ETFB/UCP2/TKT/SUCLG1/PTCD3/STAT5A/GADD45A/CHCHD10/UQCRQ/DNAJB9/TANK/COX8A/HADH/COX7B/NDUFAB1/NDUFA5/STOM/NDUFB7/UBC/SCP2/DHRS7B/ADIPOR2/PIM3/DNAJC15/GPAT4/BCL2L13/UQCR10/G3BP2/GHITM/IDH3A/RIOK3,539/130814/10313/8491/23788/84173/6390/56894/123/10449/604/4722/1892/11176/10162/483/4191/2820/7905/2109/7351/7086/8802/55037/6776/1647/400916/27089/4189/10010/1351/3033/1349/4706/4698/2040/4713/7316/6342/25979/79602/415116/29103/137964/23786/29796/9908/27069/3419/8780,T regulatory cells,HALLMARK,Monaco_fine
HALLMARK_HYPOXIA,HALLMARK_HYPOXIA,93,0.328835296820246,1.37893793844351,0.0336943296171096,0.0868959026967564,0.0504014902859812,1034,"tags=23%, list=15%, signal=20%",RBPJ/GCNT2/CAV1/KLF7/PFKP/PAM/GBE1/FOXO3/MXI1/PRKCA/PFKFB3/DUSP1/KDM3A/AMPD3/BHLHE40/PNRC1/KLHL24/BCL2/FAM162A/JMJD6/CASP6,3516/2651/857/8609/5214/5066/2632/2309/4601/5578/5209/1843/55818/272/8553/10957/54800/596/26355/23210/839,T regulatory cells,HALLMARK,Monaco_fine
HALLMARK_COAGULATION,HALLMARK_COAGULATION,22,0.482942685799251,1.49723917094489,0.0443349753694581,0.103448275862069,0.0600022223045298,1554,"tags=45%, list=22%, signal=36%",KLF7/SIRT2/ARF4/DUSP6/RABIF/APOA1/PREP/APOC3/CPQ/GNB2,8609/22933/378/1848/5877/335/5550/345/10404/2783,T regulatory cells,HALLMARK,Monaco_fine
HALLMARK_MYOGENESIS,HALLMARK_MYOGENESIS,37,0.408901160984832,1.43166122728718,0.0438311688311688,0.103448275862069,0.0600022223045298,1551,"tags=38%, list=22%, signal=30%",SIRT2/AKT2/ACSL1/ITGB1/PDE4DIP/EIF4A2/BHLHE40/APP/TSC2/PKIA/RB1/NAV2/MYL6B/MYH9,22933/208/2180/3688/9659/1974/8553/351/7249/5569/5925/89797/140465/4627,T regulatory cells,HALLMARK,Monaco_fine
HALLMARK_G2M_CHECKPOINT,HALLMARK_G2M_CHECKPOINT,112,-0.272007601710019,-1.28227306411084,0.0479921830807764,0.106891680498093,0.0619994709655963,1855,"tags=39%, list=26%, signal=30%",E2F4/BUB3/NSD2/SRSF1/RAD23B/NASP/NOLC1/MT2A/SFPQ/NOTCH2/TRA2B/CENPF/RPA2/TGFB1/YTHDC1/AMD1/SMARCC1/BRCA2/TACC3/SRSF2/ODC1/CTCF/HMGA1/SNRPD1/SMC4/UBE2S/RPS6KA5/KIF20B/HMGN2/HNRNPD/ILF3/HNRNPU/CKS2/E2F3/NUP98/STMN1/MCM3/LMNB1/LBR/PTTG1/JPT1/KPNA2/TOP1/BCL3,1874/9184/7468/6426/5887/4678/9221/4502/6421/4853/6434/1063/6118/7040/91746/262/6599/675/10460/6427/4953/10664/3159/6632/10051/27338/9252/9585/3151/3184/3609/3192/1164/1871/4928/3925/4172/4001/3930/9232/51155/3838/7150/602,T regulatory cells,HALLMARK,Monaco_fine
HALLMARK_WNT_BETA_CATENIN_SIGNALING,HALLMARK_WNT_BETA_CATENIN_SIGNALING,15,0.50402879209291,1.42391927862663,0.0767946577629382,0.163606010016695,0.0948950004393287,248,"tags=13%, list=3%, signal=13%",RBPJ/CUL1,3516/8454,T regulatory cells,HALLMARK,Monaco_fine
HALLMARK_ANDROGEN_RESPONSE,HALLMARK_ANDROGEN_RESPONSE,67,-0.299098451568749,-1.27097226631626,0.107734806629834,0.211160220994475,0.12247746437918,1093,"tags=25%, list=15%, signal=22%",ANKH/MYL12A/PLPP1/HMGCS1/DNAJB9/IDI1/B4GALT1/RAB4A/ELK4/AKT1/HPGD/MAF/GSR/STK39/ARID5B/SAT1/PA2G4,56172/10627/8611/3157/4189/3422/2683/5867/2005/207/3248/4094/2936/27347/84159/6303/5036,T regulatory cells,HALLMARK,Monaco_fine
HALLMARK_COMPLEMENT,HALLMARK_COMPLEMENT,94,-0.267691637743688,-1.21927490768954,0.106442577030812,0.211160220994475,0.12247746437918,1154,"tags=27%, list=16%, signal=23%",LTA4H/STX4/LIPA/GZMA/RHOG/EHD1/PRDM4/RNF4/GNAI2/PSMB9/ATOX1/CASP1/IRF2/CTSS/IRF1/PIM1/TNFAIP3/DUSP5/GZMB/CTSC/APOBEC3G/CCL5/LCK/PFN1/GZMK,4048/6810/3988/3001/391/10938/11108/6047/2771/5698/475/834/3660/1520/3659/5292/7128/1847/3002/1075/60489/6352/3932/5216/3003,T regulatory cells,HALLMARK,Monaco_fine
HALLMARK_PI3K_AKT_MTOR_SIGNALING,HALLMARK_PI3K_AKT_MTOR_SIGNALING,76,-0.277370416478822,-1.20232123512016,0.131805157593123,0.248402027771655,0.144078512348758,1674,"tags=30%, list=23%, signal=23%",CSNK2B/ARHGDIA/PLCG1/IRAK4/RALB/DAPP1/STAT2/PTEN/CFL1/MAPK9/GSK3B/CALR/IL2RG/AKT1/PRKAR2A/ACTR3/MAP2K3/ACTR2/PPP1CA/UBE2N/LCK/PFN1/ARPC3,1460/396/5335/51135/5899/27071/6773/5728/1072/5601/2932/811/3561/207/5576/10096/5606/10097/5499/7334/3932/5216/10094,T regulatory cells,HALLMARK,Monaco_fine
HALLMARK_KRAS_SIGNALING_DN,HALLMARK_KRAS_SIGNALING_DN,27,-0.361596153592289,-1.25309524824775,0.175438596491228,0.307017543859649,0.178076770874555,1137,"tags=30%, list=16%, signal=25%",CPEB3/MFSD6/SIDT1/BTG2/LFNG/TENT5C/CCR8/MX1,22849/54842/54847/7832/3955/54855/1237/4599,T regulatory cells,HALLMARK,Monaco_fine
HALLMARK_BILE_ACID_METABOLISM,HALLMARK_BILE_ACID_METABOLISM,41,0.340709212844201,1.22511126463734,0.171749598715891,0.307017543859649,0.178076770874555,1070,"tags=32%, list=15%, signal=27%",SLC23A2/EPHX2/ATXN1/ACSL1/IDH1/HSD17B11/DHCR24/FADS1/GNPAT/PEX13/NR3C2/PEX26/APOA1,9962/2053/6310/2180/3417/51170/1718/3992/8443/5194/4306/55670/335,T regulatory cells,HALLMARK,Monaco_fine
HALLMARK_NOTCH_SIGNALING,HALLMARK_NOTCH_SIGNALING,11,0.467396354821059,1.21684438459224,0.23327615780446,0.394156266635122,0.22861910202252,367,"tags=27%, list=5%, signal=26%",MAML2/CUL1/PRKCA,84441/8454/5578,T regulatory cells,HALLMARK,Monaco_fine
HALLMARK_UV_RESPONSE_UP,HALLMARK_UV_RESPONSE_UP,76,-0.252684758594867,-1.09531598541266,0.28080229226361,0.458643744030564,0.266023224249736,1730,"tags=38%, list=24%, signal=29%",AP2S1/TMBIM6/JUNB/STIP1/SIGMAR1/AMD1/DDX21/TAP1/ATP6V1C1/ATF3/NFKBIA/POLR2H/ALAS1/PLCL1/BTG3/BID/BCL2L11/BTG2/SELENOW/RPN1/HLA-F/HNRNPU/NUP58/IRF1/AQP3/HSPA13/MARK2/CLTB/ARRB2,1175/7009/3726/10963/10280/262/9188/6890/528/467/4792/5437/211/5334/10950/637/10018/7832/6415/6184/3134/3192/9818/3659/360/6782/2011/1212/409,T regulatory cells,HALLMARK,Monaco_fine
HALLMARK_SPERMATOGENESIS,HALLMARK_SPERMATOGENESIS,36,-0.294057096498584,-1.09554891544087,0.313924050632911,0.49620253164557,0.287808127914724,1025,"tags=25%, list=14%, signal=22%",TOPBP1/BRAF/TLE4/TSN/PRKAR2A/GFI1/IL12RB2/LPIN1/VDAC3,11073/673/7091/7247/5576/2672/3595/23175/7419,T regulatory cells,HALLMARK,Monaco_fine
HALLMARK_PANCREAS_BETA_CELLS,HALLMARK_PANCREAS_BETA_CELLS,10,0.435250974199926,1.0943643609465,0.345549738219895,0.513089005235602,0.297602645356848,823,"tags=30%, list=12%, signal=27%",AKT3/PAK3/SEC11A,10000/5063/23478,T regulatory cells,HALLMARK,Monaco_fine
HALLMARK_APICAL_SURFACE,HALLMARK_APICAL_SURFACE,14,-0.378339125394224,-1.0907375241959,0.344059405940594,0.513089005235602,0.297602645356848,1358,"tags=36%, list=19%, signal=29%",FLOT2/IL2RG/B4GALT1/ADIPOR2/IL2RB,2319/3561/2683/79602/3560,T regulatory cells,HALLMARK,Monaco_fine
HALLMARK_APICAL_JUNCTION,HALLMARK_APICAL_JUNCTION,58,-0.253434522181154,-1.04075850384829,0.376731301939058,0.542936288088643,0.314914710599213,1520,"tags=31%, list=21%, signal=25%",EVL/EXOC4/TRAF1/SKAP2/PTEN/ACTG1/PARD6G/STX4/B4GALT1/HADH/GNAI2/ARPC2/LIMA1/CNN2/RSU1/ACTB/PFN1/RAC2,51466/60412/7185/8935/5728/71/84552/6810/2683/3033/2771/10109/51474/1265/6251/60/5216/5880,T regulatory cells,HALLMARK,Monaco_fine
HALLMARK_CHOLESTEROL_HOMEOSTASIS,HALLMARK_CHOLESTEROL_HOMEOSTASIS,39,0.277675936604172,0.984013227097325,0.486443381180223,0.681020733652313,0.395006655394467,1049,"tags=21%, list=15%, signal=18%",ANTXR2/S100A11/CHKA/PNRC1/HSD17B7/ANXA5/FABP5/SC5D,118429/6282/1119/10957/51478/308/2171/6309,T regulatory cells,HALLMARK,Monaco_fine
HALLMARK_HEME_METABOLISM,HALLMARK_HEME_METABOLISM,102,-0.205855951889232,-0.946485810224371,0.581460674157303,0.752832058906825,0.436658766712874,864,"tags=17%, list=12%, signal=15%",NUDT4/HTATIP2/MFHAS1/NFE2L1/GAPVD1/PRDX2/KAT2B/BTG2/MAP2K3/AQP3/ACP5/SLC25A38/DAAM1/TOP1/ARL2BP/TENT5C/RIOK3,11163/10553/9258/4779/26130/7001/8850/7832/5606/360/54/54977/23002/7150/23568/54855/8780,T regulatory cells,HALLMARK,Monaco_fine
HALLMARK_MITOTIC_SPINDLE,HALLMARK_MITOTIC_SPINDLE,120,0.214926691985557,0.927510008131974,0.615501519756839,0.752832058906825,0.436658766712874,1187,"tags=18%, list=17%, signal=15%",CYTH2/RASA1/RAB3GAP1/ARHGEF2/CCDC88A/ARHGEF3/SOS1/PKD2/DST/NF1/KIF5B/HOOK3/RHOT2/ARHGAP5/NCK1/CNTRL/TUBGCP3/ARHGEF7/MYO9B/EPB41L2/ABL1,9266/5921/22930/9181/55704/50650/6654/5311/667/4763/3799/84376/89941/394/4690/11064/10426/8874/4650/2037/25,T regulatory cells,HALLMARK,Monaco_fine
HALLMARK_XENOBIOTIC_METABOLISM,HALLMARK_XENOBIOTIC_METABOLISM,74,-0.215272249197905,-0.926627478877182,0.621776504297994,0.752832058906825,0.436658766712874,1450,"tags=27%, list=20%, signal=22%",DCXR/PTGES3/AP4B1/CYFIP2/COMT/GART/ALAS1/ARPP19/MCCC2/SLC6A6/GABARAPL1/UPP1/CROT/SAR1B/PSMB10/HPRT1/SLC35B1/GSR/NINJ1/IL1R1,51181/10728/10717/26999/1312/2618/211/10776/64087/6533/23710/7378/54677/51128/5699/3251/10237/2936/4814/3554,T regulatory cells,HALLMARK,Monaco_fine
HALLMARK_KRAS_SIGNALING_UP,HALLMARK_KRAS_SIGNALING_UP,69,0.227563895018632,0.913558481338905,0.622699386503068,0.752832058906825,0.436658766712874,1118,"tags=19%, list=16%, signal=16%",NRP1/ETV1/GADD45G/AKT2/AMMECR1/EVI5/PIGR/MAP7/TRIB1/DUSP6/YRDC/STRN/LY96,8829/2115/10912/208/9949/7813/5284/9053/10221/1848/79693/6801/23643,T regulatory cells,HALLMARK,Monaco_fine
HALLMARK_PROTEIN_SECRETION,HALLMARK_PROTEIN_SECRETION,83,0.220838789748564,0.913394651915034,0.631659056316591,0.752832058906825,0.436658766712874,1511,"tags=25%, list=21%, signal=20%",PAM/ICA1/GNAS/VAMP3/DST/CLN5/NAPG/AP3S1/AP2B1/DNM1L/COG2/ATP1A1/ATP6V1H/SEC22B/MON2/USO1/RAB22A/SNAP23/ADAM10/STX12/SOD1,5066/3382/2778/9341/667/1203/8774/1176/163/10059/22796/476/51606/9554/23041/8615/57403/8773/102/23673/6647,T regulatory cells,HALLMARK,Monaco_fine
HALLMARK_GLYCOLYSIS,HALLMARK_GLYCOLYSIS,77,0.223242062354908,0.908107790903767,0.668693009118541,0.752832058906825,0.436658766712874,1034,"tags=17%, list=15%, signal=15%",PHKA2/SLC25A13/PFKP/PAM/MXI1/IDH1/AK3/CD44/HS2ST1/ME2/COG2/FAM162A/CASP6,5256/10165/5214/5066/4601/3417/50808/960/9653/4200/22796/26355/839,T regulatory cells,HALLMARK,Monaco_fine
HALLMARK_ESTROGEN_RESPONSE_LATE,HALLMARK_ESTROGEN_RESPONSE_LATE,64,0.22690621891374,0.897473433588526,0.67601246105919,0.752832058906825,0.436658766712874,1305,"tags=23%, list=18%, signal=19%",CAV1/SGK1/NRIP1/TOB1/MYB/ADD3/CD44/BCL2/IL6ST/IGFBP4/ALDH3A2/FABP5/ABHD2/LLGL2/PLAAT3,857/6446/8204/10140/4602/120/960/596/3572/3487/224/2171/11057/3993/11145,T regulatory cells,HALLMARK,Monaco_fine
HALLMARK_EPITHELIAL_MESENCHYMAL_TRANSITION,HALLMARK_EPITHELIAL_MESENCHYMAL_TRANSITION,41,-0.228530173776922,-0.873840485760468,0.675461741424802,0.752832058906825,0.436658766712874,1008,"tags=24%, list=14%, signal=21%",AREG/GADD45A/WIPF1/MCM7/EMP3/GLIPR1/TNFAIP3/IL32/TPM4/SAT1,374/1647/7456/4176/2014/11010/7128/9235/7171/6303,T regulatory cells,HALLMARK,Monaco_fine
HALLMARK_MYC_TARGETS_V2,HALLMARK_MYC_TARGETS_V2,29,-0.245718456690501,-0.872349741293682,0.675742574257426,0.752832058906825,0.436658766712874,1411,"tags=24%, list=20%, signal=19%",NPM1/DDX18/GNL3/WDR43/HSPD1/DUSP2/PA2G4,4869/8886/26354/23160/3329/1844/5036,T regulatory cells,HALLMARK,Monaco_fine
HALLMARK_FATTY_ACID_METABOLISM,HALLMARK_FATTY_ACID_METABOLISM,84,0.211358317057255,0.874606207768648,0.732223903177005,0.797310472348294,0.462457202006529,1557,"tags=23%, list=22%, signal=18%",D2HGDH/METAP1/S100A10/ACSL1/IDH1/HSD17B11/DHCR24/KMT5A/PRDX6/HSD17B7/DECR1/DLST/ALDH3A2/PDHA1/ACO2/RAP1GDS1/HADHB/RDH11/ACOX1,728294/23173/6281/2180/3417/51170/1718/387893/9588/51478/1666/1743/224/5160/50/5910/3032/51109/51,T regulatory cells,HALLMARK,Monaco_fine
HALLMARK_P53_PATHWAY,HALLMARK_P53_PATHWAY,111,-0.183427388343039,-0.865359272480918,0.768156424581006,0.818253582705854,0.474604655919614,1050,"tags=18%, list=15%, signal=16%",VAMP8/HEXIM1/LDHB/GADD45A/MAPKAPK3/UPP1/STOM/PCNA/BTG2/CASP1/CCNK/RCHY1/IP6K2/DEF6/PITPNC1/BAX/TPRKB/NINJ1/SAT1/CDKN2A,8673/10614/3945/1647/7867/7378/2040/5111/7832/834/8812/25898/51447/50619/26207/581/51002/4814/6303/1029,T regulatory cells,HALLMARK,Monaco_fine
HALLMARK_REACTIVE_OXYGEN_SPECIES_PATHWAY,HALLMARK_REACTIVE_OXYGEN_SPECIES_PATHWAY,36,-0.214872101820542,-0.800534661162741,0.820253164556962,0.85515755453811,0.496009752363672,1827,"tags=36%, list=26%, signal=27%",TXNRD1/NDUFB4/PRDX1/JUNB/FTL/NDUFA6/LAMTOR5/PRDX2/GLRX/ATOX1/CDKN2D/GSR/LSP1,7296/4710/5052/3726/2512/4700/10542/7001/2745/475/1032/2936/4046,T regulatory cells,HALLMARK,Monaco_fine
HALLMARK_TGF_BETA_SIGNALING,HALLMARK_TGF_BETA_SIGNALING,37,0.207824813946201,0.727644615824374,0.892857142857143,0.911458333333333,0.528665413533835,586,"tags=14%, list=8%, signal=12%",SMAD3/BMPR2/SKI/HIPK2/ID3,4088/659/6497/28996/3399,T regulatory cells,HALLMARK,Monaco_fine
HALLMARK_UNFOLDED_PROTEIN_RESPONSE,HALLMARK_UNFOLDED_PROTEIN_RESPONSE,82,0.168096120123705,0.693141972805962,0.969558599695586,0.969558599695586,0.562364816149964,1713,"tags=22%, list=24%, signal=17%",ALDH18A1/CNOT6/BAG3/NFYA/EIF4A2/KIF5B/EXOSC9/ERN1/SEC11A/EIF2AK3/EIF2S1/DKC1/SLC30A5/PARN/SDAD1/RPS14/DDX10/ATF4,5832/57472/9531/4800/1974/3799/5393/2081/23478/9451/1965/1736/64924/5073/55153/6208/1662/468,T regulatory cells,HALLMARK,Monaco_fine
HALLMARK_INTERFERON_GAMMA_RESPONSE,HALLMARK_INTERFERON_GAMMA_RESPONSE,13,-0.684982191198888,-1.91490437256459,0.00361556961744776,0.0216934177046866,0.0152234510208327,52,"tags=62%, list=20%, signal=52%",HLA-A/CD69/ARID5B/CCL5/TNFAIP3/TXNIP/BTG1/GZMA,3105/969/84159/6352/7128/10628/694/3001,Terminal effector CD4 T cells,HALLMARK,Monaco_fine
HALLMARK_TNFA_SIGNALING_VIA_NFKB,HALLMARK_TNFA_SIGNALING_VIA_NFKB,16,-0.556441842175407,-1.64101779422398,0.0133622521410413,0.0400867564231238,0.0281310571390343,47,"tags=50%, list=18%, signal=44%",CD69/CCL5/EIF1/CD44/TNFAIP3/NR4A2/BTG1/JUNB,969/6352/10209/960/7128/4929/694/3726,Terminal effector CD4 T cells,HALLMARK,Monaco_fine
HALLMARK_COMPLEMENT,HALLMARK_COMPLEMENT,11,-0.514028884526617,-1.36873403093906,0.139393939393939,0.209090909090909,0.146730462519936,56,"tags=55%, list=22%, signal=45%",GZMK/PFN1/CCL5/TNFAIP3/FYN/GZMA,3003/5216/6352/7128/2534/3001,Terminal effector CD4 T cells,HALLMARK,Monaco_fine
HALLMARK_ALLOGRAFT_REJECTION,HALLMARK_ALLOGRAFT_REJECTION,23,-0.403861028628576,-1.29949818053199,0.119148936170213,0.209090909090909,0.146730462519936,52,"tags=43%, list=20%, signal=38%",HLA-A/RPS9/CCL5/CD96/HLA-E/SRGN/ETS1/FYB1/PTPRC/GZMA,3105/6203/6352/10225/3133/5552/2113/2533/5788/3001,Terminal effector CD4 T cells,HALLMARK,Monaco_fine
HALLMARK_HYPOXIA,HALLMARK_HYPOXIA,13,-0.415761124198228,-1.1622824723021,0.272908366533865,0.327490039840637,0.229817571817991,28,"tags=31%, list=11%, signal=29%",TNFAIP3/BTG1/ETS1/CXCR4,7128/694/2113/7852,Terminal effector CD4 T cells,HALLMARK,Monaco_fine
HALLMARK_MYC_TARGETS_V1,HALLMARK_MYC_TARGETS_V1,18,0.302192159676572,0.914211996665106,0.580582524271845,0.580582524271845,0.407426332822347,17,"tags=11%, list=7%, signal=11%",NAP1L1/HNRNPA2B1,4673/3181,Terminal effector CD4 T cells,HALLMARK,Monaco_fine
HALLMARK_INTERFERON_GAMMA_RESPONSE,HALLMARK_INTERFERON_GAMMA_RESPONSE,84,-0.621090331008792,-2.63623721772637,1e-10,4.5e-09,3.89473684210526e-09,620,"tags=50%, list=19%, signal=42%",HLA-B/MT2A/JAK2/FAS/IFNAR2/NAMPT/EIF4E3/B2M/GPR18/SLAMF7/CCL5/SPPL2A/IL10RA/ARID5B/NLRC5/IRF1/TRIM14/SAMD9L/HLA-A/PSMA2/CASP4/PARP14/PSMB8/PSME2/PSME1/PELI1/VAMP8/UBE2L6/RAPGEF6/IRF9/TAPBP/HLA-DRB1/XAF1/TAP1/GBP4/PSMB9/RNF213/PSMB10/EPSTI1/GZMA/CD74/STAT1,3106/4502/3717/355/3455/10135/317649/567/2841/57823/6352/84888/3587/84159/84166/3659/9830/219285/3105/5683/837/54625/5696/5721/5720/57162/8673/9246/51735/10379/6892/3123/54739/6890/115361/5698/57674/5699/94240/3001/972/6772,Terminal effector CD8 T cells,HALLMARK,Monaco_fine
HALLMARK_INTERFERON_ALPHA_RESPONSE,HALLMARK_INTERFERON_ALPHA_RESPONSE,36,-0.682238306653478,-2.42255964084154,3.82597527345692e-08,8.60844436527806e-07,7.45058342725821e-07,328,"tags=44%, list=10%, signal=40%",IRF1/TRIM14/SAMD9L/GBP2/PARP14/PSMB8/PSME2/PSME1/UBE2L6/HLA-C/IRF9/TAP1/GBP4/PSMB9/EPSTI1/CD74,3659/9830/219285/2634/54625/5696/5721/5720/9246/3107/10379/6890/115361/5698/94240/972,Terminal effector CD8 T cells,HALLMARK,Monaco_fine
HALLMARK_ALLOGRAFT_REJECTION,HALLMARK_ALLOGRAFT_REJECTION,87,-0.506882189811119,-2.16962063546824,9.16703576801431e-07,1.37505536520215e-05,1.19010639795274e-05,610,"tags=40%, list=19%, signal=34%",CD8B/CXCL13/LCK/JAK2/FAS/IFNAR2/GLMN/IFNG/B2M/HLA-E/CCL5/PRKCB/ITGAL/CD3D/HLA-A/TAP2/PTPRC/GZMB/FYB1/GBP2/WAS/NCK1/ZAP70/EIF4G3/CD3G/FASLG/CD3E/TAPBP/CSK/HLA-DRA/TAP1/PSMB10/GZMA/CD74/STAT1,926/10563/3932/3717/355/3455/11146/3458/567/3133/6352/5579/3683/915/3105/6891/5788/3002/2533/2634/7454/4690/7535/8672/917/356/916/6892/1445/3122/6890/5699/3001/972/6772,Terminal effector CD8 T cells,HALLMARK,Monaco_fine
HALLMARK_APICAL_JUNCTION,HALLMARK_APICAL_JUNCTION,39,-0.59491542054239,-2.17108219299004,2.21134782793251e-05,0.000248776630642407,0.000215315446403954,434,"tags=41%, list=13%, signal=36%",MYL12B/RHOF/EVL/PTPRC/DLG1/ZYX/FYB1/AKT3/CAP1/B4GALT1/ACTG1/ARPC2/PFN1/ACTB/RAC2/CNN2,103910/54509/51466/5788/1739/7791/2533/10000/10487/2683/71/10109/5216/60/5880/1265,Terminal effector CD8 T cells,HALLMARK,Monaco_fine
HALLMARK_OXIDATIVE_PHOSPHORYLATION,HALLMARK_OXIDATIVE_PHOSPHORYLATION,84,-0.399730256850506,-1.69666750156783,0.00135989497223655,0.012239054750129,0.0105928660995268,659,"tags=35%, list=20%, signal=28%",OGDH/NDUFAB1/NDUFC2/COX4I1/LDHA/ATP6V0E1/ATP6V0C/SDHD/COX8A/ATP5F1E/PHB2/NDUFS6/MDH1/NDUFV2/MPC1/VDAC3/GPI/ATP5PB/ATP5MF/ATP5F1C/COX6C/COX5B/COX5A/HADHA/LDHB/ATP5F1A/MDH2/UQCR10/IDH2,4967/4706/4718/1327/3939/8992/527/6392/1351/514/11331/4726/4190/4729/51660/7419/2821/515/9551/509/1345/1329/9377/3030/3945/498/4191/29796/3418,Terminal effector CD8 T cells,HALLMARK,Monaco_fine
HALLMARK_COMPLEMENT,HALLMARK_COMPLEMENT,55,-0.41553596358,-1.6201688925273,0.00562607364298702,0.0421955523224027,0.0365201271562315,787,"tags=38%, list=24%, signal=30%",APOBEC3G/ZEB1/CTSC/LCP2/IRF2/LCK/JAK2/CBLB/PREP/CCL5/PPP4C/IRF1/GZMB/WAS/CASP4/GZMK/PFN1/ERAP2/ANXA5/PSMB9/GZMA,60489/6935/1075/3937/3660/3932/3717/868/5550/6352/5531/3659/3002/7454/837/3003/5216/64167/308/5698/3001,Terminal effector CD8 T cells,HALLMARK,Monaco_fine
HALLMARK_TNFA_SIGNALING_VIA_NFKB,HALLMARK_TNFA_SIGNALING_VIA_NFKB,75,0.364051859043199,1.50711902964644,0.0124557397606471,0.0800726127470172,0.0693026122020968,391,"tags=25%, list=12%, signal=23%",IL7R/NR4A1/TSC22D1/NFE2L2/PNRC1/IER5/BCL6/JUNB/PDE4B/EGR1/FOSB/IER2/SQSTM1/DUSP5/PPP1R15A/SLC2A3/PTPRE/BTG2/TIPARP,3575/3164/8848/4780/10957/51278/604/3726/5142/1958/2354/9592/8878/1847/23645/6515/5791/7832/25976,Terminal effector CD8 T cells,HALLMARK,Monaco_fine
HALLMARK_APOPTOSIS,HALLMARK_APOPTOSIS,59,-0.352177539417667,-1.38610051682238,0.048074054630802,0.270416557298261,0.234044739649957,328,"tags=20%, list=10%, signal=19%",IRF1/DNAJC3/GADD45B/SLC20A1/ADD1/ATF3/CASP4/FASLG/SAT1/BIRC3/TAP1/BCL2L11,3659/5611/4616/6574/118/467/837/356/6303/330/6890/10018,Terminal effector CD8 T cells,HALLMARK,Monaco_fine
HALLMARK_UV_RESPONSE_UP,HALLMARK_UV_RESPONSE_UP,48,0.358080935926786,1.35144075533422,0.0795228628230616,0.397614314115308,0.344134026251846,382,"tags=23%, list=12%, signal=21%",NR4A1/HNRNPU/NUP58/JUNB/FOSB/EIF2S3/SQSTM1/ATP6V1F/DNAJB1/EIF5/BTG2,3164/3192/9818/3726/2354/1968/8878/9296/3337/1983/7832,Terminal effector CD8 T cells,HALLMARK,Monaco_fine
HALLMARK_ESTROGEN_RESPONSE_EARLY,HALLMARK_ESTROGEN_RESPONSE_EARLY,33,0.394170327734852,1.37242397818758,0.0885826771653543,0.398622047244094,0.345006216328222,751,"tags=45%, list=23%, signal=35%",ISG20L2/DYNLT3/ADD3/MYBL1/BCL2/RETREG1/TIPARP/AFF1/XBP1/TOB1/MED13L/FDFT1/UGCG/AREG/FCMR,81875/6990/120/4603/596/54463/25976/4299/7494/10140/23389/2222/7357/374/9214,Terminal effector CD8 T cells,HALLMARK,Monaco_fine
HALLMARK_APICAL_SURFACE,HALLMARK_APICAL_SURFACE,11,0.519485190965676,1.35067920349862,0.124260355029586,0.463659147869674,0.4012956367527,462,"tags=45%, list=14%, signal=39%",GATA3/HSPB1/ADIPOR2/AKAP7/CRYBG1,2625/3315/79602/9465/202,Terminal effector CD8 T cells,HALLMARK,Monaco_fine
HALLMARK_MYC_TARGETS_V2,HALLMARK_MYC_TARGETS_V2,12,0.500547304241376,1.33241417648832,0.138888888888889,0.463659147869674,0.4012956367527,540,"tags=33%, list=16%, signal=28%",DDX18/GNL3/NOLC1/MPHOSPH10,8886/26354/9221/10199,Terminal effector CD8 T cells,HALLMARK,Monaco_fine
HALLMARK_ESTROGEN_RESPONSE_LATE,HALLMARK_ESTROGEN_RESPONSE_LATE,36,-0.359954109105454,-1.27816085489444,0.136363636363636,0.463659147869674,0.4012956367527,245,"tags=22%, list=7%, signal=21%",CLIC3/FABP5/COX6C/DNAJC1/SLC7A5/NCOR2/BATF/IDH2,9022/2171/1345/64215/8140/9612/10538/3418,Terminal effector CD8 T cells,HALLMARK,Monaco_fine
HALLMARK_MITOTIC_SPINDLE,HALLMARK_MITOTIC_SPINDLE,80,-0.292417436989452,-1.23374507581446,0.144249512670565,0.463659147869674,0.4012956367527,582,"tags=32%, list=18%, signal=27%",SUN2/CNTRL/AKAP13/SSH2/ABL1/SMC4/NIN/ACTN4/CDC27/HOOK3/CAPZB/RICTOR/BIN1/RHOF/ARHGEF12/ARHGDIA/STAU1/CLIP1/DLG1/NCK1/SPTBN1/KLC1/ABR/RAPGEF6/TLK1/BCL2L11,25777/11064/11214/85464/25/10051/51199/81/996/84376/832/253260/274/54509/23365/396/6780/6249/1739/4690/6711/3831/29/51735/9874/10018,Terminal effector CD8 T cells,HALLMARK,Monaco_fine
HALLMARK_IL6_JAK_STAT3_SIGNALING,HALLMARK_IL6_JAK_STAT3_SIGNALING,26,-0.367916322923324,-1.23498482285045,0.175196850393701,0.510121457489879,0.441508629874281,646,"tags=31%, list=20%, signal=25%",HAX1/TNFRSF1B/CXCL13/FAS/PTPN11/IRF1/IRF9/STAT1,10456/7133/10563/355/5781/3659/10379/6772,Terminal effector CD8 T cells,HALLMARK,Monaco_fine
HALLMARK_PI3K_AKT_MTOR_SIGNALING,HALLMARK_PI3K_AKT_MTOR_SIGNALING,49,-0.311936213092112,-1.18820770185485,0.185483870967742,0.510121457489879,0.441508629874281,656,"tags=31%, list=20%, signal=25%",MAPKAP1/ARPC3/LCK/CAMK4/RPS6KA3/PTPN11/PRKCB/CSNK2B/CFL1/ARHGDIA/NCK1/MAPK1/FASLG/PFN1/PPP1CA,79109/10094/3932/814/6197/5781/5579/1460/1072/396/4690/5594/356/5216/5499,Terminal effector CD8 T cells,HALLMARK,Monaco_fine
HALLMARK_P53_PATHWAY,HALLMARK_P53_PATHWAY,63,0.292581152628357,1.1733867489223,0.19723865877712,0.510121457489879,0.441508629874281,680,"tags=33%, list=21%, signal=27%",TSC22D1/SLC35D1/IER5/S100A4/ZFP36L1/CDKN2AIP/PRMT2/PPP1R15A/CCNK/PTPRE/BTG2/RALGDS/TOB1/RPL18/SLC3A2/TSPYL2/IP6K2/RPS12/S100A10/ERCC5/RPS27L,8848/23169/51278/6275/677/55602/3275/23645/8812/5791/7832/5900/10140/6141/6520/64061/51447/6206/6281/2073/51065,Terminal effector CD8 T cells,HALLMARK,Monaco_fine
HALLMARK_INFLAMMATORY_RESPONSE,HALLMARK_INFLAMMATORY_RESPONSE,47,0.302060493676236,1.13899309885992,0.211764705882353,0.510121457489879,0.441508629874281,421,"tags=21%, list=13%, signal=19%",IL7R/PDE4B/GNAI3/CD48/AHR/SLAMF1/PTPRE/BTG2/ATP2C1/EMP3,3575/5142/2773/962/196/6504/5791/7832/27032/2014,Terminal effector CD8 T cells,HALLMARK,Monaco_fine
HALLMARK_MYC_TARGETS_V1,HALLMARK_MYC_TARGETS_V1,133,0.244854072908524,1.11872800291731,0.215384615384615,0.510121457489879,0.441508629874281,320,"tags=14%, list=10%, signal=13%",HNRNPU/DHX15/SYNCRIP/NAP1L1/XPO1/SRSF1/DDX18/SSB/SF3A1/RPL14/PTGES3/RPL22/RAN/IFRD1/RPL34/TOMM70/RPS10/SMARCC1/EIF3B,3192/1665/10492/4673/7514/6426/8886/6741/10291/9045/10728/6146/5901/3475/6164/9868/6204/6599/8662,Terminal effector CD8 T cells,HALLMARK,Monaco_fine
HALLMARK_HYPOXIA,HALLMARK_HYPOXIA,56,0.291677763959222,1.14543338485406,0.238,0.529207634470792,0.458027660243727,1008,"tags=45%, list=31%, signal=31%",PNRC1/ERO1A/S100A4/BCL2/NR3C1/PPP1R15A/SLC2A3/ZNF292/UGP2/KDM3A/TIPARP/HK1/MIF/PRKCA/DUSP1/CXCR4/CDKN1B/PFKFB3/BTG1/IDS/TES/PAM/SIAH2/ANXA2/PDK3,10957/30001/6275/596/2908/23645/6515/23036/7360/55818/25976/3098/4282/5578/1843/7852/1027/5209/694/3423/26136/5066/6478/302/5165,Terminal effector CD8 T cells,HALLMARK,Monaco_fine
HALLMARK_ANDROGEN_RESPONSE,HALLMARK_ANDROGEN_RESPONSE,43,0.307167976418676,1.12718704516994,0.246963562753036,0.529207634470792,0.458027660243727,715,"tags=30%, list=22%, signal=24%",TSC22D1/GNAI3/HMGCR/ELK4/XRCC5/SLC38A2/DNAJB9/IDI1/NGLY1/TMEM50A/TNFAIP8/ACSL3/IQGAP2,8848/2773/3156/2005/7520/54407/4189/3422/55768/23585/25816/2181/10788,Terminal effector CD8 T cells,HALLMARK,Monaco_fine
HALLMARK_TGF_BETA_SIGNALING,HALLMARK_TGF_BETA_SIGNALING,25,-0.341153135130228,-1.12600960820319,0.272727272727273,0.557851239669421,0.482818616789909,368,"tags=28%, list=11%, signal=25%",FKBP1A/SLC20A1/SPTBN1/NCOR2/RHOA/SMAD3/PPP1CA,2280/6574/6711/9612/387/4088/5499,Terminal effector CD8 T cells,HALLMARK,Monaco_fine
HALLMARK_GLYCOLYSIS,HALLMARK_GLYCOLYSIS,40,-0.30004371964529,-1.10823432344871,0.289370078740157,0.566158849709004,0.49000882898791,549,"tags=32%, list=17%, signal=27%",LDHA/TALDO1/DDIT4/TXN/EXT1/ENO1/MDH1/PKM/CHST12/HDLBP/B4GALT1/PGAM1/MDH2,3939/6888/54541/7295/2131/2023/4190/5315/55501/3069/2683/5223/4191,Terminal effector CD8 T cells,HALLMARK,Monaco_fine
HALLMARK_DNA_REPAIR,HALLMARK_DNA_REPAIR,40,0.290712262094712,1.04913130007312,0.350202429149798,0.65662955465587,0.568310959585198,1082,"tags=42%, list=33%, signal=29%",TMED2/POLR2K/PDE4B/NT5C3A/POLR1D/DGUOK/AK3/ERCC5/VPS37B/GPX4/REV3L/POLR2A/GTF2B/TSG101/NUDT21/RNMT/DUT,10959/5440/5142/51251/51082/1716/50808/2073/79720/2879/5980/5430/2959/7251/11051/8731/1854,Terminal effector CD8 T cells,HALLMARK,Monaco_fine
HALLMARK_KRAS_SIGNALING_DN,HALLMARK_KRAS_SIGNALING_DN,15,0.370625813384578,1.04740057816476,0.406952965235174,0.714662050278489,0.618537914860914,725,"tags=40%, list=22%, signal=31%",SKIL/BTG2/SLC16A7/VPS50/DTNB/TENT5C,6498/7832/9194/55610/1838/54855,Terminal effector CD8 T cells,HALLMARK,Monaco_fine
HALLMARK_ADIPOGENESIS,HALLMARK_ADIPOGENESIS,50,0.267429304333876,1.02440722450745,0.412915851272016,0.714662050278489,0.618537914860914,358,"tags=20%, list=11%, signal=18%",G3BP2/BCL6/MGST3/PPP1R15B/BAZ2A/NABP1/DNAJB9/SCP2/ADIPOR2/DHRS7,9908/604/4259/84919/11176/64859/4189/6342/79602/51635,Terminal effector CD8 T cells,HALLMARK,Monaco_fine
HALLMARK_E2F_TARGETS,HALLMARK_E2F_TARGETS,61,0.248800342490014,0.990563816160554,0.459882583170254,0.749362244897959,0.648570831841509,516,"tags=20%, list=16%, signal=17%",SYNCRIP/NAP1L1/XPO1/SRSF1/IPO7/RAN/LYAR/EIF2S1/SMC3/PSIP1/NOLC1/RAD21,10492/4673/7514/6426/10527/5901/55646/1965/9126/11168/9221/5885,Terminal effector CD8 T cells,HALLMARK,Monaco_fine
HALLMARK_FATTY_ACID_METABOLISM,HALLMARK_FATTY_ACID_METABOLISM,38,-0.272403759091339,-0.986415630826438,0.466269841269841,0.749362244897959,0.648570831841509,616,"tags=26%, list=19%, signal=22%",ELOVL5/LDHA/OSTC/SDHD/RAP1GDS1/MDH1/APEX1/PSME1/UBE2L6/MDH2,60481/3939/58505/6392/5910/4190/328/5720/9246/4191,Terminal effector CD8 T cells,HALLMARK,Monaco_fine
HALLMARK_UV_RESPONSE_DN,HALLMARK_UV_RESPONSE_DN,49,0.249048165636416,0.946558273686678,0.561264822134387,0.837608877222289,0.724948034087127,745,"tags=33%, list=23%, signal=26%",ADD3/ATP2B4/SMAD7/NR3C1/PHF3/MAPK14/ATP2C1/NIPBL/CDK13/SRI/WDR37/PRKCA/DUSP1/ATRN/ATRX/CDKN1B,120/493/4092/2908/23469/1432/27032/25836/8621/6717/22884/5578/1843/8455/546/1027,Terminal effector CD8 T cells,HALLMARK,Monaco_fine
HALLMARK_XENOBIOTIC_METABOLISM,HALLMARK_XENOBIOTIC_METABOLISM,27,0.274641165903302,0.918265557443822,0.577380952380952,0.837608877222289,0.724948034087127,473,"tags=22%, list=14%, signal=19%",SLC35D1/PTGES3/SERTAD1/DHRS7/HACL1/FABP1,23169/10728/29950/51635/26061/2168,Terminal effector CD8 T cells,HALLMARK,Monaco_fine
HALLMARK_CHOLESTEROL_HOMEOSTASIS,HALLMARK_CHOLESTEROL_HOMEOSTASIS,19,-0.29349676071644,-0.909341411767752,0.579150579150579,0.837608877222289,0.724948034087127,244,"tags=21%, list=7%, signal=20%",FABP5/ATF3/ACTG1/ANXA5,2171/467/71/308,Terminal effector CD8 T cells,HALLMARK,Monaco_fine
HALLMARK_HEME_METABOLISM,HALLMARK_HEME_METABOLISM,47,-0.236578295701434,-0.896804978459046,0.621951219512195,0.837608877222289,0.724948034087127,360,"tags=28%, list=11%, signal=25%",BSG/SDCBP/ARL2BP/TSPAN5/CDC27/GAPVD1/TOP1/ARHGEF12/ADD1/OPTN/FBXO34/LPIN2/UCP2,682/6386/23568/10098/996/26130/7150/23365/118/10133/55030/9663/7351,Terminal effector CD8 T cells,HALLMARK,Monaco_fine
HALLMARK_KRAS_SIGNALING_UP,HALLMARK_KRAS_SIGNALING_UP,37,0.249914942648258,0.891398667193773,0.632860040567951,0.837608877222289,0.724948034087127,52,"tags=8%, list=2%, signal=8%",IL7R/ERO1A/CBL,3575/30001/867,Terminal effector CD8 T cells,HALLMARK,Monaco_fine
HALLMARK_BILE_ACID_METABOLISM,HALLMARK_BILE_ACID_METABOLISM,16,-0.307600244729079,-0.88516632696781,0.597633136094675,0.837608877222289,0.724948034087127,610,"tags=31%, list=19%, signal=26%",LCK/ABCD2/ATXN1/OPTN/IDH2,3932/225/6310/10133/3418,Terminal effector CD8 T cells,HALLMARK,Monaco_fine
HALLMARK_MTORC1_SIGNALING,HALLMARK_MTORC1_SIGNALING,85,0.210590603572424,0.88364987557158,0.720977596741344,0.9269711958103,0.802290859531721,930,"tags=35%, list=28%, signal=26%",ERO1A/ADD3/HMGCR/SQSTM1/IFRD1/PPP1R15A/PSMD12/PSMA3/ADIPOR2/SLC2A3/IDI1/BTG2/CYP51A1/XBP1/UFM1/USO1/ACSL3/PSMC6/CXCR4/SYTL2/SKAP2/GSK3B/CACYBP/RPN1/ITGB2/PRDX1/TES/TBK1/LDLR/TUBA4A,30001/120/3156/8878/3475/23645/5718/5684/79602/6515/3422/7832/1595/7494/51569/8615/2181/5706/7852/54843/8935/2932/27101/6184/3689/5052/26136/29110/3949/7277,Terminal effector CD8 T cells,HALLMARK,Monaco_fine
HALLMARK_IL2_STAT5_SIGNALING,HALLMARK_IL2_STAT5_SIGNALING,59,0.211861294005228,0.838947885096017,0.753424657534247,0.941780821917808,0.81510854762477,456,"tags=17%, list=14%, signal=15%",MYO1E/GPR65/CD48/BCL2/AHR/SLC2A3/IGF2R/HUWE1/PRNP/XBP1,4643/8477/962/596/196/6515/3482/10075/5621/7494,Terminal effector CD8 T cells,HALLMARK,Monaco_fine
HALLMARK_REACTIVE_OXYGEN_SPECIES_PATHWAY,HALLMARK_REACTIVE_OXYGEN_SPECIES_PATHWAY,18,0.24951453027818,0.743508498857352,0.804040404040404,0.952286282306163,0.82420099287317,960,"tags=44%, list=29%, signal=32%",JUNB/NDUFB4/PRNP/SOD1/IPCEF1/GPX4/PRDX1/SELENOS,3726/4710/5621/6647/26034/2879/5052/55829,Terminal effector CD8 T cells,HALLMARK,Monaco_fine
HALLMARK_EPITHELIAL_MESENCHYMAL_TRANSITION,HALLMARK_EPITHELIAL_MESENCHYMAL_TRANSITION,21,-0.236230219166983,-0.738574333405588,0.84349593495935,0.952286282306163,0.82420099287317,316,"tags=14%, list=10%, signal=13%",GADD45B/SAT1/PPIB,4616/6303/5479,Terminal effector CD8 T cells,HALLMARK,Monaco_fine
HALLMARK_PEROXISOME,HALLMARK_PEROXISOME,23,-0.227161516719796,-0.73108072960125,0.862626262626263,0.952286282306163,0.82420099287317,616,"tags=26%, list=19%, signal=21%",ELOVL5/ABCD2/CTBP1/ATXN1/ITGB1BP1/IDH2,60481/225/1487/6310/9270/3418,Terminal effector CD8 T cells,HALLMARK,Monaco_fine
HALLMARK_G2M_CHECKPOINT,HALLMARK_G2M_CHECKPOINT,72,-0.177248863191248,-0.727632618964628,0.944554455445545,0.952286282306163,0.82420099287317,723,"tags=33%, list=22%, signal=27%",EWSR1/CUL3/CUL1/DR1/HNRNPD/ABL1/ODC1/SMC4/MT2A/SNRPD1/CDC27/EZH2/SS18/KPNB1/YTHDC1/MTF2/TOP1/JPT1/ILF3/CUL5/LBR/HMGA1/SLC7A5/SMAD3,2130/8452/8454/1810/3184/25/4953/10051/4502/6632/996/2146/6760/3837/91746/22823/7150/51155/3609/8065/3930/3159/8140/4088,Terminal effector CD8 T cells,HALLMARK,Monaco_fine
HALLMARK_PROTEIN_SECRETION,HALLMARK_PROTEIN_SECRETION,50,0.18706087740485,0.716550172814984,0.921722113502936,0.952286282306163,0.82420099287317,1015,"tags=40%, list=31%, signal=28%",TMED2/ARFGAP3/TMED10/SNX2/IGF2R/NAPA/ARFGEF2/VPS4B/USO1/ARCN1/SOD1/RAB2A/RAB5A/AP3S1/ADAM10/MON2/PAM/CD63/DNM1L/TSG101,10959/26286/10972/6643/3482/8775/10564/9525/8615/372/6647/5862/5868/1176/102/23041/5066/967/10059/7251,Terminal effector CD8 T cells,HALLMARK,Monaco_fine
HALLMARK_UNFOLDED_PROTEIN_RESPONSE,HALLMARK_UNFOLDED_PROTEIN_RESPONSE,52,0.179642516662605,0.693945615428951,0.952286282306163,0.952286282306163,0.82420099287317,922,"tags=29%, list=28%, signal=21%",ERO1A/SRPRA/ERN1/NABP1/DNAJB9/EIF2S1/XBP1/NOLC1/TSPYL2/YWHAZ/EXOC2/SPCS1/EIF4A2/MTREX/RPS14,30001/6734/2081/64859/4189/1965/7494/9221/64061/7534/55770/28972/1974/23517/6208,Terminal effector CD8 T cells,HALLMARK,Monaco_fine
HALLMARK_MYOGENESIS,HALLMARK_MYOGENESIS,18,-0.211362783159226,-0.637205253505543,0.927021696252466,0.952286282306163,0.82420099287317,396,"tags=33%, list=12%, signal=29%",MYH9/MEF2A/SYNGR2/BIN1/GADD45B/LSP1,4627/4205/9144/274/4616/4046,Terminal effector CD8 T cells,HALLMARK,Monaco_fine
HALLMARK_SPERMATOGENESIS,HALLMARK_SPERMATOGENESIS,16,-0.211318419192068,-0.60810078061425,0.936883629191322,0.952286282306163,0.82420099287317,815,"tags=38%, list=25%, signal=28%",TOPBP1/CHFR/CAMK4/TALDO1/EZH2/VDAC3,11073/55743/814/6888/2146/7419,Terminal effector CD8 T cells,HALLMARK,Monaco_fine
HALLMARK_COAGULATION,HALLMARK_COAGULATION,13,0.210956632863843,0.576619837886855,0.94106090373281,0.952286282306163,0.82420099287317,405,"tags=15%, list=12%, signal=14%",ARF4/CPQ,378/10404,Terminal effector CD8 T cells,HALLMARK,Monaco_fine
HALLMARK_INTERFERON_GAMMA_RESPONSE,HALLMARK_INTERFERON_GAMMA_RESPONSE,82,-0.473779533961316,-2.09717680529528,1.22575680741704e-06,5.51590563337667e-05,4.90302722966815e-05,737,"tags=43%, list=22%, signal=34%",SP110/IRF9/TAPBP/PSMB10/PFKP/SAMD9L/FAS/LCP2/GZMA/SPPL2A/B2M/CASP4/PSMA2/VAMP8/PARP14/LY6E/TAP1/PSMB2/PSMB9/ADAR/HLA-A/PSMB8/STAT1/SOCS3/PIM1/MT2A/TNFAIP3/EPSTI1/CD74/RNF213/CD69/ARID5B/PSME1/PSME2/PTPN2,3431/10379/6892/5699/5214/219285/355/3937/3001/84888/567/837/5683/8673/54625/4061/6890/5690/5698/103/3105/5696/6772/9021/5292/4502/7128/94240/972/57674/969/84159/5720/5721/5771,Th1 cells,HALLMARK,Monaco_fine
HALLMARK_INTERFERON_ALPHA_RESPONSE,HALLMARK_INTERFERON_ALPHA_RESPONSE,36,-0.49020910820188,-1.82553382428715,0.00149558663010248,0.0336506991773059,0.0299117326020497,737,"tags=50%, list=22%, signal=39%",SP110/IRF9/ELF1/SAMD9L/SAMD9/B2M/HLA-C/IFITM1/PARP14/LY6E/TAP1/PSMB9/ADAR/PSMB8/EPSTI1/CD74/PSME1/PSME2,3431/10379/1997/219285/54809/567/3107/8519/54625/4061/6890/5698/103/5696/94240/972/5720/5721,Th1 cells,HALLMARK,Monaco_fine
HALLMARK_COMPLEMENT,HALLMARK_COMPLEMENT,59,-0.390844434615032,-1.63284557211173,0.00362708333320394,0.0544062499980592,0.0483611111093859,551,"tags=39%, list=17%, signal=33%",WAS/DOCK9/FYN/LCP2/GNG2/ERAP2/GZMA/CASP4/GNAI2/CD40LG/CALM3/RNF4/ANXA5/PSMB9/CTSC/PFN1/PIM1/TNFAIP3/DUSP5/PPP4C/GZMK/APOBEC3G/CTSS,7454/23348/2534/3937/54331/64167/3001/837/2771/959/808/6047/308/5698/1075/5216/5292/7128/1847/5531/3003/60489/1520,Th1 cells,HALLMARK,Monaco_fine
HALLMARK_IL6_JAK_STAT3_SIGNALING,HALLMARK_IL6_JAK_STAT3_SIGNALING,32,-0.470621477549302,-1.70360234385358,0.00699232973590486,0.0702530609861195,0.0624471653209952,589,"tags=44%, list=18%, signal=36%",IFNGR1/FAS/HAX1/TNFRSF1B/IL18R1/MAP3K8/TGFB1/STAT1/SOCS3/PIM1/IL2RG/IL6ST/CXCL13/PTPN2,3459/355/10456/7133/8809/1326/7040/6772/9021/5292/3561/3572/10563/5771,Th1 cells,HALLMARK,Monaco_fine
HALLMARK_ALLOGRAFT_REJECTION,HALLMARK_ALLOGRAFT_REJECTION,83,-0.34261399127724,-1.52579064672066,0.00780589566512439,0.0702530609861195,0.0624471653209952,804,"tags=40%, list=24%, signal=31%",RPS19/ABI1/UBE2N/CD3G/F2R/PTPRC/TAPBP/WAS/PSMB10/CD7/CD4/IFNGR1/FAS/ITGAL/LCP2/GZMA/TRAT1/B2M/CXCR3/CD40LG/TAP1/TGFB1/HLA-A/STAT1/HCLS1/IL2RG/HLA-E/CCL4/CD74/CXCL13/CTSS/CD28/SRGN,6223/10006/7334/917/2149/5788/6892/7454/5699/924/920/3459/355/3683/3937/3001/50852/567/2833/959/6890/7040/3105/6772/3059/3561/3133/6351/972/10563/1520/940/5552,Th1 cells,HALLMARK,Monaco_fine
HALLMARK_ANDROGEN_RESPONSE,HALLMARK_ANDROGEN_RESPONSE,46,-0.396759021889573,-1.57616728582447,0.0142686127129525,0.0941912712466706,0.083725574441485,590,"tags=28%, list=18%, signal=24%",MYL12A/SPCS3/NGLY1/DBI/B2M/ELK4/LMAN1/STK39/MAF/XRCC6/ELL2/ARID5B/ZBTB10,10627/60559/55768/1622/567/2005/3998/27347/4094/2547/22936/84159/65986,Th1 cells,HALLMARK,Monaco_fine
HALLMARK_E2F_TARGETS,HALLMARK_E2F_TARGETS,59,-0.356096492873773,-1.48767778209805,0.0146519755272599,0.0941912712466706,0.083725574441485,598,"tags=32%, list=18%, signal=27%",SLBP/JPT1/NBN/SMC4/EZH2/UBE2S/ATAD2/RFC1/DNMT1/TMPO/LBR/HMGB2/TUBB/SNRPB/CDKN1B/SMC6/RANBP1/XRCC6/NUP153,7884/51155/4683/10051/2146/27338/29028/5981/1786/7112/3930/3148/203068/6628/1027/79677/5902/2547/9972,Th1 cells,HALLMARK,Monaco_fine
HALLMARK_XENOBIOTIC_METABOLISM,HALLMARK_XENOBIOTIC_METABOLISM,24,-0.422363018652771,-1.42053281678847,0.0628140703517588,0.314070351758794,0.279173646007817,690,"tags=46%, list=21%, signal=37%",PSMB10/ID2/FAS/ECH1/MAN1A1/SSR3/ARPP19/TMBIM6/NPC1/PTGES3/MT2A,5699/3398/355/1891/4121/6747/10776/7009/4864/10728/4502,Th1 cells,HALLMARK,Monaco_fine
HALLMARK_OXIDATIVE_PHOSPHORYLATION,HALLMARK_OXIDATIVE_PHOSPHORYLATION,81,-0.291687720682451,-1.29761562787947,0.0600483606122308,0.314070351758794,0.279173646007817,1146,"tags=51%, list=34%, signal=34%",ATP5PB/ATP5F1D/COX8A/COX6B1/ATP5PO/ATP5PD/NDUFB4/ATP5PF/ETFA/ATP5F1B/ATP6V1F/COX5A/COX7B/ATP6V0B/COX6C/MDH1/MDH2/ATP5MC3/COX5B/NDUFB1/ATP6V0C/UQCR10/GPX4/PHB2/ECH1/COX6A1/ISCU/UQCRH/ATP5MG/NDUFS6/VDAC1/NDUFB2/ATP5F1A/LDHA/IDH2/BAX/SLC25A5/UQCRC2/NDUFV2/ATP5F1E/COX4I1,515/513/1351/1340/539/10476/4710/522/2108/506/9296/9377/1349/533/1345/4190/4191/518/1329/4707/527/29796/2879/11331/1891/1337/23479/7388/10632/4726/7416/4708/498/3939/3418/581/292/7385/4729/514/1327,Th1 cells,HALLMARK,Monaco_fine
HALLMARK_DNA_REPAIR,HALLMARK_DNA_REPAIR,40,-0.351668121478799,-1.34634214847948,0.078167115902965,0.351752021563342,0.31266846361186,827,"tags=40%, list=25%, signal=30%",POLR2A/RBX1/GUK1/NCBP2/EDF1/GPX4/GTF2F1/TAF10/NFX1/REV3L/APRT/HCLS1/SUPT5H/RALA/VPS37B/ARL6IP1,5430/9978/2987/22916/8721/2879/2962/6881/4799/5980/353/3059/6829/5898/79720/23204,Th1 cells,HALLMARK,Monaco_fine
HALLMARK_UV_RESPONSE_DN,HALLMARK_UV_RESPONSE_DN,53,0.353819275733562,1.33127698508256,0.0909090909090909,0.371900826446281,0.330578512396694,691,"tags=36%, list=21%, signal=29%",PRKCA/YTHDC1/PHF3/SCAF8/NR1D2/LDLR/RUNX1/PTEN/AKT3/DLG1/SPOP/NIPBL/SMAD7/PIK3CD/DYRK1A/ANXA2/PDLIM5/DUSP1/SRI,5578/91746/23469/22828/9975/3949/861/5728/10000/1739/8405/25836/4092/5293/1859/302/10611/1843/6717,Th1 cells,HALLMARK,Monaco_fine
HALLMARK_TNFA_SIGNALING_VIA_NFKB,HALLMARK_TNFA_SIGNALING_VIA_NFKB,72,-0.289699511136552,-1.25701251165851,0.106918238993711,0.400943396226415,0.356394129979036,570,"tags=29%, list=17%, signal=25%",AREG/LITAF/TRAF1/NR4A3/BIRC3/DUSP4/PTGER4/MAP3K8/TAP1/BTG3/BIRC2/DUSP2/ATF3/SOCS3/IL6ST/TNFAIP3/DUSP5/CCL4/CD69/TANK/ZBTB10,374/9516/7185/8013/330/1846/5734/1326/6890/10950/329/1844/467/9021/3572/7128/1847/6351/969/10010/65986,Th1 cells,HALLMARK,Monaco_fine
HALLMARK_HEME_METABOLISM,HALLMARK_HEME_METABOLISM,49,-0.318682974228555,-1.2726708410778,0.13091922005571,0.453181915577459,0.402828369402186,182,"tags=16%, list=5%, signal=16%",TOP1/RNF19A/YPEL5/CDC27/UCP2/OPTN/ELL2/TENT5C,7150/25897/51646/996/7351/10133/22936/54855,Th1 cells,HALLMARK,Monaco_fine
HALLMARK_KRAS_SIGNALING_UP,HALLMARK_KRAS_SIGNALING_UP,42,-0.322281834646492,-1.25082970016418,0.151351351351351,0.486486486486487,0.432432432432433,643,"tags=33%, list=19%, signal=27%",ID2/LCP1/ST6GAL1/ADAM17/TRAF1/BIRC3/TNFRSF1B/PRDM1/CCSER2/NIN/PSMB8/IL2RG/TNFAIP3/CTSS,3398/3936/6480/6868/7185/330/7133/639/54462/51199/5696/3561/7128/1520,Th1 cells,HALLMARK,Monaco_fine
HALLMARK_PI3K_AKT_MTOR_SIGNALING,HALLMARK_PI3K_AKT_MTOR_SIGNALING,50,-0.294594599005587,-1.1843778946405,0.203296703296703,0.598557692307692,0.532051282051282,843,"tags=36%, list=25%, signal=27%",CFL1/GRK2/TIAM1/UBE2N/CXCR4/CSNK2B/GSK3B/TBK1/IRAK4/ACTR2/ACTR3/DAPP1/CDKN1B/PFN1/IL2RG/EIF4E/ARPC3/CLTC,1072/156/7074/7334/7852/1460/2932/29110/51135/10097/10096/27071/1027/5216/3561/1977/10094/1213,Th1 cells,HALLMARK,Monaco_fine
HALLMARK_KRAS_SIGNALING_DN,HALLMARK_KRAS_SIGNALING_DN,16,-0.38894708437197,-1.17490320816687,0.233576642335766,0.598557692307692,0.532051282051282,549,"tags=38%, list=17%, signal=31%",DTNB/SKIL/SLC16A7/CD40LG/PDCD1/TENT5C,1838/6498/9194/959/5133/54855,Th1 cells,HALLMARK,Monaco_fine
HALLMARK_FATTY_ACID_METABOLISM,HALLMARK_FATTY_ACID_METABOLISM,35,0.344259802159849,1.15948546027431,0.258899676375405,0.598557692307692,0.532051282051282,796,"tags=34%, list=24%, signal=26%",AUH/HSD17B11/S100A10/SUCLG2/ADIPOR2/APEX1/ERP29/SDHC/HIBCH/SMS/FABP1/ACADM,549/51170/6281/8801/79602/328/10961/6391/26275/6611/2168/34,Th1 cells,HALLMARK,Monaco_fine
HALLMARK_EPITHELIAL_MESENCHYMAL_TRANSITION,HALLMARK_EPITHELIAL_MESENCHYMAL_TRANSITION,19,-0.357620642944536,-1.13455686424397,0.239024390243902,0.598557692307692,0.532051282051282,643,"tags=47%, list=19%, signal=38%",ID2/AREG/FAS/GLIPR1/PPIB/TGFB1/WIPF1/TPM4/TNFAIP3,3398/374/355/11010/5479/7040/7456/7171/7128,Th1 cells,HALLMARK,Monaco_fine
HALLMARK_IL2_STAT5_SIGNALING,HALLMARK_IL2_STAT5_SIGNALING,62,-0.259295142453871,-1.09282798323002,0.259701492537313,0.598557692307692,0.532051282051282,633,"tags=34%, list=19%, signal=28%",GPX4/CTLA4/IFNGR1/ICOS/TRAF1/PRKCH/CDC42SE2/TNFRSF1B/NFKBIZ/IL18R1/ALCAM/MAP3K8/GLIPR2/CST7/HIPK2/GALM/BATF/RHOH/PIM1/PHTF2/CD81,2879/1493/3459/29851/7185/5583/56990/7133/64332/8809/214/1326/152007/8530/28996/130589/10538/399/5292/57157/975,Th1 cells,HALLMARK,Monaco_fine
HALLMARK_MYC_TARGETS_V1,HALLMARK_MYC_TARGETS_V1,133,-0.221896660339655,-1.07928543429462,0.266025641025641,0.598557692307692,0.532051282051282,784,"tags=27%, list=24%, signal=22%",RPS5/PGK1/ODC1/CBX3/PPM1G/SNRPB2/PSMB3/HSPD1/NCBP2/TCP1/GLO1/PHB2/UBE2L3/CCT3/EIF2S2/HNRNPU/C1QBP/SNRPD3/CLNS1A/PSMA2/SSBP1/VDAC1/EIF4H/LDHA/HNRNPC/ERH/PSMB2/PSMA1/SF3A1/PTGES3/PSMD8/RANBP1/ETF1/PABPC1/EIF4E/XRCC6,6193/5230/4953/11335/5496/6629/5691/3329/22916/6950/2739/11331/7332/7203/8894/3192/708/6634/1207/5683/6742/7416/7458/3939/3183/2079/5690/5682/10291/10728/5714/5902/2107/26986/1977/2547,Th1 cells,HALLMARK,Monaco_fine
HALLMARK_ESTROGEN_RESPONSE_EARLY,HALLMARK_ESTROGEN_RESPONSE_EARLY,30,0.338313726853137,1.11205519245668,0.315533980582524,0.628289473684211,0.558479532163743,278,"tags=20%, list=8%, signal=18%",DHRS3/FOS/AQP3/JAK2/CD44/NRIP1,9249/2353/360/3717/960/8204,Th1 cells,HALLMARK,Monaco_fine
HALLMARK_COAGULATION,HALLMARK_COAGULATION,11,0.434135153650007,1.10437609791066,0.335087719298246,0.628289473684211,0.558479532163743,538,"tags=27%, list=16%, signal=23%",ANXA1/CPQ/RAC1,301/10404/5879,Th1 cells,HALLMARK,Monaco_fine
HALLMARK_UV_RESPONSE_UP,HALLMARK_UV_RESPONSE_UP,45,-0.277814343607264,-1.08790569098646,0.297872340425532,0.628289473684211,0.558479532163743,264,"tags=47%, list=8%, signal=44%",STIP1/ATP6V1F/HLA-F/BTG1/IRF1/RPN1/TFRC/SOD2/PPP1R2/BTG2/RAB27A/HNRNPU/TMBIM6/TAP1/SELENOW/BTG3/NUP58/ATF3/TUBA4A/IL6ST/PLCL1,10963/9296/3134/694/3659/6184/7037/6648/5504/7832/5873/3192/7009/6890/6415/10950/9818/467/7277/3572/5334,Th1 cells,HALLMARK,Monaco_fine
HALLMARK_UNFOLDED_PROTEIN_RESPONSE,HALLMARK_UNFOLDED_PROTEIN_RESPONSE,50,0.291665161842376,1.07520149300359,0.329153605015674,0.628289473684211,0.558479532163743,857,"tags=36%, list=26%, signal=27%",SEC31A/HSPA5/SSR1/EXOC2/DCP1A/KIF5B/RPS14/NOP56/CNOT2/NOLC1/EIF4A1/ERN1/ERO1A/NPM1/EIF2S1/CNOT4/HSPA9/DNAJC3,22872/3309/6745/55770/55802/3799/6208/10528/4848/9221/1973/2081/30001/4869/1965/4850/3313/5611,Th1 cells,HALLMARK,Monaco_fine
HALLMARK_APICAL_JUNCTION,HALLMARK_APICAL_JUNCTION,38,-0.28657601113971,-1.06752390213502,0.358333333333333,0.645,0.573333333333333,715,"tags=39%, list=22%, signal=31%",PTPRC/CTNNA1/SKAP2/GTF2F1/PIK3CB/TRAF1/CAP1/GNAI2/ACTG1/VASP/ADAM23/ACTN4/PFN1/CNN2/ACTB,5788/1495/8935/2962/5291/7185/10487/2771/71/7408/8745/81/5216/1265/60,Th1 cells,HALLMARK,Monaco_fine
HALLMARK_HYPOXIA,HALLMARK_HYPOXIA,55,0.273831226352519,1.03227023977957,0.40809968847352,0.706326383896477,0.627845674574647,813,"tags=40%, list=24%, signal=31%",PRKCA/FOS/HSPA5/S100A4/RBPJ/HK1/PPP1R15A/ZNF292/WSB1/SIAH2/TPD52/PRDX5/ANXA2/JUN/DUSP1/P4HA1/EXT1/PLIN2/ERO1A/PAM/TIPARP/KLF6,5578/2353/3309/6275/3516/3098/23645/23036/26118/6478/7163/25824/302/3725/1843/5033/2131/123/30001/5066/25976/1316,Th1 cells,HALLMARK,Monaco_fine
HALLMARK_ESTROGEN_RESPONSE_LATE,HALLMARK_ESTROGEN_RESPONSE_LATE,33,-0.269904233185982,-0.991234873424706,0.470437017994859,0.756059493206023,0.672052882849798,686,"tags=39%, list=21%, signal=32%",COX6C/TIAM1/PDCD4/ID2/AREG/NCOR2/FABP5/IDH2/BTG3/BATF/ADD3/DUSP2/IL6ST,1345/7074/27250/3398/374/9612/2171/3418/10950/10538/120/1844/3572,Th1 cells,HALLMARK,Monaco_fine
HALLMARK_WNT_BETA_CATENIN_SIGNALING,HALLMARK_WNT_BETA_CATENIN_SIGNALING,10,0.399318112436292,0.987055649139468,0.459363957597173,0.756059493206023,0.672052882849798,896,"tags=50%, list=27%, signal=37%",RBPJ/NUMB/LEF1/TCF7/CCND2,3516/8650/51176/6932/894,Th1 cells,HALLMARK,Monaco_fine
HALLMARK_GLYCOLYSIS,HALLMARK_GLYCOLYSIS,40,-0.248893223886029,-0.952874080196951,0.520215633423181,0.807231155311832,0.717538804721628,834,"tags=38%, list=25%, signal=28%",MDH1/MDH2/CXCR4/PGK1/ME2/PFKP/UGP2/PGAM1/HAX1/ARPP19/TALDO1/TPI1/LDHA/AGL/CITED2,4190/4191/7852/5230/4200/5214/7360/5223/10456/10776/6888/7167/3939/178/10370,Th1 cells,HALLMARK,Monaco_fine
HALLMARK_APOPTOSIS,HALLMARK_APOPTOSIS,65,-0.220388370291176,-0.942008210439692,0.57957957957958,0.841325196163906,0.747844618812361,753,"tags=29%, list=23%, signal=23%",BTG2/F2R/PDCD4/NEDD9/GPX4/IFNGR1/FAS/BIRC3/CASP4/MGMT/TAP1/HMGB2/BTG3/BAX/CYLD/CDKN1B/ATF3/ETF1/CD69,7832/2149/27250/4739/2879/3459/355/330/837/4255/6890/3148/10950/581/1540/1027/467/2107/969,Th1 cells,HALLMARK,Monaco_fine
HALLMARK_CHOLESTEROL_HOMEOSTASIS,HALLMARK_CHOLESTEROL_HOMEOSTASIS,21,0.307602354812737,0.930810935890606,0.566445182724253,0.841325196163906,0.747844618812361,682,"tags=38%, list=21%, signal=30%",NIBAN1/ATXN2/LDLR/SREBF2/SQLE/CYP51A1/S100A11/FDFT1,116496/6311/3949/6721/6713/1595/6282/2222,Th1 cells,HALLMARK,Monaco_fine
HALLMARK_MITOTIC_SPINDLE,HALLMARK_MITOTIC_SPINDLE,78,0.220345250864452,0.888453372159818,0.677611940298507,0.868868346503653,0.772327419114358,736,"tags=24%, list=22%, signal=19%",NUMA1/RANBP9/CEP192/RAB3GAP1/WASF2/PCM1/DLG1/PREX1/KIF5B/LRPPRC/ARHGEF3/KIFAP3/RABGAP1/KLC1/PDLIM5/NCK2/SPTAN1/PCGF5/LATS1,4926/10048/55125/22930/10163/5108/1739/57580/3799/10128/50650/22920/23637/3831/10611/8440/6709/84333/9113,Th1 cells,HALLMARK,Monaco_fine
HALLMARK_G2M_CHECKPOINT,HALLMARK_G2M_CHECKPOINT,72,0.219094571530971,0.876535740159833,0.68421052631579,0.868868346503653,0.772327419114358,785,"tags=26%, list=24%, signal=21%",CUL5/NUMA1/YTHDC1/SRSF10/G3BP1/HIF1A/PRIM2/RAD21/KPNB1/KIF5B/SQLE/CUL4A/SRSF2/STAG1/NCL/NOLC1/MNAT1/PDS5B/EWSR1,8065/4926/91746/10772/10146/3091/5558/5885/3837/3799/6713/8451/6427/10274/4691/9221/4331/23047/2130,Th1 cells,HALLMARK,Monaco_fine
HALLMARK_ADIPOGENESIS,HALLMARK_ADIPOGENESIS,53,-0.209702182288872,-0.855351329077466,0.73371104815864,0.868868346503653,0.772327419114358,801,"tags=34%, list=24%, signal=26%",MDH2/MAP4K3/SCP2/PDCD4/UQCR10/GPX4/IFNGR1/PTCD3/ECH1/COX6A1/ATP1B3/CMPK1/UBC/TALDO1/G3BP2/DNAJC15/UCP2/TANK,4191/8491/6342/27250/29796/2879/3459/55037/1891/1337/483/51727/7316/6888/9908/29103/7351/10010,Th1 cells,HALLMARK,Monaco_fine
HALLMARK_PEROXISOME,HALLMARK_PEROXISOME,22,0.276568812664055,0.842176716567383,0.70364238410596,0.868868346503653,0.772327419114358,66,"tags=9%, list=2%, signal=9%",DHRS3/HSD17B11,9249/51170,Th1 cells,HALLMARK,Monaco_fine
HALLMARK_BILE_ACID_METABOLISM,HALLMARK_BILE_ACID_METABOLISM,16,-0.278677683875954,-0.841809382268677,0.690997566909976,0.868868346503653,0.772327419114358,411,"tags=25%, list=12%, signal=22%",GSTK1/NPC1/IDH2/OPTN,373156/4864/3418/10133,Th1 cells,HALLMARK,Monaco_fine
HALLMARK_SPERMATOGENESIS,HALLMARK_SPERMATOGENESIS,17,0.28671783958988,0.825092684075172,0.701873935264055,0.868868346503653,0.772327419114358,1001,"tags=35%, list=30%, signal=25%",STRBP/TLE4/SIRT1/MLLT10/PRKAR2A/CAMK4,55342/7091/23411/8028/5576/814,Th1 cells,HALLMARK,Monaco_fine
HALLMARK_MYOGENESIS,HALLMARK_MYOGENESIS,17,0.277914902194423,0.799760325078074,0.727427597955707,0.868868346503653,0.772327419114358,802,"tags=29%, list=24%, signal=22%",RB1/PDE4DIP/ITGB1/SPTAN1/MEF2A,5925/9659/3688/6709/4205,Th1 cells,HALLMARK,Monaco_fine
HALLMARK_P53_PATHWAY,HALLMARK_P53_PATHWAY,62,0.210582854251406,0.819045787835008,0.800599700149925,0.923768884788375,0.821127897589667,686,"tags=21%, list=21%, signal=17%",S100A10/FOS/S100A4/RB1/WWP1/PPP1R15A/ZBTB16/KIF13B/NOL8/JUN/RALGDS/SLC3A2/DGKA,6281/2353/6275/5925/11059/23645/7704/23303/55035/3725/5900/6520/1606,Th1 cells,HALLMARK,Monaco_fine
HALLMARK_MTORC1_SIGNALING,HALLMARK_MTORC1_SIGNALING,83,-0.188344693197339,-0.838770682331628,0.824615384615385,0.927692307692308,0.824615384615385,764,"tags=29%, list=23%, signal=23%",CXCR4/PGK1/BTG2/HSPA4/SLC2A3/HSPD1/SKAP2/GSK3B/TBK1/GAPDH/EIF2S2/SERP1/ACTR2/ACTR3/TPI1/DAPP1/LDHA/ARPC5L/ADD3/CTSC/PPA1/TUBA4A/ETF1/CORO1A,7852/5230/7832/3308/6515/3329/8935/2932/29110/2597/8894/27230/10097/10096/7167/27071/3939/81873/120/1075/5464/7277/2107/11151,Th1 cells,HALLMARK,Monaco_fine
HALLMARK_INFLAMMATORY_RESPONSE,HALLMARK_INFLAMMATORY_RESPONSE,47,-0.178538970297327,-0.713295319405868,0.927027027027027,0.981324278438031,0.872288247500472,452,"tags=19%, list=14%, signal=17%",LCP2/TNFRSF1B/KIF1B/PTGER4/IL18R1/IFITM1/LY6E/RGS1/CD69,3937/7133/23095/5734/8809/8519/4061/5996/969,Th1 cells,HALLMARK,Monaco_fine
HALLMARK_TGF_BETA_SIGNALING,HALLMARK_TGF_BETA_SIGNALING,23,-0.213380740296333,-0.702223022656331,0.92191435768262,0.981324278438031,0.872288247500472,771,"tags=35%, list=23%, signal=27%",SMAD3/SKI/ID2/NCOR2/SKIL/FKBP1A/HIPK2/TGFB1,4088/6497/3398/9612/6498/2280/28996/7040,Th1 cells,HALLMARK,Monaco_fine
HALLMARK_PROTEIN_SECRETION,HALLMARK_PROTEIN_SECRETION,50,0.181816473752504,0.670252637635849,0.959247648902821,0.981324278438031,0.872288247500472,202,"tags=8%, list=6%, signal=8%",ATP1A1/SEC31A/IGF2R/ATP6V1H,476/22872/3482/51606,Th1 cells,HALLMARK,Monaco_fine
HALLMARK_REACTIVE_OXYGEN_SPECIES_PATHWAY,HALLMARK_REACTIVE_OXYGEN_SPECIES_PATHWAY,20,0.187102633969119,0.560783194266815,0.969849246231156,0.981324278438031,0.872288247500472,2705,"tags=100%, list=81%, signal=19%",MBP/PRDX1/SELENOS/TXN/FTL/TXNRD1/OXSR1/IPCEF1/LAMTOR5/HMOX2/SCAF4/JUNB/NDUFB4/SOD1/PRDX6/LSP1/ABCC1/SOD2/GPX4/PFKP,4155/5052/55829/7295/2512/7296/9943/26034/10542/3163/57466/3726/4710/6647/9588/4046/4363/6648/2879/5214,Th1 cells,HALLMARK,Monaco_fine
HALLMARK_MYC_TARGETS_V2,HALLMARK_MYC_TARGETS_V2,13,0.195638002597955,0.526395823175531,0.981324278438031,0.981324278438031,0.872288247500472,918,"tags=31%, list=28%, signal=22%",NOP56/NOLC1/NPM1/WDR43,10528/9221/4869/23160,Th1 cells,HALLMARK,Monaco_fine
HALLMARK_INTERFERON_ALPHA_RESPONSE,HALLMARK_INTERFERON_ALPHA_RESPONSE,73,-0.599750648638588,-2.58086868784962,1.41475957407306e-10,2.2636153185169e-09,1.78706472514492e-09,1697,"tags=58%, list=21%, signal=46%",IFI44/NMI/ISG15/MX1/TMEM140/TRIM21/EIF2AK2/STAT2/IFIT2/IFITM1/CASP8/RIPK2/PARP14/NUB1/BST2/LGALS3BP/ISG20/CD74/NCOA7/PARP9/HLA-C/IFI44L/SAMD9L/ELF1/IFITM2/ADAR/IRF2/IRF1/LY6E/IFI35/TXNIP/CMTR1/SP110/UBE2L6/EPSTI1/PSMB9/B2M/PSMB8/TAP1/PSME1/PSME2/GBP4,10561/9111/9636/4599/55281/6737/5610/6773/3433/8519/841/8767/54625/51667/684/3959/3669/972/135112/83666/3107/10964/219285/1997/10581/103/3660/3659/4061/3430/10628/23070/3431/9246/94240/5698/567/5696/6890/5720/5721/115361,Th1/Th17 cells,HALLMARK,Monaco_fine
HALLMARK_INTERFERON_GAMMA_RESPONSE,HALLMARK_INTERFERON_GAMMA_RESPONSE,143,-0.523523725188833,-2.4921640311576,1e-10,2.2636153185169e-09,1.78706472514492e-09,1456,"tags=43%, list=18%, signal=36%",MX1/SOCS3/VAMP5/TRIM21/EIF2AK2/MT2A/PELI1/STAT2/IFIT2/HLA-B/FAS/JAK2/BTG1/ISOC1/CASP8/RIPK2/HLA-A/PARP14/ITGB7/APOL6/IL18BP/AUTS2/BST2/MVP/LGALS3BP/ISG20/CD74/IFI44L/SAMD9L/STAT3/IFITM2/ADAR/IRF2/IRF1/LY6E/CD38/IFI35/CASP4/TXNIP/CMTR1/TNFSF10/RNF213/SP110/XAF1/UBE2L6/STAT4/TAPBP/EPSTI1/PSMB9/PSMA2/B2M/CD69/PSMB8/TAP1/PSME1/TNFAIP3/PSMB10/NFKB1/PSME2/NFKBIA/GBP4/STAT1,4599/9021/10791/6737/5610/4502/57162/6773/3433/3106/355/3717/694/51015/841/8767/3105/54625/3695/80830/10068/26053/684/9961/3959/3669/972/10964/219285/6774/10581/103/3660/3659/4061/952/3430/837/10628/23070/8743/57674/3431/54739/9246/6775/6892/94240/5698/5683/567/969/5696/6890/5720/7128/5699/4790/5721/4792/115361/6772,Th1/Th17 cells,HALLMARK,Monaco_fine
HALLMARK_TNFA_SIGNALING_VIA_NFKB,HALLMARK_TNFA_SIGNALING_VIA_NFKB,129,-0.506885087352553,-2.39256925862618,1e-10,2.2636153185169e-09,1.78706472514492e-09,1437,"tags=40%, list=17%, signal=34%",SOCS3/ZBTB10/CCNL1/BCL6/GADD45B/IER5/FOS/IRS2/FOSL2/IFIT2/BTG1/SAT1/RCAN1/RIPK2/CCL4/TANK/TNIP2/IL23A/IER3/AREG/B4GALT1/BIRC3/EHD1/TNFAIP8/PTGER4/MCL1/IRF1/GPR183/KDM6B/ZFP36/ATF3/IER2/ETS2/REL/IL7R/DUSP5/CD69/SQSTM1/CD83/RELB/TAP1/BCL2A1/NFKB2/TNFAIP3/NFKB1/PLK2/JUNB/TRAF1/DUSP2/BTG2/NR4A3/NFKBIA,9021/65986/57018/604/4616/51278/2353/8660/2355/3433/694/6303/1827/8767/6351/10010/79155/51561/8870/374/2683/330/10938/25816/5734/4170/3659/1880/23135/7538/467/9592/2114/5966/3575/1847/969/8878/9308/5971/6890/597/4791/7128/4790/10769/3726/7185/1844/7832/8013/4792,Th1/Th17 cells,HALLMARK,Monaco_fine
HALLMARK_ALLOGRAFT_REJECTION,HALLMARK_ALLOGRAFT_REJECTION,123,-0.392335124573506,-1.82531104353429,5.49838176493005e-05,0.000530764532025742,0.000419024630546638,1578,"tags=37%, list=19%, signal=31%",CD8A/RPS3A/GLMN/IFNGR1/RPL39/FYB1/SRGN/LY75/ZAP70/NCF4/CD96/EIF3D/IL2/FAS/JAK2/ITGB2/CXCR3/RPS19/IL2RG/CD247/TRAT1/RIPK2/HLA-A/NPM1/CCL4/EIF5A/CD28/CD74/RPS9/GALNT1/IL12RB1/LTB/CD3D/PTPRC/ETS1/STAT4/TAPBP/TGFB1/B2M/HCLS1/TAP1/TAP2/PSMB10/CTSS/HLA-E/STAT1,925/6189/11146/3459/6170/2533/5552/4065/7535/4689/10225/8664/3558/355/3717/3689/2833/6223/3561/919/50852/8767/3105/4869/6351/1984/940/972/6203/2589/3594/4050/915/5788/2113/6775/6892/7040/567/3059/6890/6891/5699/1520/3133/6772,Th1/Th17 cells,HALLMARK,Monaco_fine
HALLMARK_OXIDATIVE_PHOSPHORYLATION,HALLMARK_OXIDATIVE_PHOSPHORYLATION,193,-0.338230754795893,-1.70713504264431,5.52879720860148e-05,0.000530764532025742,0.000419024630546638,2054,"tags=38%, list=25%, signal=29%",ATP5F1A/MDH1/POLR2F/ETFDH/NDUFC2/NDUFB6/UQCR10/NDUFA7/ATP5F1E/HADHA/ATP5MC1/ALAS1/NDUFB8/FDX1/NDUFB5/HCCS/SLC25A3/NDUFS6/MDH2/TOMM22/GOT2/COX6C/ATP5PF/MRPL35/ATP6V1H/TIMM50/COX5B/UQCRH/COX6A1/NDUFC1/CYCS/IDH3A/COX17/ETFA/ACAA1/UQCRB/NDUFB1/MRPS22/SUCLA2/NDUFA1/ATP5F1D/ATP6V0C/ECI1/NDUFS4/ATP6V1E1/NDUFA5/TCIRG1/UQCRC2/HSD17B10/NDUFB3/PRDX3/NDUFV2/COX7B/TIMM13/ISCU/SURF1/NDUFS3/COX4I1/COX8A/ACAT1/FXN/SLC25A6/IDH2/NDUFS8/ATP6V1F/DECR1/NDUFS1/ATP6V0E1/VDAC3/ATP5MG/SLC25A5/NDUFAB1/LDHB,498/4190/5435/2110/4718/4712/29796/4701/514/3030/516/211/4714/2230/4711/3052/5250/4726/4191/56993/2806/1345/522/51318/51606/92609/1329/7388/1337/4717/54205/3419/10063/2108/30/7381/4707/56945/8803/4694/513/527/1632/4724/529/4698/10312/7385/3028/4709/10935/4729/1349/26517/23479/6834/4722/1327/1351/38/2395/293/3418/4728/9296/1666/4719/8992/7419/10632/292/4706/3945,Th1/Th17 cells,HALLMARK,Monaco_fine
HALLMARK_INFLAMMATORY_RESPONSE,HALLMARK_INFLAMMATORY_RESPONSE,84,-0.394899797161046,-1.72814403937241,0.000366493128246293,0.00293194502597034,0.00231469344155553,475,"tags=20%, list=6%, signal=19%",PTGER4/IRF1/GPR183/LY6E/SLC4A4/TNFRSF1B/TNFSF10/IL7R/TAPBP/RGS1/P2RX7/CXCR6/CD69/ADRM1/NFKB1/BTG2/NFKBIA,5734/3659/1880/4061/8671/7133/8743/3575/6892/5996/5027/10663/969/11047/4790/7832/4792,Th1/Th17 cells,HALLMARK,Monaco_fine
HALLMARK_UV_RESPONSE_UP,HALLMARK_UV_RESPONSE_UP,89,-0.364293094728665,-1.62063612176831,0.00195685189136964,0.0134184129693918,0.0105934839232041,1181,"tags=26%, list=14%, signal=22%",FOS/ACAA1/BTG1/POLG2/AP2S1/PPP1R2/SELENOW/POLR2H/BSG/PRKACA/IRF1/TUBA4A/TFRC/ATF3/ATP6V1F/HLA-F/SQSTM1/NUP58/TAP1/BCL2L11/JUNB/BTG2/NFKBIA,2353/30/694/11232/1175/5504/6415/5437/682/5566/3659/7277/7037/467/9296/3134/8878/9818/6890/10018/3726/7832/4792,Th1/Th17 cells,HALLMARK,Monaco_fine
HALLMARK_CHOLESTEROL_HOMEOSTASIS,HALLMARK_CHOLESTEROL_HOMEOSTASIS,43,0.465821989049495,1.76241012663009,0.00486288452272096,0.0291773071363257,0.0230347161602572,2406,"tags=56%, list=29%, signal=40%",ACAT2/CLU/CPEB2/CYP51A1/HMGCR/PDK3/STARD4/ANTXR2/CD9/FADS2/FDPS/FDFT1/SQLE/SC5D/SREBF2/LSS/ERRFI1/LDLR/HMGCS1/HSD17B7/CTNNB1/ATF5/ATXN2/LGALS3,39/1191/132864/1595/3156/5165/134429/118429/928/9415/2224/2222/6713/6309/6721/4047/54206/3949/3157/51478/1499/22809/6311/3958,Th1/Th17 cells,HALLMARK,Monaco_fine
HALLMARK_IL6_JAK_STAT3_SIGNALING,HALLMARK_IL6_JAK_STAT3_SIGNALING,48,-0.423654649034979,-1.68081926644967,0.0080934855182033,0.0431652560970843,0.034077833760856,1920,"tags=40%, list=23%, signal=31%",IL2RA/STAM2/TNF/JUN/IFNGR1/SOCS3/ITGA4/STAT2/FAS/IL2RG/STAT3/IRF1/IL12RB1/CD38/LTB/TNFRSF1B/TGFB1/HAX1/STAT1,3559/10254/7124/3725/3459/9021/3676/6773/355/3561/6774/3659/3594/952/4050/7133/7040/10456/6772,Th1/Th17 cells,HALLMARK,Monaco_fine
HALLMARK_MYC_TARGETS_V2,HALLMARK_MYC_TARGETS_V2,40,0.438995533409424,1.62508161044472,0.0107547792260746,0.0516229402851582,0.0407549528567038,1550,"tags=42%, list=19%, signal=35%",NDUFAF4/FARSA/EXOSC5/RCL1/IMP4/MPHOSPH10/HSPE1/PES1/DCTPP1/PA2G4/TCOF1/MYC/TFB2M/NIP7/RABEPK/WDR43/UTP20,29078/2193/56915/10171/92856/10199/3336/23481/79077/5036/6949/4609/64216/51388/10244/23160/27340,Th1/Th17 cells,HALLMARK,Monaco_fine
HALLMARK_KRAS_SIGNALING_UP,HALLMARK_KRAS_SIGNALING_UP,74,-0.342998707795864,-1.47498308566473,0.0176716820147189,0.0771127942460461,0.0608785217731943,713,"tags=22%, list=9%, signal=20%",RABGAP1L/SATB1/BIRC3/CXCR4/CROT/TNFRSF1B/CBR4/SDCCAG8/GYPC/ETS1/IL7R/PSMB8/PRDM1/TNFAIP3/TRAF1/CTSS,9910/6304/330/7852/54677/7133/84869/10806/2995/2113/3575/5696/639/7128/7185/1520,Th1/Th17 cells,HALLMARK,Monaco_fine
HALLMARK_KRAS_SIGNALING_DN,HALLMARK_KRAS_SIGNALING_DN,34,-0.424452527426836,-1.54892242138939,0.023322235375653,0.0932889415026121,0.0736491643441674,2427,"tags=53%, list=29%, signal=38%",TENT5C/FGGY/PLAG1/DTNB/PRKN/VPS50/NR4A2/PTPRJ/MX1/CLSTN3/KMT2D/MFSD6/ASB7/PDCD1/COQ8A/SLC16A7/IFI44L/BTG2,54855/55277/5324/1838/5071/55610/4929/5795/4599/9746/8085/54842/140460/5133/56997/9194/10964/7832,Th1/Th17 cells,HALLMARK,Monaco_fine
HALLMARK_MYC_TARGETS_V1,HALLMARK_MYC_TARGETS_V1,182,-0.238537595786543,-1.18762829636538,0.095,0.350769230769231,0.276923076923077,1904,"tags=31%, list=23%, signal=24%",RPL22/HDDC2/APEX1/XRCC6/SNRPA/CANX/RPL18/EIF4A1/PSMA1/RSL1D1/SLC25A3/RPL6/COPS5/PPIA/SNRPD2/RPS10/GOT2/PSMA4/SERBP1/SRSF3/RRM1/RPS3/GNL3/EIF3D/XPOT/SRM/PGK1/HNRNPC/MCM6/NPM1/SF3A1/EEF1B2/DDX18/GSPT1/ERH/C1QBP/MCM7/PSMA6/RPS6/PRDX3/RPS5/TFDP1/NHP2/PSMD1/PSMB3/PSMD7/SNRPG/HNRNPA1/PABPC1/RPS2/IFRD1/CLNS1A/PSMA2/VDAC3/RPLP0/NDUFAB1,6146/51020/328/2547/6626/821/6141/1973/5682/26156/5250/6128/10987/5478/6633/6204/2806/5685/26135/6428/6240/6188/26354/8664/11260/6723/5230/3183/4175/4869/10291/1933/8886/2935/2079/708/4176/5687/6194/10935/6193/7027/55651/5707/5691/5713/6637/3178/26986/6187/3475/1207/5683/7419/6175/4706,Th1/Th17 cells,HALLMARK,Monaco_fine
HALLMARK_UV_RESPONSE_DN,HALLMARK_UV_RESPONSE_DN,76,0.293550569257867,1.21186311747808,0.143112701252236,0.490672118579095,0.387372725194023,2104,"tags=38%, list=25%, signal=29%",MRPS31/ANXA2/DBP/AKT3/NR1D2/DMAC2L/ATRX/BMPR1A/NR3C1/CDK13/MYC/YTHDC1/GCNT1/PHF3/NEK7/INSIG1/ATRN/BHLHE40/BCKDHB/DYRK1A/SCAF8/LDLR/PDLIM5/MIOS/PRDM2/PTPRM/ATP2C1/ATP2B4/SRI,10240/302/1628/10000/9975/27109/546/657/2908/8621/4609/91746/2650/23469/140609/3638/8455/8553/594/1859/22828/3949/10611/54468/7799/5797/27032/493/6717,Th1/Th17 cells,HALLMARK,Monaco_fine
HALLMARK_DNA_REPAIR,HALLMARK_DNA_REPAIR,121,-0.250980408874924,-1.16796948309238,0.154228855721393,0.493532338308458,0.389630793401414,1408,"tags=27%, list=17%, signal=23%",RPA3/POLD4/RRM2B/SSRP1/USP11/POLR2A/GMPR2/COX17/REV3L/POLR2C/VPS28/POLR2I/RFC3/ERCC5/RBX1/POLR3GL/MPC2/GUK1/ALYREF/APRT/SURF1/ERCC4/POLR2H/BCAP31/POLA1/VPS37B/POLH/TP53/GTF2A2/DGUOK/TAF10/HCLS1/ADRM1,6119/57804/50484/6749/8237/5430/51292/10063/5980/5432/51160/5438/5983/2073/9978/84265/25874/2987/10189/353/6834/2072/5437/10134/5422/79720/5429/7157/2958/1716/6881/3059/11047,Th1/Th17 cells,HALLMARK,Monaco_fine
HALLMARK_UNFOLDED_PROTEIN_RESPONSE,HALLMARK_UNFOLDED_PROTEIN_RESPONSE,90,-0.26312140089402,-1.17131944183144,0.176190476190476,0.528571428571429,0.417293233082707,2024,"tags=36%, list=24%, signal=27%",HSP90B1/EIF4E/SSR1/EXOSC2/RPS14/SRPRA/ERN1/EIF4A3/EIF4A1/HSPA5/XBP1/SPCS3/BANF1/LSM1/SERP1/XPOT/HERPUD1/EEF2/NPM1/PDIA6/EIF4G1/FUS/CXXC1/DDIT4/HYOU1/NHP2/SHC1/SPCS1/CALR/ATP6V0D1/ATF3/KHSRP,7184/1977/6745/23404/6208/6734/2081/9775/1973/3309/7494/60559/8815/27257/27230/11260/9709/1938/4869/10130/1981/2521/30827/54541/10525/55651/6464/28972/811/9114/467/8570,Th1/Th17 cells,HALLMARK,Monaco_fine
HALLMARK_HYPOXIA,HALLMARK_HYPOXIA,103,-0.251434325750515,-1.14498909504882,0.192307692307692,0.542986425339367,0.428673493688974,2443,"tags=40%, list=30%, signal=28%",GRHPR/LDHA/P4HA1/EXT1/GYS1/IDS/BNIP3L/RBPJ/ATP7A/PRKCA/DDIT3/TPI1/GLRX/PGM2/GCNT2/SLC2A3/NOCT/HSPA5/JUN/GAPDH/TPST2/CDKN1B/CITED2/MT2A/SIAH2/FOS/IRS2/FOSL2/BTG1/PGK1/ISG20/IER3/DDIT4/CXCR4/PLAC8/VHL/ZFP36/ATF3/ETS1/FBP1/TNFAIP3,9380/3939/5033/2131/2997/3423/665/3516/538/5578/1649/7167/2745/55276/2651/6515/25819/3309/3725/2597/8459/1027/10370/4502/6478/2353/8660/2355/694/5230/3669/8870/54541/7852/51316/7428/7538/467/2113/2203/7128,Th1/Th17 cells,HALLMARK,Monaco_fine
HALLMARK_ESTROGEN_RESPONSE_EARLY,HALLMARK_ESTROGEN_RESPONSE_EARLY,84,0.266092840810999,1.12389272508206,0.236301369863014,0.564285714285714,0.445488721804511,2396,"tags=37%, list=29%, signal=26%",ABCA3/AMFR/SNX24/CD44/PPIF/RARA/GAB2/MYC/AKAP1/KAZN/ITPK1/TOB1/SLC39A6/BAG1/TMEM164/BHLHE40/ARL3/ADCY9/FDFT1/MYBL1/CISH/CHPT1/DYNLT3/GLA/CANT1/SLC16A1/RRP12/NXT1/NRIP1/UGCG/RASGRP1,21/267/28966/960/10105/5914/9846/4609/8165/23254/3705/10140/25800/573/84187/8553/403/115/2222/4603/1154/56994/6990/2717/124583/6566/23223/29107/8204/7357/10125,Th1/Th17 cells,HALLMARK,Monaco_fine
HALLMARK_PEROXISOME,HALLMARK_PEROXISOME,67,0.274549275087769,1.12124936378881,0.245644599303136,0.564285714285714,0.445488721804511,1677,"tags=31%, list=20%, signal=25%",IDH1/YWHAH/HRAS/SMARCC1/SIAH1/LONP2/FADS1/ERCC1/CAT/FDPS/SLC25A17/ITGB1BP1/CTPS1/ACSL1/PEX13/RDH11/MSH2/ECI2/DHCR24/PRDX1/GNPAT,3417/7533/3265/6599/6477/83752/3992/2067/847/2224/10478/9270/1503/2180/5194/51109/4436/10455/1718/5052/8443,Th1/Th17 cells,HALLMARK,Monaco_fine
HALLMARK_HEDGEHOG_SIGNALING,HALLMARK_HEDGEHOG_SIGNALING,12,0.405726255010593,1.09678369952174,0.335779816513762,0.564285714285714,0.445488721804511,734,"tags=25%, list=9%, signal=23%",DPYSL2/CDK6/PTCH1,1808/1021/5727,Th1/Th17 cells,HALLMARK,Monaco_fine
HALLMARK_BILE_ACID_METABOLISM,HALLMARK_BILE_ACID_METABOLISM,48,0.284568016788845,1.09189363963584,0.306194690265487,0.564285714285714,0.445488721804511,1677,"tags=25%, list=20%, signal=20%",ABCA3/IDH1/PECR/NR3C2/LONP2/FADS1/FADS2/CAT/ACSL1/PEX13/DHCR24/GNPAT,21/3417/55825/4306/83752/3992/9415/847/2180/5194/1718/8443,Th1/Th17 cells,HALLMARK,Monaco_fine
HALLMARK_APICAL_SURFACE,HALLMARK_APICAL_SURFACE,17,-0.358851772069717,-1.08929739047869,0.352678571428571,0.564285714285714,0.445488721804511,1031,"tags=35%, list=12%, signal=31%",IL2RG/GATA3/B4GALT1/ADAM10/CRYBG1/AKAP7,3561/2625/2683/102/202/9465,Th1/Th17 cells,HALLMARK,Monaco_fine
HALLMARK_FATTY_ACID_METABOLISM,HALLMARK_FATTY_ACID_METABOLISM,97,0.251231948043216,1.08063287266067,0.315789473684211,0.564285714285714,0.445488721804511,1899,"tags=29%, list=23%, signal=23%",ACAT2/LGALS1/IDH1/YWHAH/RAP1GDS1/HIBCH/DLST/PCBD1/HPGD/GCDH/S100A10/ALAD/ACAA2/SMS/HSP90AA1/ADSL/CBR1/ACSL1/HSPH1/BCKDHB/RDH11/ECI2/DHCR24/PPARA/ACO2/HMGCS1/HSD17B7/FH,39/3956/3417/7533/5910/26275/1743/5092/3248/2639/6281/210/10449/6611/3320/158/873/2180/10808/594/51109/10455/1718/5465/50/3157/51478/2271,Th1/Th17 cells,HALLMARK,Monaco_fine
HALLMARK_APOPTOSIS,HALLMARK_APOPTOSIS,106,-0.235823405350484,-1.07950462767156,0.273809523809524,0.564285714285714,0.445488721804511,1597,"tags=29%, list=19%, signal=24%",BCL2L1/JUN/HMGB2/DFFA/IFNGR1/CDKN1B/DNM1L/SOD1/GADD45B/FAS/SAT1/CASP8/ISG20/IER3/PDCD4/SATB1/BIRC3/BCAP31/MCL1/IRF1/CD38/LEF1/CASP4/TXNIP/ATF3/TNFSF10/CD69/SQSTM1/TAP1/BCL2L11/BTG2,598/3725/3148/1676/3459/1027/10059/6647/4616/355/6303/841/3669/8870/27250/6304/330/10134/4170/3659/952/51176/837/10628/467/8743/969/8878/6890/10018/7832,Th1/Th17 cells,HALLMARK,Monaco_fine
HALLMARK_MTORC1_SIGNALING,HALLMARK_MTORC1_SIGNALING,150,0.233525865833735,1.07277051410668,0.29933110367893,0.564285714285714,0.445488721804511,1654,"tags=25%, list=20%, signal=20%",CACYBP/IDH1/ACACA/IMMT/SRD5A1/PSME3/NFYC/CYP51A1/SLC1A5/HMGCR/HSPE1/PITPNB/ACSL3/SKAP2/HSPA4/STARD4/STIP1/PSMD12/EEF1E1/CD9/FADS1/GTF2H1/FADS2/INSIG1/EGLN3/GCLC/NUFIP1/BHLHE40/CDKN1A/RDH11/CCT6A/YKT6/QDPR/DHCR24/SQLE/SC5D/PRDX1,27101/3417/31/10989/6715/10197/4802/1595/6510/3156/3336/23760/2181/8935/3308/134429/10963/5718/9521/928/3992/2965/9415/3638/112399/2729/26747/8553/1026/51109/908/10652/5860/1718/6713/6309/5052,Th1/Th17 cells,HALLMARK,Monaco_fine
HALLMARK_APICAL_JUNCTION,HALLMARK_APICAL_JUNCTION,65,0.264748506602932,1.07008011543177,0.31511839708561,0.564285714285714,0.445488721804511,1115,"tags=20%, list=13%, signal=17%",NECTIN3/YWHAH/WASL/AKT3/CTNNA1/TSC1/HRAS/JAM3/SKAP2/AKT2/MPZL1/ITGB1/INSIG1,25945/7533/8976/10000/1495/7248/3265/83700/8935/208/9019/3688/3638,Th1/Th17 cells,HALLMARK,Monaco_fine
HALLMARK_P53_PATHWAY,HALLMARK_P53_PATHWAY,133,-0.223763433340426,-1.0542759186107,0.318181818181818,0.564285714285714,0.445488721804511,1229,"tags=20%, list=15%, signal=17%",CSRNP2/IER5/FOS/RAP2B/FAS/BTG1/WRAP73/SAT1/ERCC5/COQ8A/PMM1/IER3/DDIT4/ISCU/RPS12/POLH/TPRKB/ABCC5/TXNIP/ATF3/TP53/TGFB1/TAP1/PLK2/LDHB/BTG2,81566/51278/2353/5912/355/694/49856/6303/2073/56997/5372/8870/54541/23479/6206/5429/51002/10057/10628/467/7157/7040/6890/10769/3945/7832,Th1/Th17 cells,HALLMARK,Monaco_fine
HALLMARK_G2M_CHECKPOINT,HALLMARK_G2M_CHECKPOINT,124,0.234713962153298,1.04965439720113,0.339966832504146,0.564285714285714,0.445488721804511,1625,"tags=25%, list=20%, signal=20%",LIG3/RBL1/BRCA2/E2F4/SMARCC1/MNAT1/ATRX/MYC/SNRPD1/YTHDC1/CASP8AP2/CUL3/PDS5B/KPNA2/ARID4A/HSPA8/XPO1/WRN/CUL4A/AMD1/POLE/RAD23B/PURA/MTF2/CDC27/G3BP1/NCL/TLE3/CUL5/SQLE/SRSF10,3980/5933/675/1874/6599/4331/546/4609/6632/91746/9994/8452/23047/3838/5926/3312/7514/7486/8451/262/5426/5887/5813/22823/996/10146/4691/7090/8065/6713/10772,Th1/Th17 cells,HALLMARK,Monaco_fine
HALLMARK_COMPLEMENT,HALLMARK_COMPLEMENT,102,-0.230186184930203,-1.04804645286639,0.346062052505967,0.564285714285714,0.445488721804511,1232,"tags=20%, list=15%, signal=17%",AKAP10/CD55/LAMP2/JAK2/PFN1/GATA3/FYN/EHD1/CPQ/IRF2/CTSO/IRF1/GZMK/ERAP2/CASP4/DUSP5/PSMB9/PRCP/TNFAIP3/CTSS,11216/1604/3920/3717/5216/2625/2534/10938/10404/3660/1519/3659/3003/64167/837/1847/5698/5547/7128/1520,Th1/Th17 cells,HALLMARK,Monaco_fine
HALLMARK_GLYCOLYSIS,HALLMARK_GLYCOLYSIS,95,-0.23067568149428,-1.04272170946371,0.34916864608076,0.564285714285714,0.445488721804511,2426,"tags=43%, list=29%, signal=31%",LDHA/PGAM1/CYB5A/P4HA1/EXT1/PSMC4/GYS1/AK3/GALK2/TPI1/MDH1/GLRX/PGM2/CHST12/HS2ST1/SLC16A3/PGLS/PRPS1/AKR1A1/HSPA5/MDH2/PPIA/TALDO1/GOT2/CITED2/SOD1/IRS2/PGK1/COPB2/ME2/COG2/NASP/ISG20/IER3/B4GALT1/DDIT4/CXCR4/FUT8/HOMER1/HAX1/EXT2,3939/5223/1528/5033/2131/5704/2997/50808/2585/7167/4190/2745/55276/55501/9653/9123/25796/5631/10327/3309/4191/5478/6888/2806/10370/6647/8660/5230/9276/4200/22796/4678/3669/8870/2683/54541/7852/2530/9456/10456/2132,Th1/Th17 cells,HALLMARK,Monaco_fine
HALLMARK_WNT_BETA_CATENIN_SIGNALING,HALLMARK_WNT_BETA_CATENIN_SIGNALING,20,0.342241124586205,1.06755238525047,0.3886925795053,0.58303886925795,0.460293844151014,1169,"tags=30%, list=14%, signal=26%",CCND2/PPARD/CSNK1E/PTCH1/MYC/NKD1,894/5467/1454/5727/4609/85407,Th1/Th17 cells,HALLMARK,Monaco_fine
HALLMARK_ESTROGEN_RESPONSE_LATE,HALLMARK_ESTROGEN_RESPONSE_LATE,67,-0.245504143328424,-1.02867192035293,0.378504672897196,0.58303886925795,0.460293844151014,1191,"tags=22%, list=14%, signal=19%",SIAH2/FOS/JAK2/ELOVL5/ISG20/PDCD4/AREG/BATF/LSR/ZFP36/IDH2/UGDH/ADD3/RPS6KA2/DUSP2,6478/2353/3717/60481/3669/27250/374/10538/51599/7538/3418/7358/120/6196/1844,Th1/Th17 cells,HALLMARK,Monaco_fine
HALLMARK_MYOGENESIS,HALLMARK_MYOGENESIS,44,0.268449475006554,1.0200804632874,0.405217391304348,0.589407114624506,0.465321406282505,1543,"tags=27%, list=19%, signal=22%",PRNP/CLU/AGL/AKT2/ITGB1/ATP6AP1/FDPS/BAG1/ACSL1/BHLHE40/CDKN1A/ADCY9,5621/1191/178/208/3688/537/2224/573/2180/8553/1026/115,Th1/Th17 cells,HALLMARK,Monaco_fine
HALLMARK_ANDROGEN_RESPONSE,HALLMARK_ANDROGEN_RESPONSE,74,0.244638758828228,1.00704661970093,0.443462897526502,0.604133545310016,0.476947535771065,1135,"tags=22%, list=14%, signal=19%",CDC14B/HPGD/NDRG1/SLC38A2/HMGCR/TPD52/ACSL3/TSC22D1/CDK6/PA2G4/FADS1/PGM3/VAPA/SMS/INSIG1/ANKH,8555/3248/10397/54407/3156/7163/2181/8848/1021/5036/3992/5238/9218/6611/3638/56172,Th1/Th17 cells,HALLMARK,Monaco_fine
HALLMARK_E2F_TARGETS,HALLMARK_E2F_TARGETS,129,0.224084982812457,1.00343639411265,0.441127694859038,0.604133545310016,0.476947535771065,2334,"tags=33%, list=28%, signal=24%",POLD3/RBBP7/CSE1L/EIF2S1/BRCA2/MLH1/DUT/WEE1/DCTPP1/PA2G4/NUP153/MYC/PDS5B/KPNA2/RFC2/XPO1/PCNA/POLE/PPM1D/POLE4/CTPS1/CDKN1A/ASF1A/MSH2/LUC7L3/ATAD2/KIF22/MMS22L/TUBB/RPA1/RAD50/LMNB1/USP1/PPP1R8/TIPIN/HMGA1/RAD1/RAD51C/NME1/SMC1A/MAD2L1/DEK,10714/5931/1434/1965/675/4292/1854/7465/79077/5036/9972/4609/23047/3838/5982/7514/5111/5426/8493/56655/1503/1026/25842/4436/51747/29028/3835/253714/203068/6117/10111/4001/7398/5511/54962/3159/5810/5889/4830/8243/4085/7913,Th1/Th17 cells,HALLMARK,Monaco_fine
HALLMARK_ADIPOGENESIS,HALLMARK_ADIPOGENESIS,127,-0.21253459548383,-0.996729817882486,0.46,0.604133545310016,0.476947535771065,1952,"tags=30%, list=24%, signal=23%",UQCR10/PPM1B/UCP2/SAMM50/GADD45A/ACLY/DNAJC15/SCP2/ARAF/MDH2/DGAT1/STOM/TALDO1/IFNGR1/EPHX2/BCL6/SOD1/PIM3/COX6A1/IDH3A/NMT1/TANK/MTCH2/NDUFA5/GHITM/PDCD4/PRDX3/DHRS7B/COX7B/AK2/CHCHD10/NDUFS3/APLP2/COX8A/TKT/ATP1B3/DECR1/NDUFAB1,29796/5495/7351/25813/1647/47/29103/6342/369/4191/8694/2040/6888/3459/2053/604/6647/415116/1337/3419/4836/10010/23788/4698/27069/27250/10935/25979/1349/204/400916/4722/334/1351/7086/483/1666/4706,Th1/Th17 cells,HALLMARK,Monaco_fine
HALLMARK_IL2_STAT5_SIGNALING,HALLMARK_IL2_STAT5_SIGNALING,118,-0.211694159041565,-0.985283849045073,0.465686274509804,0.604133545310016,0.476947535771065,554,"tags=11%, list=7%, signal=10%",DHRS3/BATF/TTC39B/LTB/TNFRSF1B/TNFSF10/LRRC8C/IGF1R/CD83/NFKBIZ/TRAF1/PTRH2/GBP4,9249/10538/158219/4050/7133/8743/84230/3480/9308/64332/7185/51651/115361,Th1/Th17 cells,HALLMARK,Monaco_fine
HALLMARK_SPERMATOGENESIS,HALLMARK_SPERMATOGENESIS,42,0.255424704066191,0.960153452033372,0.503508771929825,0.63601108033241,0.502114010788745,1569,"tags=26%, list=19%, signal=21%",PIAS2/RAD17/JAM3/TSN/TOPBP1/ARL4A/MLF1/RFC4/PEBP1/PGS1/CHFR,9063/5884/83700/7247/11073/10124/4291/5984/5037/9489/55743,Th1/Th17 cells,HALLMARK,Monaco_fine
HALLMARK_MITOTIC_SPINDLE,HALLMARK_MITOTIC_SPINDLE,121,0.210536741282326,0.938285717539632,0.601666666666667,0.705674207001137,0.55711121605353,2524,"tags=35%, list=31%, signal=24%",PKD2/WASL/APC/KLC1/BRCA2/ALS2/TSC1/HOOK3/HDAC6/KIF1B/YWHAE/ARL8A/CCDC88A/TUBD1/WASF2/MAPRE1/SOS1/ARHGAP5/ARHGEF7/CDC27/STK38L/RANBP9/ARHGEF12/KIF22/CAPZB/CD2AP/RAB3GAP1/ACTN4/PDLIM5/ARHGEF2/LATS1/LMNB1/CLASP1/ROCK1/SMC1A/KIF5B/MYO9B/ATG4B/TBCD/RALBP1/TUBGCP6/ABI1,5311/8976/324/3831/675/57679/7248/84376/10013/23095/7531/127829/55704/51174/10163/22919/6654/394/8874/996/23012/10048/23365/3835/832/23607/22930/81/10611/9181/9113/4001/23332/6093/8243/3799/4650/23192/6904/10928/85378/10006,Th1/Th17 cells,HALLMARK,Monaco_fine
HALLMARK_TGF_BETA_SIGNALING,HALLMARK_TGF_BETA_SIGNALING,38,0.250554942456479,0.915087136506285,0.601398601398601,0.705674207001137,0.55711121605353,1398,"tags=24%, list=17%, signal=20%",MAP3K7/TGFBR1/APC/XIAP/BMPR1A/SMURF1/SMURF2/PPM1A/CDK9,6885/7046/324/331/657/57154/64750/5494/1025,Th1/Th17 cells,HALLMARK,Monaco_fine
HALLMARK_COAGULATION,HALLMARK_COAGULATION,31,0.261208383931279,0.912975535506324,0.602763385146805,0.705674207001137,0.55711121605353,1037,"tags=23%, list=13%, signal=20%",CLU/GNB2/CFH/RABIF/ANXA1/CD9/DPP4,1191/2783/3075/5877/301/928/1803,Th1/Th17 cells,HALLMARK,Monaco_fine
HALLMARK_EPITHELIAL_MESENCHYMAL_TRANSITION,HALLMARK_EPITHELIAL_MESENCHYMAL_TRANSITION,46,-0.226363410110878,-0.885341003455546,0.687927107061503,0.78620240807029,0.620686111634439,1222,"tags=22%, list=15%, signal=19%",GADD45B/GLIPR1/FAS/SAT1/MCM7/AREG/IL32/WIPF1/TGFB1/TNFAIP3,4616/11010/355/6303/4176/374/9235/7456/7040/7128,Th1/Th17 cells,HALLMARK,Monaco_fine
HALLMARK_HEME_METABOLISM,HALLMARK_HEME_METABOLISM,112,0.199203906391661,0.877333283136662,0.727272727272727,0.801864801864802,0.633051159366949,2277,"tags=29%, list=28%, signal=22%",DCAF11/MINPP1/CLCN3/RCL1/VEZF1/ADD1/ISCA1/CCDC28A/KHNYN/NR3C1/BACH1/ALAD/NEK7/SLC66A2/CAT/RBM38/KLF3/EZH1/SLC11A2/GCLC/MKRN1/CDC27/ARHGEF12/CDR2/TMEM9B/DAAM1/HBB/MPP1/BMP2K/UBAC1/CAST/ACSL6/TNRC6B,80344/9562/1182/10171/7716/118/81689/25901/23351/2908/571/210/140609/80148/847/55544/51274/2145/4891/2729/23608/996/23365/1039/56674/23002/3043/4354/55589/10422/831/23305/23112,Th1/Th17 cells,HALLMARK,Monaco_fine
HALLMARK_PI3K_AKT_MTOR_SIGNALING,HALLMARK_PI3K_AKT_MTOR_SIGNALING,82,0.20564474414138,0.867214912217251,0.735042735042735,0.801864801864802,0.633051159366949,201,"tags=9%, list=2%, signal=8%",MAP3K7/MKNK1/ATF1/FASLG/ACACA/NOD1/PPP2R1B,6885/8569/466/356/31/10392/5519,Th1/Th17 cells,HALLMARK,Monaco_fine
HALLMARK_PROTEIN_SECRETION,HALLMARK_PROTEIN_SECRETION,82,-0.196691969474206,-0.856141603457677,0.796163069544365,0.849240607513989,0.670453111195254,1397,"tags=21%, list=17%, signal=17%",RAB9A/ATP6V1H/DNM1L/SOD1/LAMP2/COPB2/AP2S1/COG2/RPS6KA3/AP3B1/NAPA/ERGIC3/COPE/COPB1/ADAM10/TMX1/DOP1A,9367/51606/10059/6647/3920/9276/1175/22796/6197/8546/8775/51614/11316/1315/102/81542/23033,Th1/Th17 cells,HALLMARK,Monaco_fine
HALLMARK_XENOBIOTIC_METABOLISM,HALLMARK_XENOBIOTIC_METABOLISM,83,0.188963948458741,0.795775082858467,0.874137931034483,0.892736610418195,0.70479206085647,1870,"tags=28%, list=23%, signal=22%",IDH1/SLC1A5/ACP1/PPARD/DHRS7/CYFIP2/TNFRSF1A/DDAH2/POR/DCXR/CAT/SPINT2/ENTPD5/CNDP2/AHCY/GCLC/PGRMC1/CBR1/AP4B1/ACOX3/ACO2/PDLIM5/ID2,3417/6510/52/5467/51635/26999/7132/23564/5447/51181/847/10653/957/55748/191/2729/10857/873/10717/8310/50/10611/3398,Th1/Th17 cells,HALLMARK,Monaco_fine
HALLMARK_REACTIVE_OXYGEN_SPECIES_PATHWAY,HALLMARK_REACTIVE_OXYGEN_SPECIES_PATHWAY,38,0.20723484107638,0.756871668328233,0.870629370629371,0.892736610418195,0.70479206085647,1886,"tags=21%, list=23%, signal=16%",PRNP/HMOX2/GLRX2/EGLN2/CAT/GCLC/PRDX1/CDKN2D,5621/3163/51022/112398/847/2729/5052/1032,Th1/Th17 cells,HALLMARK,Monaco_fine
HALLMARK_NOTCH_SIGNALING,HALLMARK_NOTCH_SIGNALING,16,0.141619728613285,0.413528428671946,1,1,0.789473684210526,1713,"tags=19%, list=21%, signal=15%",PPARD/DTX1/LFNG,5467/1840/3955,Th1/Th17 cells,HALLMARK,Monaco_fine
HALLMARK_CHOLESTEROL_HOMEOSTASIS,HALLMARK_CHOLESTEROL_HOMEOSTASIS,10,0.621254229521693,1.63738099207588,0.0273290936721568,0.673177083333333,0.673177083333333,118,"tags=40%, list=9%, signal=37%",S100A11/SREBF2/IDI1/CYP51A1,6282/6721/3422/1595,Th17 cells,HALLMARK,Monaco_fine
HALLMARK_ALLOGRAFT_REJECTION,HALLMARK_ALLOGRAFT_REJECTION,43,-0.38071183350856,-1.37528291404752,0.0729166666666667,0.673177083333333,0.673177083333333,315,"tags=42%, list=25%, signal=33%",STAT4/LCK/RPL39/IL2/RPS9/RPS3A/CD96/HLA-E/ETS1/HLA-A/CD3D/RPS19/TRAT1/B2M/PRKCB/CD3E/CD3G/CD40LG,6775/3932/6170/3558/6203/6189/10225/3133/2113/3105/915/6223/50852/567/5579/916/917/959,Th17 cells,HALLMARK,Monaco_fine
HALLMARK_P53_PATHWAY,HALLMARK_P53_PATHWAY,34,-0.402534953943932,-1.37281808483819,0.0815972222222222,0.673177083333333,0.673177083333333,123,"tags=32%, list=10%, signal=30%",TXNIP/RPS12/PPP1R15A/DDIT4/FBXW7/KIF13B/FOS/ZBTB16/PRMT2/JUN/TSPYL2,10628/6206/23645/54541/55294/23303/2353/7704/3275/3725/64061,Th17 cells,HALLMARK,Monaco_fine
HALLMARK_UV_RESPONSE_DN,HALLMARK_UV_RESPONSE_DN,32,0.379871900101215,1.36964636308375,0.0687203791469194,0.673177083333333,0.673177083333333,85,"tags=22%, list=7%, signal=21%",RUNX1/ATP2B1/YTHDC1/NEK7/SIPA1L1/DYRK1A/CDK13,861/490/91746/140609/26037/1859/8621,Th17 cells,HALLMARK,Monaco_fine
HALLMARK_ADIPOGENESIS,HALLMARK_ADIPOGENESIS,13,-0.47209860487445,-1.24728604427442,0.197368421052632,0.813008130081301,0.813008130081301,223,"tags=31%, list=17%, signal=26%",UQCR11/GPHN/PDCD4/COX6A1,10975/10243/27250/1337,Th17 cells,HALLMARK,Monaco_fine
HALLMARK_APICAL_JUNCTION,HALLMARK_APICAL_JUNCTION,21,-0.411447205861294,-1.24559298936638,0.197106690777577,0.813008130081301,0.813008130081301,447,"tags=57%, list=35%, signal=38%",PTPRC/AKT3/CD99/EVL/INSIG1/ACTG1/RASA1/PFN1/ACTB/RAC2/MYH9/DLG1,5788/10000/4267/51466/3638/71/5921/5216/60/5880/4627/1739,Th17 cells,HALLMARK,Monaco_fine
HALLMARK_TNFA_SIGNALING_VIA_NFKB,HALLMARK_TNFA_SIGNALING_VIA_NFKB,51,-0.324630618395877,-1.20685390073569,0.166377816291161,0.813008130081301,0.813008130081301,130,"tags=18%, list=10%, signal=17%",NFAT5/PPP1R15A/FOS/BIRC3/IL7R/CFLAR/JUN/NR4A3/NR4A1,10725/23645/2353/330/3575/8837/3725/8013/3164,Th17 cells,HALLMARK,Monaco_fine
HALLMARK_HYPOXIA,HALLMARK_HYPOXIA,37,-0.344035631061027,-1.19751952738159,0.18499127399651,0.813008130081301,0.813008130081301,337,"tags=41%, list=26%, signal=31%",NR3C1/BCL2/KLF6/UGP2/PGK1/CXCR4/BTG1/RORA/RBPJ/ETS1/PPP1R15A/DDIT4/FOS/MYH9/JUN,2908/596/1316/7360/5230/7852/694/6095/3516/2113/23645/54541/2353/4627/3725,Th17 cells,HALLMARK,Monaco_fine
HALLMARK_COMPLEMENT,HALLMARK_COMPLEMENT,27,0.334658926379845,1.16857742454293,0.221729490022173,0.813008130081301,0.813008130081301,50,"tags=15%, list=4%, signal=15%",IRF1/HSPA1A/CD46/GNG2,3659/3303/4179/54331,Th17 cells,HALLMARK,Monaco_fine
HALLMARK_EPITHELIAL_MESENCHYMAL_TRANSITION,HALLMARK_EPITHELIAL_MESENCHYMAL_TRANSITION,15,-0.427123410585575,-1.18444753193899,0.255597014925373,0.843470149253731,0.843470149253731,90,"tags=27%, list=7%, signal=25%",COPA/GLIPR1/TPM4/JUN,1314/11010/7171/3725,Th17 cells,HALLMARK,Monaco_fine
HALLMARK_FATTY_ACID_METABOLISM,HALLMARK_FATTY_ACID_METABOLISM,14,0.389260725084056,1.12176355329115,0.31317494600432,0.848117080135642,0.848117080135642,239,"tags=50%, list=19%, signal=41%",RAP1GDS1/S100A10/IDI1/XIST/MIF/ERP29/HMGCS1,5910/6281/3422/7503/4282/10961/3157,Th17 cells,HALLMARK,Monaco_fine
HALLMARK_GLYCOLYSIS,HALLMARK_GLYCOLYSIS,17,0.363554778011783,1.11275007751868,0.291666666666667,0.848117080135642,0.848117080135642,18,"tags=12%, list=1%, signal=12%",ISG20/CD44,3669/960,Th17 cells,HALLMARK,Monaco_fine
HALLMARK_MTORC1_SIGNALING,HALLMARK_MTORC1_SIGNALING,36,0.29035052173953,1.07455036119842,0.334106728538283,0.848117080135642,0.848117080135642,304,"tags=33%, list=24%, signal=26%",HSPA9/HSPE1/IDI1/CYP51A1/M6PR/CALR/XBP1/HMGCS1/ENO1/HSPA5/ADD3/SQSTM1,3313/3336/3422/1595/4074/811/7494/3157/2023/3309/120/8878,Th17 cells,HALLMARK,Monaco_fine
HALLMARK_G2M_CHECKPOINT,HALLMARK_G2M_CHECKPOINT,30,0.295441455837541,1.04613903000987,0.368794326241135,0.869300911854103,0.869300911854103,368,"tags=47%, list=29%, signal=34%",YTHDC1/HMGN2/SRSF10/STAG1/KIF5B/HNRNPD/CDKN1B/RAD21/RPS6KA5/SYNCRIP/G3BP1/SRSF2/HSPA8/TOP1,91746/3151/10772/10274/3799/3184/1027/5885/9252/10492/10146/6427/3312/7150,Th17 cells,HALLMARK,Monaco_fine
HALLMARK_APOPTOSIS,HALLMARK_APOPTOSIS,29,-0.305498446693886,-1.00294863108067,0.428822495606327,0.908418708240534,0.908418708240534,81,"tags=17%, list=6%, signal=17%",BIRC3/PDCD4/CFLAR/JUN/DPYD,330/27250/8837/3725/1806,Th17 cells,HALLMARK,Monaco_fine
HALLMARK_INTERFERON_ALPHA_RESPONSE,HALLMARK_INTERFERON_ALPHA_RESPONSE,17,0.322101441295355,0.985871801026552,0.469298245614035,0.908418708240534,0.908418708240534,53,"tags=18%, list=4%, signal=17%",IRF1/ISG20/GBP2,3659/3669/2634,Th17 cells,HALLMARK,Monaco_fine
HALLMARK_ESTROGEN_RESPONSE_EARLY,HALLMARK_ESTROGEN_RESPONSE_EARLY,16,-0.345986056400299,-0.983816433353378,0.471349353049908,0.908418708240534,0.908418708240534,329,"tags=44%, list=26%, signal=33%",BCL2/AFF1/ELF1/ELOVL5/FKBP5/FOS/BCL11B,596/4299/1997/60481/2289/2353/64919,Th17 cells,HALLMARK,Monaco_fine
HALLMARK_MITOTIC_SPINDLE,HALLMARK_MITOTIC_SPINDLE,32,-0.275466817371141,-0.927814469037195,0.555172413793104,0.908418708240534,0.908418708240534,45,"tags=22%, list=4%, signal=22%",RASA1/PREX1/SMC3/NCK2/MYH9/CAPZB/DLG1,5921/57580/9126/8440/4627/832/1739,Th17 cells,HALLMARK,Monaco_fine
HALLMARK_PROTEIN_SECRETION,HALLMARK_PROTEIN_SECRETION,16,0.307841608165926,0.923026149062244,0.55531453362256,0.908418708240534,0.908418708240534,271,"tags=31%, list=21%, signal=25%",ATP1A1/GOLGA4/M6PR/MON2/ADAM10,476/2803/4074/23041/102,Th17 cells,HALLMARK,Monaco_fine
HALLMARK_ESTROGEN_RESPONSE_LATE,HALLMARK_ESTROGEN_RESPONSE_LATE,19,0.288289569444643,0.907975866571157,0.580573951434879,0.908418708240534,0.908418708240534,18,"tags=11%, list=1%, signal=11%",ISG20/CD44,3669/960,Th17 cells,HALLMARK,Monaco_fine
HALLMARK_IL6_JAK_STAT3_SIGNALING,HALLMARK_IL6_JAK_STAT3_SIGNALING,16,0.293951064687063,0.88137702004403,0.635574837310195,0.908418708240534,0.908418708240534,18,"tags=12%, list=1%, signal=12%",IRF1/CD44,3659/960,Th17 cells,HALLMARK,Monaco_fine
HALLMARK_INFLAMMATORY_RESPONSE,HALLMARK_INFLAMMATORY_RESPONSE,25,0.254543444697911,0.867330205306346,0.669623059866962,0.908418708240534,0.908418708240534,348,"tags=44%, list=27%, signal=33%",IRF1/ATP2B1/GPR183/AHR/TAPBP/RGS1/LCP2/NFKB1/NFKBIA/SEMA4D/RASGRP1,3659/490/1880/196/6892/5996/3937/4790/4792/10507/10125,Th17 cells,HALLMARK,Monaco_fine
HALLMARK_OXIDATIVE_PHOSPHORYLATION,HALLMARK_OXIDATIVE_PHOSPHORYLATION,19,-0.288270977038035,-0.849478874965186,0.657559198542805,0.908418708240534,0.908418708240534,28,"tags=21%, list=2%, signal=21%",COX6C/UQCR11/ATP6V0E1/COX6A1,1345/10975/8992/1337,Th17 cells,HALLMARK,Monaco_fine
HALLMARK_HEME_METABOLISM,HALLMARK_HEME_METABOLISM,23,0.258119931171535,0.847501385310606,0.686666666666667,0.908418708240534,0.908418708240534,155,"tags=17%, list=12%, signal=16%",NEK7/FBXO34/RBM5/CCND3,140609/55030/10181/896,Th17 cells,HALLMARK,Monaco_fine
HALLMARK_E2F_TARGETS,HALLMARK_E2F_TARGETS,21,0.261642691450745,0.845129334263637,0.688195991091314,0.908418708240534,0.908418708240534,310,"tags=43%, list=24%, signal=33%",TUBB/LUC7L3/SNRPB/STAG1/HNRNPD/CDKN1B/RAD21/XRCC6/SYNCRIP,203068/51747/6628/10274/3184/1027/5885/2547/10492,Th17 cells,HALLMARK,Monaco_fine
HALLMARK_KRAS_SIGNALING_UP,HALLMARK_KRAS_SIGNALING_UP,19,-0.271397012660931,-0.799754562019959,0.744990892531876,0.910544424205627,0.910544424205627,123,"tags=47%, list=10%, signal=43%",CCSER2/PRDM1/LCP1/CXCR4/ETS1/PPP1R15A/RABGAP1L/BIRC3/IL7R,54462/639/3936/7852/2113/23645/9910/330/3575,Th17 cells,HALLMARK,Monaco_fine
HALLMARK_UV_RESPONSE_UP,HALLMARK_UV_RESPONSE_UP,22,-0.255840306626713,-0.788958146470154,0.741992882562278,0.910544424205627,0.910544424205627,82,"tags=27%, list=6%, signal=26%",BTG1/FOSB/TMBIM6/FOS/HLA-F/NR4A1,694/2354/7009/2353/3134/3164,Th17 cells,HALLMARK,Monaco_fine
HALLMARK_INTERFERON_GAMMA_RESPONSE,HALLMARK_INTERFERON_GAMMA_RESPONSE,35,0.221850672896755,0.813782660705814,0.797647058823529,0.940084033613445,0.940084033613445,19,"tags=9%, list=1%, signal=9%",IRF1/ISG20/RAPGEF6,3659/3669/51735,Th17 cells,HALLMARK,Monaco_fine
HALLMARK_UNFOLDED_PROTEIN_RESPONSE,HALLMARK_UNFOLDED_PROTEIN_RESPONSE,24,-0.223788191107159,-0.697441203309287,0.891143911439114,0.970973411191111,0.970973411191111,122,"tags=12%, list=10%, signal=12%",DDIT4/PDIA6/TSPYL2,54541/10130/64061,Th17 cells,HALLMARK,Monaco_fine
HALLMARK_PI3K_AKT_MTOR_SIGNALING,HALLMARK_PI3K_AKT_MTOR_SIGNALING,23,-0.222459695032901,-0.688875482677796,0.878623188405797,0.970973411191111,0.970973411191111,420,"tags=48%, list=33%, signal=33%",ACTR2/SLA/HSP90B1/LCK/CFL1/CXCR4/ACTR3/PFN1/GRB2/PRKCB/ARF1,10097/6503/7184/3932/1072/7852/10096/5216/2885/5579/375,Th17 cells,HALLMARK,Monaco_fine
HALLMARK_IL2_STAT5_SIGNALING,HALLMARK_IL2_STAT5_SIGNALING,29,-0.205683895882148,-0.675258365608138,0.912126537785589,0.970973411191111,0.970973411191111,433,"tags=55%, list=34%, signal=37%",CDC42SE2/SLC2A3/NFKBIZ/GADD45B/HUWE1/ODC1/LRRC8C/SNX9/HIPK2/BCL2/KLF6/PRKCH/RORA/RABGAP1L/IL18R1/CD48,56990/6515/64332/4616/10075/4953/84230/51429/28996/596/1316/5583/6095/9910/8809/962,Th17 cells,HALLMARK,Monaco_fine
HALLMARK_MYC_TARGETS_V1,HALLMARK_MYC_TARGETS_V1,62,-0.169456551916573,-0.656320190405356,0.966942148760331,0.997159090909091,0.997159090909091,206,"tags=16%, list=16%, signal=14%",RPS2/RAN/SRSF3/SRSF7/PTGES3/BUB3/RPS6/DDX18/HNRNPA2B1/TRA2B,6187/5901/6428/6432/10728/9184/6194/8886/3181/6434,Th17 cells,HALLMARK,Monaco_fine
HALLMARK_ANDROGEN_RESPONSE,HALLMARK_ANDROGEN_RESPONSE,22,0.142118827235026,0.46036012419305,0.997727272727273,0.997727272727273,0.997727272727273,250,"tags=23%, list=20%, signal=19%",IDI1/CCND3/SAT1/HMGCS1/ARID5B,3422/896/6303/3157/84159,Th17 cells,HALLMARK,Monaco_fine
HALLMARK_HYPOXIA,HALLMARK_HYPOXIA,20,0.538915155100854,1.73060293250533,0.0117989313901014,0.0753318534008018,0.0515428470637065,48,"tags=35%, list=9%, signal=33%",DDIT4/ZFP36/KLF6/DUSP1/PPP1R15A/GAPDH/JUN,54541/7538/1316/1843/23645/2597/3725,Th2 cells,HALLMARK,Monaco_fine
HALLMARK_P53_PATHWAY,HALLMARK_P53_PATHWAY,21,0.519916737409567,1.68582515440617,0.0150663706801604,0.0753318534008018,0.0515428470637065,58,"tags=29%, list=11%, signal=27%",DDIT4/CCND2/PPP1R15A/RPS12/JUN/SAT1,54541/894/23645/6206/3725/6303,Th2 cells,HALLMARK,Monaco_fine
HALLMARK_APOPTOSIS,HALLMARK_APOPTOSIS,19,0.533307792396384,1.6784640082011,0.0148395878356422,0.0753318534008018,0.0515428470637065,58,"tags=37%, list=11%, signal=34%",CD44/TNF/CCND2/CD2/JUN/MCL1/SAT1,960/7124/894/914/3725/4170/6303,Th2 cells,HALLMARK,Monaco_fine
HALLMARK_TNFA_SIGNALING_VIA_NFKB,HALLMARK_TNFA_SIGNALING_VIA_NFKB,35,0.444721422563454,1.60873799316861,0.0141904432432943,0.0753318534008018,0.0515428470637065,97,"tags=40%, list=18%, signal=35%",CD44/TNF/ZFP36/KLF6/DUSP1/PPP1R15A/FOSB/JUN/MCL1/JUNB/SAT1/IL6ST/ID2/IER2,960/7124/7538/1316/1843/23645/2354/3725/4170/3726/6303/3572/3398/9592,Th2 cells,HALLMARK,Monaco_fine
HALLMARK_ESTROGEN_RESPONSE_LATE,HALLMARK_ESTROGEN_RESPONSE_LATE,10,0.619082686784722,1.60365032500629,0.0191764691338763,0.0767058765355051,0.0524829681558719,92,"tags=40%, list=17%, signal=34%",CD44/ZFP36/IL6ST/ID2,960/7538/3572/3398,Th2 cells,HALLMARK,Monaco_fine
HALLMARK_MYC_TARGETS_V1,HALLMARK_MYC_TARGETS_V1,30,0.443060328128791,1.55336714545917,0.0290516592322688,0.0968388641075626,0.0662581701788586,87,"tags=30%, list=16%, signal=27%",HSP90AB1/NAP1L1/RPL6/RPS5/RPS6/SET/SRSF7/RPS10/PABPC1,3326/4673/6128/6193/6194/6418/6432/6204/26986,Th2 cells,HALLMARK,Monaco_fine
HALLMARK_MTORC1_SIGNALING,HALLMARK_MTORC1_SIGNALING,15,0.507284207207167,1.49170556694951,0.0456465885722161,0.130418824492046,0.0892339325471895,47,"tags=27%, list=9%, signal=25%",DDIT4/PPP1R15A/GAPDH/ACTR3,54541/23645/2597/10096,Th2 cells,HALLMARK,Monaco_fine
HALLMARK_UV_RESPONSE_UP,HALLMARK_UV_RESPONSE_UP,15,0.464535101728282,1.36599875857864,0.0934182590233546,0.233545647558386,0.159794390434685,128,"tags=47%, list=24%, signal=37%",FOSB/DNAJB1/JUNB/EIF5/IL6ST/DNAJA1/TMBIM6,2354/3337/3726/1983/3572/3301/7009,Th2 cells,HALLMARK,Monaco_fine
HALLMARK_KRAS_SIGNALING_UP,HALLMARK_KRAS_SIGNALING_UP,12,0.477116417437932,1.29275899147505,0.143459915611814,0.318799812470699,0.218126187479952,18,"tags=25%, list=3%, signal=25%",LCP1/CCND2/PPP1R15A,3936/894/23645,Th2 cells,HALLMARK,Monaco_fine
HALLMARK_UNFOLDED_PROTEIN_RESPONSE,HALLMARK_UNFOLDED_PROTEIN_RESPONSE,10,0.475209306501037,1.23096570956345,0.222457627118644,0.444915254237288,0.304415700267618,159,"tags=40%, list=30%, signal=29%",DDIT4/RPS14/YWHAZ/EIF4A2,54541/6208/7534/1974,Th2 cells,HALLMARK,Monaco_fine
HALLMARK_EPITHELIAL_MESENCHYMAL_TRANSITION,HALLMARK_EPITHELIAL_MESENCHYMAL_TRANSITION,10,0.457349862918116,1.18470322618674,0.26906779661017,0.489214175654854,0.334725488605953,92,"tags=40%, list=17%, signal=34%",CD44/JUN/SAT1/ID2,960/3725/6303/3398,Th2 cells,HALLMARK,Monaco_fine
HALLMARK_APICAL_JUNCTION,HALLMARK_APICAL_JUNCTION,14,0.395472133702479,1.13898388321308,0.303092783505155,0.505154639175258,0.345632121540966,60,"tags=29%, list=11%, signal=26%",ACTG1/ACTB/ARPC2/CAP1,71/60/10109/10487,Th2 cells,HALLMARK,Monaco_fine
HALLMARK_IL2_STAT5_SIGNALING,HALLMARK_IL2_STAT5_SIGNALING,17,0.358437664926847,1.09781743025503,0.365800865800866,0.522572665429808,0.357549718451974,14,"tags=18%, list=3%, signal=18%",CD44/CCND2/KLF6,960/894/1316,Th2 cells,HALLMARK,Monaco_fine
HALLMARK_INTERFERON_GAMMA_RESPONSE,HALLMARK_INTERFERON_GAMMA_RESPONSE,15,-0.383095517164395,-1.06652900661192,0.346516007532957,0.522572665429808,0.357549718451974,210,"tags=60%, list=39%, signal=37%",NFKBIA/ARID5B/PSME1/TNFAIP3/BTG1/STAT1/STAT4/HLA-A/RNF213,4792/84159/5720/7128/694/6772/6775/3105/57674,Th2 cells,HALLMARK,Monaco_fine
HALLMARK_MITOTIC_SPINDLE,HALLMARK_MITOTIC_SPINDLE,14,-0.331761074353293,-0.901652930853814,0.591876208897486,0.759943181818182,0.519961124401914,179,"tags=64%, list=33%, signal=44%",MYH9/EZR/RASA2/ARHGEF3/CDC42/CAPZB/RASA1/SSH2/EPB41,4627/7430/5922/50650/998/832/5921/85464/2035,Th2 cells,HALLMARK,Monaco_fine
HALLMARK_ANDROGEN_RESPONSE,HALLMARK_ANDROGEN_RESPONSE,12,-0.334614221244499,-0.875655849022686,0.607954545454545,0.759943181818182,0.519961124401914,137,"tags=42%, list=26%, signal=32%",CCND3/IQGAP2/XRCC5/TNFAIP8/RPS6KA3,896/10788/7520/25816/6197,Th2 cells,HALLMARK,Monaco_fine
HALLMARK_PI3K_AKT_MTOR_SIGNALING,HALLMARK_PI3K_AKT_MTOR_SIGNALING,12,-0.303215308319404,-0.793487668442806,0.721590909090909,0.848930481283422,0.580847171404447,36,"tags=33%, list=7%, signal=32%",PFN1/UBE2D3/PRKCB/RPS6KA3,5216/7323/5579/6197,Th2 cells,HALLMARK,Monaco_fine
HALLMARK_ALLOGRAFT_REJECTION,HALLMARK_ALLOGRAFT_REJECTION,28,-0.23118475093106,-0.761305583752851,0.827464788732394,0.91214879303522,0.62410180576094,145,"tags=39%, list=27%, signal=30%",STAT1/CCND3/CD96/ITK/STAT4/PTPRC/HLA-A/CD247/ETS1/PRKCB/LTB,6772/896/10225/3702/6775/5788/3105/919/2113/5579/4050,Th2 cells,HALLMARK,Monaco_fine
HALLMARK_HEME_METABOLISM,HALLMARK_HEME_METABOLISM,11,-0.261253336158509,-0.668089888393879,0.866541353383459,0.91214879303522,0.62410180576094,137,"tags=36%, list=26%, signal=28%",CCND3/USP15/YPEL5/EPB41,896/9958/51646/2035,Th2 cells,HALLMARK,Monaco_fine
HALLMARK_UV_RESPONSE_DN,HALLMARK_UV_RESPONSE_DN,14,-0.214618756150885,-0.583286122028814,0.963249516441006,0.963249516441006,0.65906545861753,72,"tags=64%, list=13%, signal=57%",ATP2B1/PHF3/RUNX1/INPP4B/RASA2/FYN/TGFBR2/CELF2/ATXN1,490/23469/861/8821/5922/2534/7048/10659/6310,Th2 cells,HALLMARK,Monaco_fine
HALLMARK_INTERFERON_GAMMA_RESPONSE,HALLMARK_INTERFERON_GAMMA_RESPONSE,168,-0.636364607461388,-2.99656444869822,1e-10,6.38699336801355e-10,3.97900768361746e-10,2166,"tags=60%, list=20%, signal=49%",CD69/PTPN1/PFKP/RNF31/TRIM14/PIM1/SAMHD1/ZNFX1/IRF4/ST8SIA4/EIF2AK2/TRIM25/JAK2/ISOC1/HLA-G/NFKBIA/CCL5/MT2A/OAS3/ARID5B/TRIM26/IL2RB/RAPGEF6/IFI27/HLA-DMA/RTP4/CD274/LGALS3BP/ZBP1/SP110/TNFAIP3/HLA-B/PTPN6/OGFR/STAT3/NLRC5/ADAR/RBCK1/FAS/VAMP5/RIPK2/VCAM1/DDX60/PARP14/OAS2/HLA-A/NAMPT/GCH1/BST2/CMTR1/B2M/CASP8/LAP3/PSMA3/IFI30/TNFSF10/TAPBP/OASL/CASP3/GPR18/PSMA2/NMI/ICAM1/PELI1/HLA-DQA1/IFIT2/TRAFD1/CIITA/USP18/CASP7/LY6E/CASP4/MTHFD2/ISG20/RNF213/XAF1/APOL6/SAMD9L/CASP1/PLSCR1/PSME1/ISG15/IRF1/CD74/PSMB2/GZMA/ITGB7/PSMB8/PSMB10/PSMB9/CD38/PSME2/HLA-DRB1/IFI35/TAP1/UBE2L6/IRF9/EPSTI1/STAT1/GBP4,969/5770/5214/55072/9830/5292/25939/57169/3662/7903/5610/7706/3717/51015/3135/4792/6352/4502/4940/84159/7726/3560/51735/3429/3108/64108/29126/3959/81030/3431/7128/3106/5777/11054/6774/84166/103/10616/355/10791/8767/7412/55601/54625/4939/3105/10135/2643/684/23070/567/841/51056/5684/10437/8743/6892/8638/836/2841/5683/9111/3383/57162/3117/3433/10906/4261/11274/840/4061/837/10797/3669/57674/54739/80830/219285/834/5359/5720/9636/3659/972/5690/3001/3695/5696/5699/5698/952/5721/3123/3430/6890/9246/10379/94240/6772/115361,Vd2 gd T cells,HALLMARK,Monaco_fine
HALLMARK_G2M_CHECKPOINT,HALLMARK_G2M_CHECKPOINT,161,-0.599445363929209,-2.80301252712135,1e-10,6.38699336801355e-10,3.97900768361746e-10,1515,"tags=40%, list=14%, signal=35%",TLE3/EWSR1/SNRPD1/KPNB1/MAP3K20/MAD2L1/SS18/ATRX/BARD1/BRCA2/RBL1/CDC6/HMGA1/SRSF2/UCK2/HMGN2/AURKA/BCL3/GSPT1/LMNB1/MCM3/PRIM2/UBE2S/NSD2/CHMP1A/PLK4/CDC25B/POLQ/MCM2/PTTG1/RACGAP1/KPNA2/KNL1/CDC7/DDX39A/BUB1/TACC3/CENPE/DR1/CHEK1/STMN1/KIF20B/PRC1/CKS2/CDK1/CDKN3/KIF23/SMC2/TOP2A/TPX2/TFDP1/STIL/MKI67/CHAF1A/GINS2/MCM6/KIF11/CENPF/SMC4/JPT1/E2F3/NUSAP1/NDC80/EZH2,7090/2130/6632/3837/51776/4085/6760/546/580/675/5933/990/3159/6427/7371/3151/6790/602/2935/4001/4172/5558/27338/7468/5119/10733/994/10721/4171/9232/29127/3838/57082/8317/10212/699/10460/1062/1810/1111/3925/9585/9055/1164/983/1033/9493/10592/7153/22974/7027/6491/4288/10036/51659/4175/3832/1063/10051/51155/1871/51203/10403/2146,Vd2 gd T cells,HALLMARK,Monaco_fine
HALLMARK_INTERFERON_ALPHA_RESPONSE,HALLMARK_INTERFERON_ALPHA_RESPONSE,90,-0.644629238166375,-2.76614920666291,1e-10,6.38699336801355e-10,3.97900768361746e-10,970,"tags=52%, list=9%, signal=48%",TRIM26/ELF1/IFI27/RTP4/LGALS3BP/SP110/OGFR/ADAR/RIPK2/GBP2/DDX60/PARP14/HLA-C/CSF1/BST2/CMTR1/B2M/CASP8/TMEM140/LAP3/MVB12A/PSMA3/IFI30/OASL/NMI/IFIT2/TRAFD1/USP18/LY6E/ISG20/SAMD9L/CASP1/PLSCR1/PSME1/ISG15/IRF1/CD74/PSMB8/PSMB9/PSME2/IFI35/TAP1/UBE2L6/IRF9/EPSTI1/PARP9/GBP4,7726/1997/3429/64108/3959/3431/11054/103/8767/2634/55601/54625/3107/1435/684/23070/567/841/55281/51056/93343/5684/10437/8638/9111/3433/10906/11274/4061/3669/219285/834/5359/5720/9636/3659/972/5696/5698/5721/3430/6890/9246/10379/94240/83666/115361,Vd2 gd T cells,HALLMARK,Monaco_fine
HALLMARK_E2F_TARGETS,HALLMARK_E2F_TARGETS,168,-0.58725297158607,-2.76530365833392,1e-10,6.38699336801355e-10,3.97900768361746e-10,1951,"tags=46%, list=18%, signal=39%",SLBP/CIT/CNOT9/TIMELESS/PMS2/DUT/PHF5A/DONSON/NASP/SMC6/ATAD2/CDCA8/CCP110/MCM7/UBR7/ANP32E/EED/MAD2L1/BARD1/BRCA2/MMS22L/NBN/PAICS/HMGA1/XRCC6/SRSF2/HMGB2/SHMT1/CTPS1/AURKA/RFC3/ASF1B/NME1/GSPT1/LMNB1/SNRPB/GINS4/MRE11/WEE1/MCM3/PRIM2/MCM4/UBE2S/PLK4/CDC25B/RPA3/MCM2/PTTG1/RAD51AP1/RACGAP1/UBE2T/KPNA2/TP53/BRCA1/DDX39A/MTHFD2/TACC3/TFRC/AK2/HELLS/CENPE/BUB1B/CHEK1/STMN1/CENPM/DIAPH3/CKS2/CDK1/CDKN3/MELK/RRM2/TOP2A/CDKN2A/MKI67/MCM6/SMC4/JPT1/EZH2,7884/11113/9125/8914/5395/1854/84844/29980/4678/79677/29028/55143/9738/4176/55148/81611/8726/4085/580/675/253714/4683/10606/3159/2547/6427/3148/6470/1503/6790/5983/55723/4830/2935/4001/6628/84296/4361/7465/4172/5558/4173/27338/10733/994/6119/4171/9232/10635/29127/29089/3838/7157/672/10212/10797/10460/7037/204/3070/1062/701/1111/3925/79019/81624/1164/983/1033/9833/6241/7153/1029/4288/4175/10051/51155/2146,Vd2 gd T cells,HALLMARK,Monaco_fine
HALLMARK_OXIDATIVE_PHOSPHORYLATION,HALLMARK_OXIDATIVE_PHOSPHORYLATION,199,-0.565829439625714,-2.73432900361712,1e-10,6.38699336801355e-10,3.97900768361746e-10,2274,"tags=55%, list=21%, signal=45%",COX6B1/DECR1/SDHC/UQCRC1/ACAA1/SDHD/OAT/TIMM13/MRPL34/ATP6V0C/IDH3A/TIMM10/NDUFAB1/UQCR11/UQCRH/MPC1/ATP5F1E/TOMM22/OGDH/PDHB/HSPA9/ATP5PO/ECI1/UQCRQ/PHB2/CYCS/CPT1A/NDUFS2/PRDX3/ATP5MG/BDH2/ATP5F1A/NDUFB2/ATP5F1B/IDH3G/ATP5PF/NDUFB1/ATP6V1E1/AIFM1/ATP6V1F/HADHB/NDUFS3/UQCR10/ATP5PD/ACAT1/ATP6V0E1/NDUFB4/COX6A1/NDUFB7/NDUFA3/BAX/ATP5F1D/NDUFB5/MRPS15/MRPS12/TIMM8B/ETFDH/FH/ATP5F1C/SLC25A11/ETFA/CYC1/VDAC1/NDUFV1/SLC25A12/UQCRC2/ATP6V0B/NDUFA6/NDUFA2/MRPL11/MDH1/GPI/MRPL15/COX7A2/COX5B/COX6C/NDUFA8/SUCLG1/ATP5MC3/NDUFA1/TCIRG1/ACO2/ATP5MF/COX7B/NDUFS7/COX8A/NDUFA7/ATP5PB/SLC25A3/LDHA/NDUFV2/LDHB/ATP6V1D/NDUFS6/COX17/HSD17B10/ATP6V1H/SLC25A5/MDH2/NDUFS8/NDUFB3/COX15/CASP7/ACAA2/SLC25A6/UQCRFS1/NDUFB6/PHYH/COX5A/IDH2,1340/1666/6391/7384/30/6392/4942/26517/64981/527/3419/26519/4706/10975/7388/51660/514/56993/4967/5162/3313/539/1632/27089/11331/54205/1374/4720/10935/10632/56898/498/4708/506/3421/522/4707/529/9131/9296/3032/4722/29796/10476/38/8992/4710/1337/4713/4696/581/513/4711/64960/6183/26521/2110/2271/509/8402/2108/1537/7416/4723/8604/7385/533/4700/4695/65003/4190/2821/29088/1347/1329/1345/4702/8802/518/4694/10312/50/9551/1349/374291/1351/4701/515/5250/3939/4729/3945/51382/4726/10063/3028/51606/292/4191/4728/4709/1355/840/10449/293/7386/4712/5264/9377/3418,Vd2 gd T cells,HALLMARK,Monaco_fine
HALLMARK_MYC_TARGETS_V1,HALLMARK_MYC_TARGETS_V1,192,-0.510412495275648,-2.446835581808,1e-10,6.38699336801355e-10,3.97900768361746e-10,2723,"tags=48%, list=25%, signal=37%",PPIA/NHP2/HNRNPC/IFRD1/ODC1/RNPS1/SNRPB2/NPM1/PCNA/DDX21/RANBP1/PSMA7/CANX/MCM5/HSPD1/EIF4H/SNRPA1/DEK/EIF3J/MRPL9/SNRPD2/NDUFAB1/PRPS2/APEX1/DUT/EIF4G2/PABPC1/PSMD7/EIF4A1/RRM1/RPLP0/PHB2/SRSF3/PRDX3/CCT7/HNRNPA1/YWHAE/SNRPD1/MCM7/KPNB1/LSM7/ERH/HNRNPA2B1/MAD2L1/PSMD14/GNL3/PWP1/SET/PSMA1/YWHAQ/XRCC6/SRSF2/CYC1/HNRNPR/VDAC1/PSMD8/SERBP1/HDDC2/STARD7/CTPS1/TUFM/LSM2/NME1/PRPF31/GSPT1/MRPL23/PPM1G/MCM4/PGK1/HPRT1/SLC25A3/MCM2/SRM/LDHA/PSMA2/SNRPG/ETF1/PSMD1/KPNA2/ILF2/HNRNPA3/PSMD3/CCT3/TYMS/PSMC4/UBE2L3/PSMA4/TFDP1/COX5A/PSMB3/PSMB2/MCM6/PSMA6,5478/55651/3183/3475/4953/10921/6629/4869/5111/9188/5902/5688/821/4174/3329/7458/6627/7913/8669/65005/6633/4706/5634/328/1854/1982/26986/5713/1973/6240/6175/11331/6428/10935/10574/3178/7531/6632/4176/3837/51690/2079/3181/4085/10213/26354/11137/6418/5682/10971/2547/6427/1537/10236/7416/5714/26135/51020/56910/1503/7284/57819/4830/26121/2935/6150/5496/4173/5230/3251/5250/4171/6723/3939/5683/6637/2107/5707/3838/3608/220988/5709/7203/7298/5704/7332/5685/7027/9377/5691/5690/4175/5687,Vd2 gd T cells,HALLMARK,Monaco_fine
HALLMARK_ALLOGRAFT_REJECTION,HALLMARK_ALLOGRAFT_REJECTION,146,-0.525115447645224,-2.42878648180358,1e-10,6.38699336801355e-10,3.97900768361746e-10,2128,"tags=44%, list=19%, signal=36%",PTPRC/UBE2D1/IRF4/RPS9/ST8SIA4/EIF3J/JAK2/FYB1/PRF1/ITGB2/HLA-G/CXCL13/CCL5/IL2RB/CD247/MAP4K1/HLA-DMA/GPR65/CD7/PTPN6/GALNT1/CD8A/CD8B/CCR1/SIT1/FAS/TRAT1/RIPK2/GBP2/CSF1/HLA-A/FASLG/UBE2N/BCL3/NME1/B2M/HLA-DMB/IL12RB1/LCK/IL2RG/TAPBP/EIF4G3/HCLS1/HLA-DRA/ICAM1/HLA-DQA1/CCR5/HLA-E/BRCA1/CD3G/SRGN/IL10/CSK/CTSS/AKT1/CDKN2A/CD74/CD3D/GZMA/GZMB/PSMB10/TAP1/TAP2/STAT1,5788/7321/3662/6203/7903/8669/3717/2533/5551/3689/3135/10563/6352/3560/919/11184/3108/8477/924/5777/2589/925/926/1230/27240/355/50852/8767/2634/1435/3105/356/7334/602/4830/567/3109/3594/3932/3561/6892/8672/3059/3122/3383/3117/1234/3133/672/917/5552/3586/1445/1520/207/1029/972/915/3001/3002/5699/6890/6891/6772,Vd2 gd T cells,HALLMARK,Monaco_fine
HALLMARK_MTORC1_SIGNALING,HALLMARK_MTORC1_SIGNALING,183,-0.466268002796218,-2.21358157789466,1.04277442743078e-10,6.38699336801355e-10,3.97900768361746e-10,2491,"tags=44%, list=22%, signal=34%",PFKL/EBP/SLC7A5/PSPH/INSIG1/PSME3/CCT6A/SLC2A3/PRDX1/CANX/SLA/TUBG1/HSPD1/PDAP1/PNO1/MLLT11/HMBS/ITGB2/HSPA4/PHGDH/GLRX/NFIL3/HSPA9/DDIT4/TOMM40/ARPC5L/SORD/TUBA4A/GOT1/G6PD/PSMD14/ACTR3/ACLY/TCEA1/GSR/DHFR/GLA/HSP90B1/UBE2D3/CYB5B/GPI/ATP2A2/NAMPT/ELOVL5/AURKA/ACTR2/ENO1/PSMA3/NFKBIB/IFI30/RPN1/MCM4/PGK1/HPRT1/TPI1/ELOVL6/MCM2/LDHA/ATP6V1D/ETF1/GAPDH/HSPA5/PSMD13/SDF2L1/DDX39A/BUB1/BTG2/MTHFD2/TFRC/PSMC4/PPA1/SHMT2/CTSC/PSMA4/CORO1A/RRM2/PSAT1/CALR/PIK3R3/SLC1A4,5211/10682/8140/5723/3638/10197/908/6515/5052/821/6503/7283/3329/11333/56902/10962/3145/3689/3308/26227/2745/4783/3313/54541/10452/81873/6652/7277/2805/2539/10213/10096/47/6917/2936/1719/2717/7184/7323/80777/2821/488/10135/60481/6790/10097/2023/5684/4793/10437/6184/4173/5230/3251/7167/79071/4171/3939/51382/2107/2597/3309/5719/23753/10212/699/7832/10797/7037/5704/5464/6472/1075/5685/11151/6241/29968/811/8503/6509,Vd2 gd T cells,HALLMARK,Monaco_fine
HALLMARK_ADIPOGENESIS,HALLMARK_ADIPOGENESIS,160,-0.375926687776181,-1.75949675300455,6.68841175462037e-05,0.000364146862195998,0.000226858410390632,2274,"tags=36%, list=21%, signal=29%",DECR1/SDHC/UQCRC1/MTCH2/IDH3A/SCARB1/PPP1R15B/NDUFAB1/UQCR11/PPM1B/ATP5PO/MGLL/UQCRQ/PRDX3/DGAT1/IDH3G/AIFM1/NDUFS3/UQCR10/REEP5/STOM/PDCD4/TST/COX6A1/NDUFB7/ACLY/RIOK3/PEX14/SOD1/CYC1/SLC66A3/ARAF/CCNG2/ESRRA/SQOR/MRPL15/SLC19A1/SUCLG1/COQ5/ACO2/SCP2/GHITM/TALDO1/COX7B/COX8A/CHUK/ELOVL6/DDT/DNAJC15/UBC/MDH2/ACAA2/STAT5A/ATP1B3/PHYH/AK2/CHCHD10/UCP2,1666/6391/7384/23788/3419/949/84919/4706/10975/5495/539/11343/27089/10935/8694/3421/9131/4722/29796/7905/2040/27250/7263/1337/4713/47/8780/5195/6647/1537/130814/369/901/2101/58472/29088/6573/8802/84274/50/6342/27069/6888/1349/1351/1147/79071/1652/29103/7316/4191/10449/6776/483/5264/204/400916/7351,Vd2 gd T cells,HALLMARK,Monaco_fine
HALLMARK_DNA_REPAIR,HALLMARK_DNA_REPAIR,139,-0.373825958457934,-1.71763768243606,0.000167715026934578,0.000821803631979434,0.000511972187484503,3011,"tags=43%, list=27%, signal=32%",CANT1/ERCC2/NME3/TMED2/TSG101/NELFE/GMPR2/MPC2/POLD4/AGO4/SEC61A1/SF3A3/SDCBP/ERCC1/RPA2/POLE4/PCNA/RFC5/TAF9/POLR2F/ARL6IP1/AK1/POLR2E/CSTF3/TAF13/NT5C3A/RFC2/APRT/GTF3C5/DUT/SUPT4H1/POLR2I/POLB/FEN1/POLR2J/GTF2B/VPS28/POLR2G/POLR2H/DGCR8/ADRM1/POLA1/VPS37B/ITPA/RFC3/NME1/GUK1/POLR2A/MPG/TAF12/HPRT1/RBX1/RPA3/HCLS1/TAF10/COX17/TP53/ADA/TYMS/ALYREF,124583/2068/4832/10959/7251/7936/51292/25874/57804/192670/29927/10946/6386/2067/6118/56655/5111/5985/6880/5435/23204/203/5434/1479/6884/51251/5982/353/9328/1854/6827/5438/5423/2237/5439/2959/51160/5436/5437/54487/11047/5422/79720/3704/5983/4830/2987/5430/4350/6883/3251/9978/6119/3059/6881/10063/7157/100/7298/10189,Vd2 gd T cells,HALLMARK,Monaco_fine
HALLMARK_UV_RESPONSE_UP,HALLMARK_UV_RESPONSE_UP,112,-0.402398284482727,-1.79161972889689,0.000190387329253177,0.000848089012127787,0.000528347612281543,2533,"tags=39%, list=23%, signal=31%",STK25/GLS/SELENOW/DDX21/STARD3/BID/ACAA1/PPIF/PDAP1/IL6ST/NFKBIA/PPAT/NXF1/TUBA4A/DGAT1/FEN1/ATP6V1F/TST/NAT1/PSMC3/BSG/POLR2H/BTG3/FURIN/HLA-F/GGH/CYB5B/RAB27A/GCH1/MRPL23/UROD/RPN1/CASP3/ICAM1/AP2S1/ARRB2/BTG2/TFRC/CLTB/ATF3/BAK1/IRF1/TAP1/BCL2L11,10494/2744/6415/9188/10948/637/30/10105/11333/3572/4792/5471/10482/7277/8694/2237/9296/7263/9/5702/682/5437/10950/5045/3134/8836/80777/5873/2643/6150/7389/6184/836/3383/1175/409/7832/7037/1212/467/578/3659/6890/10018,Vd2 gd T cells,HALLMARK,Monaco_fine
HALLMARK_APOPTOSIS,HALLMARK_APOPTOSIS,126,-0.368859702022385,-1.66785233469547,0.000867617392684214,0.00354277102012721,0.00220709687612651,1170,"tags=23%, list=11%, signal=21%",BAX/BTG3/GSR/SOD1/HMGB2/FAS/DNAJC3/FASLG/GCH1/MCL1/CASP8/PMAIP1/WEE1/TNFSF10/CDC25B/CASP3/ETF1/CASP7/BRCA1/CASP4/BTG2/ISG20/ATF3/CASP1/TOP2A/IRF1/CD38/TAP1/BCL2L11,581/10950/2936/6647/3148/355/5611/356/2643/4170/841/5366/7465/8743/994/836/2107/840/672/837/7832/3669/467/834/7153/3659/952/6890/10018,Vd2 gd T cells,HALLMARK,Monaco_fine
HALLMARK_PI3K_AKT_MTOR_SIGNALING,HALLMARK_PI3K_AKT_MTOR_SIGNALING,91,-0.397860706397544,-1.71041469950671,0.0017190050775545,0.00647932683078236,0.00403653014162596,996,"tags=22%, list=9%, signal=20%",HSP90B1/UBE2D3/FASLG/ACTR2/UBE2N/PRKAG1/NFKBIB/LCK/IL2RG/CFL1/CSNK2B/ARHGDIA/ARPC3/PIN1/PFN1/CDK1/CALR/PIK3R3/AKT1/PPP1CA,7184/7323/356/10097/7334/5571/4793/3932/3561/1072/1460/396/10094/5300/5216/983/811/8503/207/5499,Vd2 gd T cells,HALLMARK,Monaco_fine
HALLMARK_MITOTIC_SPINDLE,HALLMARK_MITOTIC_SPINDLE,165,-0.327137256859725,-1.53554207823961,0.00201529097803729,0.00705351842313053,0.00439424348594598,784,"tags=26%, list=7%, signal=25%",GEMIN4/MAP3K11/EZR/FBXO5/CEP131/RANBP9/RAPGEF6/TUBA4A/BIN1/YWHAE/ARF6/RAB3GAP1/BRCA2/PCNT/MYH9/ARFIP2/MAPRE1/AKAP13/AURKA/PIF1/LMNB1/NET1/RACGAP1/CLIP1/PLEKHG2/CAPZB/BUB1/ARHGDIA/CENPE/MARK4/KIF20B/PRC1/CDK1/ECT2/KIF23/TOP2A/TPX2/KIF11/CENPF/SMC4/NUSAP1/NDC80/BCL2L11,50628/4296/7430/26271/22994/10048/51735/7277/274/7531/382/22930/675/5116/4627/23647/22919/11214/6790/80119/4001/10276/29127/6249/64857/832/699/396/1062/57787/9585/9055/983/1894/9493/7153/22974/3832/1063/10051/51203/10403/10018,Vd2 gd T cells,HALLMARK,Monaco_fine
HALLMARK_TNFA_SIGNALING_VIA_NFKB,HALLMARK_TNFA_SIGNALING_VIA_NFKB,150,-0.329853127342479,-1.53583064295588,0.00279128104688462,0.00911818475315642,0.00568050177962484,2662,"tags=41%, list=24%, signal=31%",BIRC3/CCNL1/B4GALT1/SLC2A6/ZFP36/TANK/NR4A2/NFKB1/IL15RA/SLC2A3/ZC3H12A/DUSP2/SDC4/CD69/NFKB2/CFLAR/SPSB1/IL6ST/CCRL2/NFKBIA/CCL5/RCAN1/NFIL3/BIRC2/PLEK/TNFRSF9/REL/CCL20/NINJ1/NR4A3/TRAF1/TNFAIP3/TNIP2/TNFSF9/RELB/BTG3/RIPK2/FOSL2/NFAT5/LITAF/CSF1/KLF4/MXD1/NAMPT/GCH1/BCL3/MCL1/SLC16A6/DUSP5/CD83/ICAM1/IFIT2/STAT5A/BTG2/CEBPD/GEM/BCL2A1/ATF3/DUSP4/IRF1/TAP1,330/57018/2683/11182/7538/10010/4929/4790/3601/6515/80149/1844/6385/969/4791/8837/80176/3572/9034/4792/6352/1827/4783/329/5341/3604/5966/6364/4814/8013/7185/7128/79155/8744/5971/10950/8767/2355/10725/9516/1435/9314/4084/10135/2643/602/4170/9120/1847/9308/3383/3433/6776/7832/1052/2669/597/467/1846/3659/6890,Vd2 gd T cells,HALLMARK,Monaco_fine
HALLMARK_COMPLEMENT,HALLMARK_COMPLEMENT,127,-0.333953589597065,-1.51578337542583,0.00319645273848037,0.00978913651159613,0.00609849535631123,2514,"tags=34%, list=23%, signal=26%",STX4/CTSB/APOBEC3G/LIPA/CASP10/IRF2/CSRP1/PIM1/CALM3/ANXA5/JAK2/ERAP2/ADAM9/GATA3/CCL5/PLEK/GNAI2/F8/TNFAIP3/APOBEC3F/SIRT6/MSRB1/GZMK/RHOG/PIK3CG/CTSD/LAP3/DUSP5/LCK/CASP3/HSPA5/CASP7/CASP4/PPP4C/PFN1/CTSC/CASP1/PLSCR1/CTSS/IRF1/GZMA/GZMB/PSMB9,6810/1508/60489/3988/843/3660/1465/5292/808/308/3717/64167/8754/2625/6352/5341/2771/2157/7128/200316/51548/51734/3003/391/5294/1509/51056/1847/3932/836/3309/840/837/5531/5216/1075/834/5359/1520/3659/3001/3002/5698,Vd2 gd T cells,HALLMARK,Monaco_fine
HALLMARK_ESTROGEN_RESPONSE_LATE,HALLMARK_ESTROGEN_RESPONSE_LATE,107,-0.34702557598845,-1.52372452085387,0.00630294511405508,0.0181673123875705,0.0113179819385509,2272,"tags=36%, list=21%, signal=29%",DUSP2/PPIF/RABEP1/BAG1/METTL3/SCARB1/JAK2/IL6ST/SORD/NCOR2/XRCC3/PDCD4/TST/RBBP8/PTPN6/ABHD2/DNAJC1/CDC6/BTG3/GLA/TMPRSS3/SLC2A8/KLF4/ELOVL5/COX6C/KCNK5/SLC27A2/HPRT1/PLK4/CLIC3/BATF/FABP5/ISG20/TOP2A/STIL/SLC1A4/GINS2/IDH2,1844/10105/9135/573/56339/949/3717/3572/6652/9612/7517/27250/7263/5932/5777/11057/64215/990/10950/2717/64699/29988/9314/60481/1345/8645/11001/3251/10733/9022/10538/2171/3669/7153/6491/6509/51659/3418,Vd2 gd T cells,HALLMARK,Monaco_fine
HALLMARK_UNFOLDED_PROTEIN_RESPONSE,HALLMARK_UNFOLDED_PROTEIN_RESPONSE,100,-0.348991025790499,-1.518164500709,0.00708154879790589,0.0192775495054105,0.0120096441601913,1752,"tags=28%, list=16%, signal=24%",GEMIN4/SPCS1/EIF4A3/SPCS3/EIF4A1/HSPA9/EIF4G1/DDIT4/EXOSC1/SLC30A5/DDX10/YIF1A/HERPUD1/HSP90B1/DNAJC3/PDIA6/CNOT2/POP4/HSPA5/ATP6V0D1/DNAJA4/LSM1/MTHFD2/HYOU1/ATF3/PSAT1/CALR/SLC1A4,50628/28972/9775/60559/1973/3313/1981/54541/51013/64924/1662/10897/9709/7184/5611/10130/4848/10775/3309/9114/55466/27257/10797/10525/467/29968/811/6509,Vd2 gd T cells,HALLMARK,Monaco_fine
HALLMARK_INFLAMMATORY_RESPONSE,HALLMARK_INFLAMMATORY_RESPONSE,103,-0.335689432007577,-1.47684948536679,0.0142407130203316,0.0367260493682236,0.0228798159329427,2044,"tags=34%, list=18%, signal=28%",EIF2AK2/NMUR1/RGS1/CCRL2/NFKBIA/LTA/CCL5/SLC31A1/IL2RB/TNFRSF9/CCL20/RTP4/CD70/TNFSF9/ADRM1/RIPK2/RHOG/CSF1/ATP2A2/MXD1/NAMPT/GCH1/BST2/C3AR1/LCK/TNFSF10/TAPBP/NMI/ICAM1/TNFRSF1B/LY6E/BTG2/IL10/IRF1/CXCR6,5610/10316/5996/9034/4792/4049/6352/1317/3560/3604/6364/64108/970/8744/11047/8767/391/1435/488/4084/10135/2643/684/719/3932/8743/6892/9111/3383/7133/4061/7832/3586/3659/10663,Vd2 gd T cells,HALLMARK,Monaco_fine
HALLMARK_IL6_JAK_STAT3_SIGNALING,HALLMARK_IL6_JAK_STAT3_SIGNALING,55,-0.362385482417333,-1.39914978550643,0.0400229616114044,0.0980562559479407,0.0610876782489856,1220,"tags=35%, list=11%, signal=31%",PTPN1/PIM1/IL6ST/CXCL13/PTPN11/ITGA4/TYK2/STAT3/CCR1/FAS/CSF1/IL12RB1/IL2RG/TNFRSF1B/BAK1/IRF1/CD38/IRF9/STAT1,5770/5292/3572/10563/5781/3676/7297/6774/1230/355/1435/3594/3561/7133/578/3659/952/10379/6772,Vd2 gd T cells,HALLMARK,Monaco_fine
HALLMARK_GLYCOLYSIS,HALLMARK_GLYCOLYSIS,124,-0.285314184566295,-1.28960757455658,0.0577734404226694,0.129550582930513,0.080708204188719,1778,"tags=26%, list=16%, signal=22%",GLRX/MIF/FUT8/DDIT4/HDLBP/NASP/GMPPA/GOT1/G6PD/BPNT1/IDUA/SOD1/GUSB/RBCK1/COPB2/PGAM1/MDH1/GMPPB/AURKA/ENO1/TALDO1/PGK1/TPI1/LDHA/HSPA5/MDH2/ISG20/TXN/PSMC4/STMN1/CLN6/CDK1,2745/4282/2530/54541/3069/4678/29926/2805/2539/10380/3425/6647/2990/10616/9276/5223/4190/29925/6790/2023/6888/5230/7167/3939/3309/4191/3669/7295/5704/3925/54982/983,Vd2 gd T cells,HALLMARK,Monaco_fine
HALLMARK_FATTY_ACID_METABOLISM,HALLMARK_FATTY_ACID_METABOLISM,123,-0.28474920484043,-1.28493493569346,0.0581655678463527,0.129550582930513,0.080708204188719,2274,"tags=28%, list=21%, signal=22%",DECR1/SDHC/ACAA1/SDHD/ACSL4/ACSL5/APEX1/PDHB/MIF/ECI1/MGLL/CPT1A/IDH3G/HADHB/GSTZ1/NBN/ETFDH/FH/OSTC/TP53INP2/NTHL1/MDH1/ELOVL5/BLVRA/SUCLG1/ACO2/UROD/UROS/LDHA/HSD17B10/MDH2/ACAA2/PSME1/UBE2L6,1666/6391/30/6392/2182/51703/328/5162/4282/1632/11343/1374/3421/3032/2954/4683/2110/2271/58505/58476/4913/4190/60481/644/8802/50/7389/7390/3939/3028/4191/10449/5720/9246,Vd2 gd T cells,HALLMARK,Monaco_fine
HALLMARK_SPERMATOGENESIS,HALLMARK_SPERMATOGENESIS,56,-0.321573875871455,-1.24278784729838,0.142191142191142,0.288439716312057,0.179693915640164,1271,"tags=20%, list=11%, signal=17%",NCAPH/BRAF/MAP7/AURKA/TALDO1/IL12RB2/BUB1/TOPBP1/CDK1/CDKN3/EZH2,23397/673/9053/6790/6888/3595/699/11073/983/1033/2146,Vd2 gd T cells,HALLMARK,Monaco_fine
HALLMARK_MYOGENESIS,HALLMARK_MYOGENESIS,79,0.299966947862147,1.21704889184512,0.147163120567376,0.288439716312057,0.179693915640164,2906,"tags=38%, list=26%, signal=28%",MYH3/PDE4DIP/NAV2/BHLHE40/FHL1/GNAO1/SCD/KIFC3/ADCY9/MAPRE3/CNN3/COL6A2/WWTR1/KLF5/SORBS3/CRAT/HDAC5/AGL/PTGIS/MEF2C/PRNP/PTP4A3/MYH11/NCAM1/APP/CLU/ABLIM1/CHRNA1/IGFBP3/MEF2A,4621/9659/89797/8553/2273/2775/6319/3801/115/22924/1266/1292/25937/688/10174/1384/10014/178/5740/4208/5621/11156/4629/4684/351/1191/3983/1134/3486/4205,Vd2 gd T cells,HALLMARK,Monaco_fine
HALLMARK_ESTROGEN_RESPONSE_EARLY,HALLMARK_ESTROGEN_RESPONSE_EARLY,115,0.271041083335885,1.18945708775791,0.136602451838879,0.288439716312057,0.179693915640164,2554,"tags=30%, list=23%, signal=24%",EGR3/SNX24/AQP3/NAV2/RETREG1/MYBL1/BHLHE40/ADCY9/BCL2/ABCA3/NRIP1/TJP3/NXT1/UGCG/SEC14L2/DYNLT3/BLVRB/KRT18/FCMR/CLDN7/DHRS3/AKAP1/AFF1/SLC26A2/INPP5F/CHPT1/GAB2/PDZK1/ELF3/ENDOD1/AMFR/FKBP4/SLC24A3/MICB/PEX11A,1960/28966/360/89797/54463/4603/8553/115/596/21/8204/27134/29107/7357/23541/6990/645/3875/9214/1366/9249/8165/4299/1836/22876/56994/9846/5174/1999/23052/267/2288/57419/4277/8800,Vd2 gd T cells,HALLMARK,Monaco_fine
HALLMARK_UV_RESPONSE_DN,HALLMARK_UV_RESPONSE_DN,91,0.276067027706471,1.16780353767268,0.178200692041523,0.335839765770562,0.209223484583164,1841,"tags=22%, list=17%, signal=18%",NR1D2/DBP/PHF3/FBLN5/ARHGEF9/BHLHE40/SCAF8/ACVR2A/PRKCA/WDR37/CDC42BPA/VAV2/TGFBR3/DUSP1/AKT3/BMPR1A/PDLIM5/ID1/NIPBL/NOTCH2,9975/1628/23469/10516/23229/8553/22828/92/5578/22884/8476/7410/7049/1843/10000/657/10611/3397/25836/4853,Vd2 gd T cells,HALLMARK,Monaco_fine
HALLMARK_REACTIVE_OXYGEN_SPECIES_PATHWAY,HALLMARK_REACTIVE_OXYGEN_SPECIES_PATHWAY,46,-0.312566537930022,-1.14957690784846,0.247058823529412,0.432352941176471,0.269349845201238,3089,"tags=46%, list=28%, signal=33%",PRDX2/FES/PRDX6/ERCC2/TXNRD2/LSP1/STK25/PRDX1/PFKP/SBNO2/GLRX/NDUFS2/OXSR1/G6PD/NDUFB4/GSR/SOD1/NDUFA6/SRXN1/LAMTOR5/TXN,7001/2242/9588/2068/10587/4046/10494/5052/5214/22904/2745/4720/9943/2539/4710/2936/6647/4700/140809/10542/7295,Vd2 gd T cells,HALLMARK,Monaco_fine
HALLMARK_EPITHELIAL_MESENCHYMAL_TRANSITION,HALLMARK_EPITHELIAL_MESENCHYMAL_TRANSITION,66,0.2879751068093,1.13833715058801,0.24486301369863,0.432352941176471,0.269349845201238,3132,"tags=39%, list=28%, signal=28%",ITGA5/NT5E/FBLN5/TPM1/CALU/TNFRSF12A/ENO2/EMP3/COL6A2/TGFBR3/SGCB/NOTCH2/CD59/PCOLCE/PLAUR/FUCA1/ANPEP/TIMP1/TGFBI/IGFBP3/COLGALT1/LAMA3/PMEPA1/DST/VIM/GADD45B,3678/4907/10516/7168/813/51330/2026/2014/1292/7049/6443/4853/966/5118/5329/2517/290/7076/7045/3486/79709/3909/56937/667/7431/4616,Vd2 gd T cells,HALLMARK,Monaco_fine
HALLMARK_TGF_BETA_SIGNALING,HALLMARK_TGF_BETA_SIGNALING,45,0.313274044788975,1.12836475117522,0.263716814159292,0.445590479096735,0.277596646483465,1720,"tags=33%, list=16%, signal=28%",TGFBR1/TGIF1/SMURF1/MAP3K7/ID3/FNTA/WWTR1/IFNGR2/SMURF2/BMPR1A/BMPR2/BCAR3/SKI/ID1/CDKN1C,7046/7050/57154/6885/3399/2339/25937/3460/64750/657/659/8412/6497/3397/1028,Vd2 gd T cells,HALLMARK,Monaco_fine
HALLMARK_APICAL_JUNCTION,HALLMARK_APICAL_JUNCTION,109,-0.248462135611762,-1.09211320081251,0.282352941176471,0.461176470588235,0.287306501547988,2655,"tags=34%, list=24%, signal=26%",MSN/B4GALT1/ACTN4/STX4/INSIG1/VASP/INPPL1/TUBG1/PTPRC/FYB1/RSU1/ADAM9/EXOC4/ITGA2/GAMT/MYL12B/PARD6G/CD274/GNAI2/TRAF1/MAP3K20/MYH9/ZYX/VCAM1/NEXN/ATP1A3/RAC2/LIMA1/ICAM1/CNN2/EVL/ACTG1/ARPC2/PFN1/ACTB/CAP1/PIK3R3,4478/2683/81/6810/3638/7408/3636/7283/5788/2533/6251/8754/60412/3673/2593/103910/84552/29126/2771/7185/51776/4627/7791/7412/91624/478/5880/51474/3383/1265/51466/71/10109/5216/60/10487/8503,Vd2 gd T cells,HALLMARK,Monaco_fine
HALLMARK_P53_PATHWAY,HALLMARK_P53_PATHWAY,153,-0.228552740079956,-1.06609684496693,0.293453724604966,0.463846209859463,0.288969711835111,1548,"tags=16%, list=14%, signal=14%",EPS8L2/NINJ1/HEXIM1/CCP110/STOM/TNFSF9/IP6K2/BAX/DEF6/FAS/KLF4/MXD1/CTSD/IFI30/LDHB/MXD4/TRAFD1/TP53/ADA/BTG2/ATF3/CASP1/BAK1/CDKN2A/TAP1,64787/4814/10614/9738/2040/8744/51447/581/50619/355/9314/4084/1509/10437/3945/10608/10906/7157/100/7832/467/834/578/1029/6890,Vd2 gd T cells,HALLMARK,Monaco_fine
HALLMARK_HEDGEHOG_SIGNALING,HALLMARK_HEDGEHOG_SIGNALING,14,0.412291529772547,1.12383177835546,0.311475409836066,0.476946721311475,0.297131147540984,883,"tags=21%, list=8%, signal=20%",PTCH1/DPYSL2/CDK5R1,5727/1808/8851,Vd2 gd T cells,HALLMARK,Monaco_fine
HALLMARK_NOTCH_SIGNALING,HALLMARK_NOTCH_SIGNALING,20,0.360029366974961,1.07116849510974,0.360507246376812,0.501970055161545,0.312720335116752,2413,"tags=40%, list=22%, signal=31%",DTX1/PRKCA/CUL1/ARRB1/LFNG/NOTCH2/SAP30/FBXW11,1840/5578/8454/408/3955/4853/8819/23291,Vd2 gd T cells,HALLMARK,Monaco_fine
HALLMARK_WNT_BETA_CATENIN_SIGNALING,HALLMARK_WNT_BETA_CATENIN_SIGNALING,27,0.328324020147341,1.0627126241933,0.353463587921847,0.501970055161545,0.312720335116752,1622,"tags=30%, list=15%, signal=25%",PTCH1/CSNK1E/CUL1/NKD1/ADAM17/WNT1/HDAC5/TCF7,5727/1454/8454/85407/6868/7471/10014/6932,Vd2 gd T cells,HALLMARK,Monaco_fine
HALLMARK_PEROXISOME,HALLMARK_PEROXISOME,82,-0.2525944685535,-1.05645273538167,0.345238095238095,0.501970055161545,0.312720335116752,2310,"tags=24%, list=21%, signal=19%",PRDX1/ACAA1/ACSL4/FIS1/ACSL5/ISOC1/GSTK1/PABPC1/SLC25A19/PRDX5/ITGB1BP1/PEX14/SOD1/CTPS1/ELOVL5/SCP2/SLC27A2/CLN6/TOP2A/IDH2,5052/30/2182/51024/51703/51015/373156/26986/60386/25824/9270/5195/6647/1503/60481/6342/11001/54982/7153/3418,Vd2 gd T cells,HALLMARK,Monaco_fine
HALLMARK_CHOLESTEROL_HOMEOSTASIS,HALLMARK_CHOLESTEROL_HOMEOSTASIS,62,-0.265361535266562,-1.04929706994109,0.368794326241135,0.501970055161545,0.312720335116752,609,"tags=11%, list=5%, signal=11%",PMVK/FABP5/ACTG1/TP53INP1/ATF3/PLSCR1/FBXO6,10654/2171/71/94241/467/5359/26270,Vd2 gd T cells,HALLMARK,Monaco_fine
HALLMARK_XENOBIOTIC_METABOLISM,HALLMARK_XENOBIOTIC_METABOLISM,110,-0.228581751035325,-1.00880896764004,0.441860465116279,0.578039927404719,0.3601108033241,1211,"tags=15%, list=11%, signal=14%",SLC35B1/ETFDH/GSS/GSR/FAS/ATP2A2/ELOVL5/GCH1/ACO2/GSTO1/HPRT1/DDT/ACP2/LPIN2/MTHFD1/SHMT2/PSMB10,10237/2110/2937/2936/355/488/60481/2643/50/9446/3251/1652/53/9663/4522/6472/5699,Vd2 gd T cells,HALLMARK,Monaco_fine
HALLMARK_BILE_ACID_METABOLISM,HALLMARK_BILE_ACID_METABOLISM,65,0.251409816918047,0.989768037897969,0.448275862068966,0.578039927404719,0.3601108033241,2647,"tags=32%, list=24%, signal=25%",NR3C2/ABCA5/FADS1/PEX12/PEX1/ABCA3/EFHC1/FADS2/ABCD3/HACL1/EPHX2/LIPE/BCAR3/PAOX/AMACR/DHCR24/GCLM/SLC27A5/PEX11A/HSD17B11/PECR,4306/23461/3992/5193/5189/21/114327/9415/5825/26061/2053/3991/8412/196743/23600/1718/2730/10998/8800/51170/55825,Vd2 gd T cells,HALLMARK,Monaco_fine
HALLMARK_MYC_TARGETS_V2,HALLMARK_MYC_TARGETS_V2,54,-0.259893429432774,-0.999592878357421,0.460280373831776,0.57830098250659,0.360273437007328,2488,"tags=24%, list=22%, signal=19%",NPM1/DUSP2/MCM5/NIP7/HSPD1/SORD/GNL3/RABEPK/SLC19A1/MCM4/PLK4/SRM/NOC4L,4869/1844/4174/51388/3329/6652/26354/10244/6573/4173/10733/6723/79050,Vd2 gd T cells,HALLMARK,Monaco_fine
HALLMARK_HYPOXIA,HALLMARK_HYPOXIA,122,-0.209866580491783,-0.944192262389876,0.609090909090909,0.746136363636364,0.464832535885168,2506,"tags=28%, list=23%, signal=22%",GRHPR/PFKL/ZFP36/SLC2A3/SDC4/ETS1/GCNT2/PFKP/PIM1/LXN/SCARB1/GLRX/MIF/NFIL3/MT2A/DDIT4/NOCT/HDLBP/PRDX5/TPST2/TNFAIP3/MYH9/FOSL2/CCNG2/NDST2/GPI/ENO1/PGK1/TPI1/LDHA/GAPDH/HSPA5/ISG20/ATF3,9380/5211/7538/6515/6385/2113/2651/5214/5292/56925/949/2745/4282/4783/4502/54541/25819/3069/25824/8459/7128/4627/2355/901/8509/2821/2023/5230/7167/3939/2597/3309/3669/467,Vd2 gd T cells,HALLMARK,Monaco_fine
HALLMARK_IL2_STAT5_SIGNALING,HALLMARK_IL2_STAT5_SIGNALING,148,0.206328391153456,0.929475641222625,0.658318425760286,0.768038163387001,0.478477051304469,1751,"tags=21%, list=16%, signal=18%",SERPINB6/NT5E/IL2RA/ITGA6/SWAP70/SNX14/EMP1/PTCH1/BHLHE40/DENND5A/BCL2/CSF2/MYO1E/CD48/IL18R1/HUWE1/TWSG1/ICOS/FLT3LG/UMPS/IL4R/CCND3/ARL4A/CYFIP1/BMPR2/AGER/AHR/DHRS3/CDKN1C/IGF2R/AMACR,5269/4907/3559/3655/23075/57231/2012/5727/8553/23258/596/1437/4643/962/8809/10075/57045/29851/2323/7372/3566/896/10124/23191/659/177/196/9249/1028/3482/23600,Vd2 gd T cells,HALLMARK,Monaco_fine
HALLMARK_HEME_METABOLISM,HALLMARK_HEME_METABOLISM,135,0.20729925210085,0.926777046848201,0.64323374340949,0.768038163387001,0.478477051304469,2911,"tags=32%, list=26%, signal=24%",MXI1/TRAK2/DCAF10/MFHAS1/SLC25A37/VEZF1/ACSL6/AQP3/ALDH6A1/MKRN1/DMTN/FOXJ2/MINPP1/NFE2L1/CCND3/BLVRB/CPOX/MPP1/SLC10A3/LRP10/BMP2K/EPB41/FOXO3/RHCE/XPO7/UBAC1/BTRC/SLC11A2/GCLM/KAT2B/KDM7A/ENDOD1/CAST/ATP6V0A1/ERMAP/MGST3/CLCN3/HAGH/SLC30A1/SLC25A38/USP15/BNIP3L/ADD1,4601/66008/79269/9258/51312/7716/23305/360/4329/23608/2039/55810/9562/4779/896/645/1371/4354/8273/26020/55589/2035/2309/6006/23039/10422/8945/4891/2730/8850/80853/23052/831/535/114625/4259/1182/3029/7779/54977/9958/665/118,Vd2 gd T cells,HALLMARK,Monaco_fine
HALLMARK_KRAS_SIGNALING_UP,HALLMARK_KRAS_SIGNALING_UP,97,-0.208315567265876,-0.90122101351527,0.677725118483412,0.772291414085749,0.481126767099607,2232,"tags=27%, list=20%, signal=22%",DNMBP/RBM4/ETS1/LAPTM5/ITGB2/CBX8/GLRX/CBR4/ITGA2/MAP4K1/LCP1/CCL20/PRDM1/TRAF1/TNFAIP3/ADAM8/MAP7/KLF4/USP12/C3AR1/GYPC/IL2RG/TNFRSF1B/TRIB2/CTSS/PSMB8,23268/5936/2113/7805/3689/57332/2745/84869/3673/11184/3936/6364/639/7185/7128/101/9053/9314/219333/719/2995/3561/7133/28951/1520/5696,Vd2 gd T cells,HALLMARK,Monaco_fine
HALLMARK_APICAL_SURFACE,HALLMARK_APICAL_SURFACE,25,-0.257342768152587,-0.830185307908278,0.734234234234234,0.817669942669943,0.509396956765378,1851,"tags=24%, list=17%, signal=20%",GATA3/CD160/IL2RB/AFAP1L2/IL2RG/BRCA1,2625/11126/3560/84632/3561/672,Vd2 gd T cells,HALLMARK,Monaco_fine
HALLMARK_KRAS_SIGNALING_DN,HALLMARK_KRAS_SIGNALING_DN,55,0.21216288203309,0.79938078140366,0.829824561403509,0.893888719975677,0.556880190747468,3081,"tags=36%, list=28%, signal=26%",PLAG1/RYR2/PRKN/SLC16A7/FGGY/SNN/LFNG/SLC29A3/CAMK1D/NR6A1/CLSTN3/CDKAL1/KMT2D/SKIL/RSAD2/SIDT1/CD40LG/MAST3/DTNB/C5,5324/6262/5071/9194/55277/8303/3955/55315/57118/2649/9746/54901/8085/6498/91543/54847/959/23031/1838/727,Vd2 gd T cells,HALLMARK,Monaco_fine
HALLMARK_COAGULATION,HALLMARK_COAGULATION,51,0.211629917571683,0.788415506261866,0.839160839160839,0.893888719975677,0.556880190747468,2148,"tags=22%, list=19%, signal=17%",CD9/CASP9/CPQ/ANXA1/CTSO/F12/DPP4/LTA4H/RABIF/DUSP14/ISCU,928/842/10404/301/1519/2161/1803/4048/5877/11072/23479,Vd2 gd T cells,HALLMARK,Monaco_fine
HALLMARK_PANCREAS_BETA_CELLS,HALLMARK_PANCREAS_BETA_CELLS,10,0.275410938718956,0.674243738727826,0.875,0.912234042553191,0.568309070548712,1455,"tags=20%, list=13%, signal=17%",DPP4/AKT3,1803/10000,Vd2 gd T cells,HALLMARK,Monaco_fine
HALLMARK_PROTEIN_SECRETION,HALLMARK_PROTEIN_SECRETION,89,-0.176574712180264,-0.756691037375794,0.922897196261682,0.942124221183801,0.586930234464666,1498,"tags=16%, list=14%, signal=14%",NAPA/ANP32E/DNM1L/RER1/AP3B1/SOD1/GLA/COPB2/STAM/COPE/ATP6V1H/AP2S1/CLTA/CTSC,8775/81611/10059/11079/8546/6647/2717/9276/8027/11316/51606/1175/1211/1075,Vd2 gd T cells,HALLMARK,Monaco_fine
HALLMARK_ANDROGEN_RESPONSE,HALLMARK_ANDROGEN_RESPONSE,82,-0.174929168596024,-0.731624883631089,0.959523809523809,0.959523809523809,0.597769935041686,2445,"tags=26%, list=22%, signal=20%",SEC24D/INSIG1/ELK4/STK39/ZMIZ1/LMAN1/ABCC4/SPCS3/ARID5B/SORD/ABHD2/MAP7/GSR/ADRM1/XRCC6/ELOVL5/DBI/MAF/B2M/CENPN/AKT1,9871/3638/2005/27347/57178/3998/10257/60559/84159/6652/11057/9053/2936/11047/2547/60481/1622/4094/567/55839/207,Vd2 gd T cells,HALLMARK,Monaco_fine
